,transaction_id,transaction_date,item,category,menu_id,qty,price,total_spent,payment method,order type
0,SUN-34332,2024-09-01,Strawberry_Mojito_Mocktail,drinks,DRK-06,2,27000,54000,credit card,dine in
1,SUN-41442,2024-01-16,Classic_Beef_Burger,food,FOD-05,3,40000,120000,unknown,take away
2,SUN-38312,2024-09-24,Butter Croissant,desserts,DST-01,4,45000,180000,credit card,online shop
3,unknown,2024-09-25,Nasi Goreng Kampung Premium,food,unknown,4,32000,128000,credit card,take away
4,SUN-37749,2024-02-10,Creamy Spaghetti Carbonara,food,FOD-03,1,38000,38000,credit card,online shop
5,SUN-32905,2024-02-02,Classic_Beef_Burger,food,FOD-05,1,40000,40000,digital wallet,take away
6,SUN-48007,2024-02-09,Strawberry_Mojito_Mocktail,drinks,DRK-06,4,27000,108000,digital wallet,online shop
7,SUN-46487,2024-02-09,Cinnamon Roll,desserts,DST-04,4,35000,140000,unknown,dine in
8,SUN-32245,2024-08-03,Iced_Aren_Latte,nan,nan,1,25000,25000,cash,dine in
9,SUN-36761,2024-08-21,Tiramisu Tres Leches,desserts,DST-05,2,unknown,44000,cash,dine in
10,unknown,2024-01-08,Hot_Americano,drinks,DRK-02,4,22000,88000,credit card,dine in
11,SUN-43697,2024-11-05,Butter Croissant,desserts,DST-01,2,45000,90000,digital wallet,online shop
12,SUN-42430,2024-06-30,Truffle Fries & Sausage,food,FOD-01,2,10000,20000,digital wallet,take away
13,SUN-36747,2024-04-04,Fudgy Brownie With Ice Cream,desserts,DST-02,4,missing,72000,digital wallet,dine in
14,SUN-34197,2024-03-28,Mineral_Water,drinks,DRK-07,2,26000,52000,credit card,online shop
15,SUN-31510,2024-07-04,Strawberry_Mojito_Mocktail,drinks,DRK-06,2,27000,54000,nan,dine in
16,SUN-39397,2024-11-26,Classic_Beef_Burger,nan,FOD-05,error,40000,120000,credit card,dine in
17,SUN-33321,2024-10-07,Grilled Chicken Mentai Rice,food,FOD-04,3,42000,126000,digital wallet,online shop
18,SUN-48747,2024-12-09,Lotus Biscoff Cheesecake,nan,DST-03,1,25000,25000,credit card,online shop
19,SUN-30539,2024-03-08,missing,drinks,DRK-05,1,24000,24000,error,take away
20,SUN-34445,missing,Creamy Spaghetti Carbonara,food,FOD-03,4,nan,152000,nan,online shop
21,missing,2024-05-30,Iced_Aren_Latte,drinks,DRK-01,4,25000,100000,cash,online shop
22,SUN-30033,2024-02-13,Fudgy Brownie With Ice Cream,desserts,DST-02,4,18000,72000,nan,online shop
23,SUN-33922,2024-08-05,Creamy Spaghetti Carbonara,food,FOD-03,3,38000,114000,cash,online shop
24,SUN-43255,2024-02-12,missing,food,FOD-03,4,nan,152000,cash,take away
25,SUN-45737,2024-10-15,Truffle Fries & Sausage,food,FOD-01,2,10000,20000,cash,unknown
26,SUN-36187,2024-01-28,Hot_Americano,drinks,DRK-02,2,nan,44000,credit card,online shop
27,SUN-31068,2024-07-28,Iced_Aren_Latte,drinks,DRK-01,4,nan,100000,credit card,online shop
28,SUN-32739,2024-07-02,Nasi Goreng Kampung Premium,food,FOD-02,1,32000,32000,digital wallet,unknown
29,nan,2024-02-23,Fudgy Brownie With Ice Cream,desserts,DST-02,2,18000,36000,credit card,take away
30,SUN-49327,2024-11-28,Cinnamon Roll,desserts,DST-04,1,35000,35000,cash,online shop
31,SUN-43428,2024-10-30,Grilled Chicken Mentai Rice,food,FOD-04,missing,42000,84000,cash,dine in
32,SUN-47748,2024-08-31,Nasi Goreng Kampung Premium,food,FOD-02,4,32000,128000,cash,dine in
33,SUN-39829,2024-10-23,Truffle Fries & Sausage,error,FOD-01,1,missing,10000,digital wallet,take away
34,SUN-35566,2024-06-18,Earl_Grey_Milk_Tea,drinks,DRK-04,2,24000,48000,digital wallet,online shop
35,SUN-39440,2024-09-21,missing,drinks,DRK-07,2,error,52000,credit card,dine in
36,SUN-36372,2024-05-24,Earl_Grey_Milk_Tea,drinks,DRK-04,4,24000,96000,cash,unknown
37,unknown,2024-09-25,Lemonade_Espresso_Tonic,drinks,DRK-05,1,24000,unknown,error,online shop
38,SUN-41323,2024-08-14,Classic_Beef_Burger,food,FOD-05,3,40000,120000,credit card,online shop
39,SUN-36585,2024-06-15,missing,desserts,DST-01,2,45000,90000,cash,take away
40,SUN-32462,2024-07-01,Tiramisu Tres Leches,desserts,DST-05,1,22000,22000,credit card,unknown
41,SUN-45547,2024-08-25,Fudgy Brownie With Ice Cream,desserts,DST-02,4,18000,72000,missing,online shop
42,SUN-42618,2024-03-20,Creamy Spaghetti Carbonara,food,FOD-03,1,38000,38000,digital wallet,take away
43,SUN-33869,2024-12-31,Cinnamon Roll,desserts,DST-04,2,35000,error,cash,nan
44,SUN-44305,2024-02-23,Iced_Aren_Latte,drinks,DRK-01,missing,25000,50000,error,take away
45,SUN-42487,2024-12-22,Lemonade_Espresso_Tonic,drinks,DRK-05,2,missing,48000,credit card,nan
46,SUN-36614,2024-10-14,Cinnamon Roll,desserts,DST-04,missing,35000,35000,cash,take away
47,SUN-44936,2024-03-09,Matcha_Berry_Latte,drinks,DRK-03,4,unknown,missing,digital wallet,error
48,SUN-30531,2024-03-26,Truffle Fries & Sausage,food,FOD-01,3,10000,30000,cash,unknown
49,SUN-48601,2024-08-21,unknown,food,FOD-02,4,32000,128000,cash,take away
50,unknown,2024-03-18,unknown,food,FOD-03,1,38000,38000,cash,online shop
51,SUN-30970,2024-11-13,Earl_Grey_Milk_Tea,drinks,DRK-04,error,24000,72000,cash,dine in
52,SUN-35751,2024-11-08,Truffle Fries & Sausage,food,FOD-01,2,10000,20000,digital wallet,online shop
53,SUN-40800,2024-01-23,Lemonade_Espresso_Tonic,drinks,DRK-05,3,24000,72000,credit card,take away
54,SUN-30234,2024-08-27,Strawberry_Mojito_Mocktail,missing,DRK-06,4,missing,108000,digital wallet,dine in
55,SUN-31906,2024-07-29,missing,drinks,DRK-07,2,26000,52000,credit card,take away
56,SUN-32403,2024-06-09,Nasi Goreng Kampung Premium,food,missing,3,32000,96000,cash,take away
57,SUN-47730,2024-02-12,Iced_Aren_Latte,drinks,DRK-01,1,25000,25000,digital wallet,online shop
58,SUN-41239,2024-02-19,Matcha_Berry_Latte,drinks,DRK-03,2,28000,56000,cash,error
59,nan,2024-03-08,Grilled Chicken Mentai Rice,missing,FOD-04,4,42000,168000,cash,take away
60,SUN-46160,2024-02-05,missing,desserts,DST-04,2,35000,70000,cash,dine in
61,SUN-31117,2024-05-11,Cinnamon Roll,desserts,DST-04,3,35000,105000,cash,dine in
62,SUN-40906,2024-04-05,Truffle Fries & Sausage,food,FOD-01,2,10000,20000,digital wallet,error
63,SUN-31984,2024-07-22,Grilled Chicken Mentai Rice,unknown,FOD-04,missing,42000,42000,cash,take away
64,SUN-31630,2024-04-18,Lotus Biscoff Cheesecake,desserts,DST-03,2,25000,unknown,digital wallet,online shop
65,SUN-39153,2024-07-17,Iced_Aren_Latte,drinks,DRK-01,3,25000,75000,digital wallet,online shop
66,SUN-47417,2024-03-27,Hot_Americano,drinks,DRK-02,2,22000,missing,cash,online shop
67,SUN-45498,2024-07-03,Fudgy Brownie With Ice Cream,desserts,DST-02,4,18000,unknown,digital wallet,online shop
68,SUN-47445,2024-03-04,Earl_Grey_Milk_Tea,drinks,DRK-04,2,24000,48000,credit card,take away
69,SUN-42320,2024-12-16,Iced_Aren_Latte,drinks,DRK-01,3,25000,75000,cash,dine in
70,unknown,2024-09-14,Fudgy Brownie With Ice Cream,unknown,DST-02,4,18000,72000,digital wallet,dine in
71,SUN-36634,2024-07-05,Mineral_Water,drinks,DRK-07,4,26000,104000,digital wallet,missing
72,SUN-38991,2024-06-11,nan,drinks,DRK-07,2,26000,52000,credit card,take away
73,SUN-41936,2024-09-25,Matcha_Berry_Latte,drinks,DRK-03,1,28000,28000,digital wallet,take away
74,missing,2024-09-27,Butter Croissant,desserts,DST-01,3,45000,135000,cash,dine in
75,SUN-45959,2024-05-02,Classic_Beef_Burger,food,error,nan,40000,120000,digital wallet,take away
76,SUN-46056,2024-01-05,Truffle Fries & Sausage,food,unknown,4,10000,40000,nan,take away
77,SUN-48429,2024-09-29,Fudgy Brownie With Ice Cream,desserts,DST-02,2,18000,36000,error,online shop
78,SUN-42400,2024-06-18,Nasi Goreng Kampung Premium,food,FOD-02,2,32000,64000,credit card,take away
79,SUN-32766,2024-09-30,Classic_Beef_Burger,food,FOD-05,1,40000,nan,digital wallet,online shop
80,SUN-39201,2024-03-23,Butter Croissant,desserts,DST-01,2,45000,nan,credit card,dine in
81,SUN-46860,2024-09-02,Classic_Beef_Burger,food,FOD-05,3,40000,120000,missing,take away
82,SUN-30316,2024-06-17,Lemonade_Espresso_Tonic,drinks,DRK-05,4,24000,error,digital wallet,nan
83,SUN-42958,2024-10-03,unknown,food,FOD-01,4,10000,40000,credit card,unknown
84,SUN-45415,2024-06-20,Truffle Fries & Sausage,unknown,FOD-01,1,10000,10000,cash,online shop
85,SUN-40726,2024-07-28,Fudgy Brownie With Ice Cream,desserts,DST-02,error,18000,54000,credit card,take away
86,SUN-49439,2024-11-21,Lemonade_Espresso_Tonic,drinks,DRK-05,nan,24000,96000,credit card,online shop
87,SUN-38815,2024-11-09,Tiramisu Tres Leches,desserts,DST-05,error,22000,44000,credit card,take away
88,SUN-41846,2024-07-19,Iced_Aren_Latte,drinks,DRK-01,2,25000,50000,cash,dine in
89,SUN-40216,2024-10-31,Fudgy Brownie With Ice Cream,desserts,DST-02,4,18000,missing,credit card,dine in
90,SUN-30881,2024-07-25,Grilled Chicken Mentai Rice,food,FOD-04,3,42000,126000,cash,online shop
91,SUN-39174,2024-02-05,Truffle Fries & Sausage,food,FOD-01,3,10000,30000,credit card,dine in
92,SUN-37649,2024-09-01,Grilled Chicken Mentai Rice,food,FOD-04,3,42000,126000,credit card,online shop
93,SUN-43413,2024-06-13,Iced_Aren_Latte,drinks,DRK-01,3,25000,75000,cash,take away
94,SUN-38086,2024-02-18,Butter Croissant,desserts,DST-01,nan,45000,180000,cash,online shop
95,SUN-48240,2024-02-14,Hot_Americano,drinks,DRK-02,4,unknown,88000,error,take away
96,SUN-48115,2024-04-30,nan,unknown,FOD-03,1,38000,38000,cash,take away
97,SUN-34737,2024-12-13,error,drinks,DRK-02,1,error,22000,missing,dine in
98,SUN-41984,2024-05-03,Matcha_Berry_Latte,drinks,DRK-03,error,28000,84000,digital wallet,online shop
99,SUN-30041,2024-06-08,Butter Croissant,desserts,DST-01,4,45000,180000,digital wallet,take away
100,SUN-30639,2024-10-20,Truffle Fries & Sausage,food,FOD-01,1,10000,error,digital wallet,nan
101,SUN-30515,2024-03-21,Matcha_Berry_Latte,drinks,DRK-03,3,missing,missing,credit card,dine in
102,SUN-48937,2024-11-23,Grilled Chicken Mentai Rice,food,FOD-04,4,42000,168000,cash,online shop
103,SUN-48233,2024-11-02,Iced_Aren_Latte,drinks,DRK-01,4,25000,100000,digital wallet,online shop
104,SUN-44539,2024-02-24,Creamy Spaghetti Carbonara,food,FOD-03,4,38000,152000,credit card,dine in
105,SUN-48576,2024-02-01,Mineral_Water,nan,DRK-07,1,missing,26000,digital wallet,online shop
106,SUN-48056,2024-03-04,Matcha_Berry_Latte,drinks,DRK-03,unknown,28000,84000,credit card,dine in
107,missing,2024-02-26,Truffle Fries & Sausage,food,FOD-01,4,10000,40000,cash,take away
108,SUN-41084,2024-11-19,Truffle Fries & Sausage,food,FOD-01,2,10000,20000,cash,dine in
109,SUN-41649,2024-09-05,Tiramisu Tres Leches,error,DST-05,1,22000,22000,digital wallet,online shop
110,SUN-35678,2024-01-13,Cinnamon Roll,unknown,DST-04,2,35000,70000,credit card,take away
111,SUN-41704,2024-07-04,Strawberry_Mojito_Mocktail,drinks,DRK-06,1,27000,27000,error,take away
112,SUN-31355,2024-01-12,Grilled Chicken Mentai Rice,missing,FOD-04,1,42000,42000,digital wallet,online shop
113,SUN-38078,2024-04-07,Tiramisu Tres Leches,desserts,DST-05,4,22000,88000,cash,take away
114,SUN-39011,2024-04-29,Strawberry_Mojito_Mocktail,drinks,DRK-06,3,unknown,81000,nan,error
115,SUN-36756,2024-07-29,Fudgy Brownie With Ice Cream,desserts,DST-02,4,18000,error,credit card,online shop
116,SUN-41009,2024-09-29,Hot_Americano,drinks,DRK-02,4,22000,88000,cash,nan
117,SUN-48664,2024-03-16,Grilled Chicken Mentai Rice,food,FOD-04,4,42000,168000,credit card,unknown
118,SUN-40743,2024-07-24,Iced_Aren_Latte,drinks,DRK-01,2,25000,50000,cash,dine in
119,SUN-40606,2024-04-23,Truffle Fries & Sausage,food,FOD-01,2,10000,20000,unknown,take away
120,SUN-30154,2024-08-10,unknown,drinks,DRK-01,3,25000,75000,credit card,nan
121,SUN-35504,2024-08-11,Lotus Biscoff Cheesecake,desserts,DST-03,2,missing,nan,digital wallet,online shop
122,SUN-44139,2024-05-30,Fudgy Brownie With Ice Cream,desserts,DST-02,4,18000,unknown,nan,take away
123,SUN-43144,2024-11-19,Classic_Beef_Burger,food,FOD-05,1,40000,40000,digital wallet,online shop
124,SUN-49509,2024-10-27,Mineral_Water,drinks,DRK-07,4,26000,missing,credit card,take away
125,error,2024-09-14,Fudgy Brownie With Ice Cream,desserts,DST-02,3,18000,54000,digital wallet,online shop
126,SUN-35628,2024-10-08,Cinnamon Roll,desserts,DST-04,2,35000,70000,cash,take away
127,SUN-43673,2024-08-23,Creamy Spaghetti Carbonara,food,FOD-03,3,38000,114000,cash,take away
128,SUN-34678,2024-05-17,Matcha_Berry_Latte,drinks,DRK-03,nan,28000,56000,digital wallet,nan
129,SUN-35448,2024-09-30,Truffle Fries & Sausage,food,FOD-01,4,10000,40000,digital wallet,online shop
130,SUN-41145,2024-05-30,Strawberry_Mojito_Mocktail,drinks,DRK-06,4,27000,108000,credit card,dine in
131,unknown,2024-05-18,Lemonade_Espresso_Tonic,drinks,DRK-05,2,24000,48000,digital wallet,take away
132,SUN-42483,2024-09-01,missing,drinks,DRK-06,2,27000,54000,cash,online shop
133,SUN-39638,2024-12-25,Nasi Goreng Kampung Premium,food,FOD-02,1,32000,32000,digital wallet,online shop
134,SUN-40370,2024-06-25,Fudgy Brownie With Ice Cream,desserts,DST-02,3,nan,54000,credit card,error
135,SUN-47223,2024-08-11,Cinnamon Roll,desserts,DST-04,3,unknown,105000,credit card,take away
136,SUN-31478,2024-01-15,Fudgy Brownie With Ice Cream,desserts,DST-02,4,18000,72000,cash,dine in
137,error,2024-04-04,Nasi Goreng Kampung Premium,food,FOD-02,4,32000,128000,cash,nan
138,SUN-32091,2024-04-22,Lotus Biscoff Cheesecake,desserts,DST-03,4,25000,100000,credit card,dine in
139,SUN-49665,2024-01-14,Fudgy Brownie With Ice Cream,desserts,DST-02,4,18000,72000,credit card,dine in
140,SUN-35337,2024-12-28,Tiramisu Tres Leches,desserts,nan,4,22000,88000,credit card,online shop
141,SUN-41613,2024-02-10,Grilled Chicken Mentai Rice,food,FOD-04,1,42000,42000,credit card,nan
142,SUN-46356,2024-02-22,Fudgy Brownie With Ice Cream,desserts,DST-02,1,nan,18000,nan,dine in
143,SUN-46524,2024-03-13,Earl_Grey_Milk_Tea,drinks,DRK-04,2,24000,48000,digital wallet,online shop
144,SUN-38495,2024-08-17,Matcha_Berry_Latte,drinks,DRK-03,2,28000,56000,unknown,dine in
145,SUN-43174,2024-09-25,unknown,desserts,DST-03,4,25000,100000,credit card,dine in
146,SUN-43790,2024-04-23,missing,desserts,DST-03,4,25000,missing,unknown,dine in
147,SUN-44734,2024-10-25,Iced_Aren_Latte,drinks,DRK-01,2,25000,50000,cash,online shop
148,nan,2024-06-22,Classic_Beef_Burger,food,FOD-05,3,40000,error,missing,online shop
149,SUN-47908,2024-12-04,Earl_Grey_Milk_Tea,drinks,DRK-04,3,24000,72000,digital wallet,online shop
150,SUN-42346,2024-05-08,Hot_Americano,drinks,missing,4,22000,88000,cash,unknown
151,SUN-36258,2024-08-23,Matcha_Berry_Latte,drinks,DRK-03,missing,28000,28000,cash,dine in
152,SUN-48812,2024-10-19,Tiramisu Tres Leches,error,DST-05,2,22000,44000,credit card,take away
153,SUN-45923,2024-04-18,Iced_Aren_Latte,drinks,missing,missing,25000,75000,credit card,missing
154,SUN-30570,2024-05-10,unknown,unknown,FOD-04,2,42000,84000,error,nan
155,SUN-48536,2024-11-03,Nasi Goreng Kampung Premium,food,FOD-02,4,32000,nan,digital wallet,dine in
156,SUN-35034,2024-05-12,Fudgy Brownie With Ice Cream,desserts,DST-02,4,18000,72000,credit card,online shop
157,SUN-49780,2024-12-14,Earl_Grey_Milk_Tea,drinks,DRK-04,4,24000,96000,credit card,nan
158,nan,2024-06-02,Iced_Aren_Latte,drinks,DRK-01,2,unknown,50000,cash,dine in
159,SUN-32916,2024-09-12,Nasi Goreng Kampung Premium,food,FOD-02,4,missing,128000,credit card,take away
160,SUN-42523,2024-04-11,Fudgy Brownie With Ice Cream,desserts,DST-02,1,18000,18000,error,take away
161,SUN-35624,2024-01-27,Cinnamon Roll,desserts,unknown,3,35000,error,missing,online shop
162,SUN-33842,2024-07-10,Creamy Spaghetti Carbonara,food,FOD-03,error,38000,error,digital wallet,online shop
163,SUN-38493,2024-05-30,Iced_Aren_Latte,missing,DRK-01,1,25000,25000,cash,dine in
164,missing,2024-07-29,Butter Croissant,desserts,DST-01,3,45000,135000,digital wallet,error
165,SUN-37616,2024-04-01,Grilled Chicken Mentai Rice,food,FOD-04,4,42000,168000,cash,nan
166,SUN-43446,2024-12-22,missing,desserts,DST-01,4,45000,180000,cash,missing
167,SUN-48749,2024-12-09,Cinnamon Roll,desserts,DST-04,unknown,35000,35000,cash,online shop
168,SUN-34376,2024-11-27,Lotus Biscoff Cheesecake,nan,DST-03,4,25000,100000,missing,take away
169,SUN-30502,2024-10-23,Classic_Beef_Burger,food,FOD-05,4,unknown,160000,credit card,online shop
170,SUN-47387,2024-09-14,Truffle Fries & Sausage,missing,FOD-01,2,10000,20000,unknown,online shop
171,SUN-47929,2024-01-26,Earl_Grey_Milk_Tea,unknown,DRK-04,1,24000,24000,credit card,dine in
172,SUN-49346,2024-11-14,Cinnamon Roll,desserts,DST-04,4,35000,140000,nan,dine in
173,SUN-31697,2024-08-11,Lotus Biscoff Cheesecake,desserts,DST-03,4,unknown,100000,nan,take away
174,SUN-39183,2024-03-22,Matcha_Berry_Latte,drinks,error,2,28000,56000,cash,error
175,SUN-48750,2024-12-26,unknown,drinks,DRK-05,1,24000,24000,cash,online shop
176,SUN-49898,2024-12-29,Lemonade_Espresso_Tonic,drinks,DRK-05,error,24000,24000,digital wallet,online shop
177,SUN-48425,2024-07-10,Iced_Aren_Latte,drinks,DRK-01,2,25000,50000,credit card,dine in
178,SUN-34468,2024-05-02,Earl_Grey_Milk_Tea,drinks,DRK-04,4,24000,96000,digital wallet,online shop
179,SUN-39645,2024-11-21,Strawberry_Mojito_Mocktail,drinks,DRK-06,2,27000,54000,digital wallet,dine in
180,SUN-33820,2024-03-01,missing,error,DRK-07,1,26000,26000,credit card,dine in
181,SUN-33484,2024-10-24,Cinnamon Roll,desserts,DST-04,3,35000,105000,digital wallet,take away
182,SUN-40879,2024-12-21,Truffle Fries & Sausage,food,FOD-01,3,nan,30000,credit card,online shop
183,SUN-33829,2024-06-21,Strawberry_Mojito_Mocktail,drinks,DRK-06,1,27000,27000,credit card,online shop
184,SUN-31376,2024-01-23,nan,desserts,DST-04,3,35000,105000,error,online shop
185,SUN-35188,2024-06-10,Iced_Aren_Latte,drinks,DRK-01,2,25000,50000,digital wallet,dine in
186,SUN-44954,2024-10-02,Grilled Chicken Mentai Rice,food,missing,3,42000,126000,cash,dine in
187,SUN-46978,2024-02-29,unknown,food,FOD-04,1,42000,42000,cash,error
188,SUN-45656,2024-01-24,Matcha_Berry_Latte,drinks,DRK-03,3,missing,84000,credit card,take away
189,SUN-40814,2024-05-09,Matcha_Berry_Latte,drinks,DRK-03,2,28000,56000,credit card,take away
190,SUN-46946,2024-06-30,missing,drinks,DRK-05,nan,24000,72000,digital wallet,dine in
191,SUN-47496,2024-03-11,nan,drinks,DRK-01,2,25000,50000,credit card,dine in
192,SUN-49033,2024-08-15,missing,unknown,DST-03,3,25000,75000,credit card,online shop
193,SUN-45093,2024-11-05,Truffle Fries & Sausage,food,FOD-01,unknown,10000,missing,digital wallet,take away
194,SUN-37601,2024-01-28,Earl_Grey_Milk_Tea,error,DRK-04,2,24000,48000,digital wallet,dine in
195,SUN-49354,2024-08-08,Mineral_Water,drinks,DRK-07,3,26000,78000,cash,online shop
196,SUN-49923,2024-07-29,Creamy Spaghetti Carbonara,food,FOD-03,4,38000,152000,credit card,dine in
197,SUN-43227,2024-12-08,Grilled Chicken Mentai Rice,nan,FOD-04,2,42000,84000,cash,dine in
198,SUN-37973,2024-01-17,Fudgy Brownie With Ice Cream,unknown,DST-02,1,18000,unknown,credit card,error
199,missing,2024-05-30,error,drinks,DRK-07,error,26000,78000,credit card,online shop
200,error,2024-06-21,Mineral_Water,drinks,DRK-07,3,26000,78000,credit card,error
201,SUN-40938,2024-09-13,Tiramisu Tres Leches,desserts,DST-05,3,22000,66000,digital wallet,online shop
202,SUN-47511,2024-08-26,Tiramisu Tres Leches,nan,DST-05,1,unknown,22000,credit card,online shop
203,SUN-44785,2024-10-31,Butter Croissant,unknown,DST-01,2,45000,90000,credit card,dine in
204,SUN-41788,2024-12-28,Creamy Spaghetti Carbonara,error,FOD-03,4,38000,152000,credit card,dine in
205,SUN-37158,2024-01-05,Iced_Aren_Latte,nan,DRK-01,4,25000,100000,digital wallet,dine in
206,SUN-35133,2024-11-21,Tiramisu Tres Leches,desserts,DST-05,2,unknown,nan,digital wallet,online shop
207,missing,2024-04-28,nan,error,FOD-03,3,38000,114000,cash,take away
208,SUN-43969,2024-02-14,Tiramisu Tres Leches,desserts,DST-05,1,22000,22000,error,take away
209,SUN-34345,2024-06-08,nan,desserts,DST-04,unknown,35000,140000,digital wallet,online shop
210,SUN-36732,2024-01-15,Grilled Chicken Mentai Rice,food,FOD-04,2,error,84000,cash,dine in
211,SUN-48532,2024-12-05,Lemonade_Espresso_Tonic,drinks,error,2,24000,48000,digital wallet,dine in
212,SUN-43460,2024-06-17,Lotus Biscoff Cheesecake,desserts,DST-03,4,25000,100000,cash,online shop
213,nan,2024-11-14,nan,desserts,DST-03,3,25000,error,credit card,unknown
214,SUN-30635,2024-11-06,Earl_Grey_Milk_Tea,unknown,DRK-04,4,24000,96000,digital wallet,take away
215,SUN-46895,2024-01-31,Tiramisu Tres Leches,desserts,DST-05,1,22000,22000,cash,take away
216,nan,2024-04-01,Lotus Biscoff Cheesecake,desserts,DST-03,4,25000,100000,digital wallet,dine in
217,SUN-40657,2024-12-15,Cinnamon Roll,desserts,DST-04,4,35000,140000,digital wallet,online shop
218,unknown,2024-01-16,Truffle Fries & Sausage,food,FOD-01,1,10000,10000,credit card,take away
219,SUN-41012,2024-08-17,Lotus Biscoff Cheesecake,desserts,DST-03,1,25000,25000,credit card,online shop
220,SUN-34893,2024-02-20,Fudgy Brownie With Ice Cream,desserts,DST-02,1,nan,18000,cash,online shop
221,SUN-44143,2024-01-27,Cinnamon Roll,desserts,DST-04,error,35000,70000,digital wallet,online shop
222,unknown,2024-12-16,Lotus Biscoff Cheesecake,error,DST-03,2,25000,50000,credit card,dine in
223,SUN-40481,2024-09-09,Butter Croissant,desserts,DST-01,1,45000,45000,unknown,dine in
224,SUN-44827,2024-03-17,Strawberry_Mojito_Mocktail,drinks,DRK-06,4,27000,108000,credit card,take away
225,SUN-38969,2024-11-09,Butter Croissant,desserts,DST-01,2,45000,90000,error,take away
226,SUN-35683,2024-10-08,Butter Croissant,desserts,DST-01,4,nan,180000,digital wallet,dine in
227,SUN-32375,2024-04-04,Butter Croissant,desserts,DST-01,4,45000,error,cash,online shop
228,SUN-47450,2024-01-02,Truffle Fries & Sausage,food,FOD-01,1,10000,10000,cash,take away
229,missing,2024-04-28,Truffle Fries & Sausage,food,FOD-01,3,unknown,30000,cash,online shop
230,SUN-48820,2024-10-04,error,food,FOD-05,4,40000,nan,cash,take away
231,SUN-49200,2024-04-11,error,desserts,DST-01,1,45000,45000,cash,take away
232,SUN-37653,2024-09-09,Mineral_Water,drinks,DRK-07,nan,26000,26000,digital wallet,missing
233,SUN-48852,2024-09-14,unknown,desserts,DST-05,2,22000,44000,digital wallet,unknown
234,SUN-31274,2024-09-27,error,drinks,DRK-06,error,27000,error,credit card,dine in
235,SUN-30939,2024-09-19,Matcha_Berry_Latte,drinks,DRK-03,2,28000,56000,digital wallet,error
236,SUN-30602,2024-04-15,Hot_Americano,drinks,unknown,2,22000,44000,credit card,unknown
237,unknown,unknown,Classic_Beef_Burger,food,FOD-05,3,unknown,120000,cash,online shop
238,SUN-33325,2024-09-06,error,drinks,nan,3,27000,81000,credit card,online shop
239,SUN-41914,2024-12-03,Creamy Spaghetti Carbonara,missing,FOD-03,2,38000,76000,missing,unknown
240,SUN-43189,2024-03-06,nan,unknown,FOD-05,1,40000,40000,digital wallet,online shop
241,SUN-31974,2024-03-07,Hot_Americano,drinks,DRK-02,3,unknown,66000,credit card,take away
242,SUN-34857,2024-05-07,Iced_Aren_Latte,drinks,DRK-01,2,25000,50000,digital wallet,online shop
243,missing,2024-09-16,Truffle Fries & Sausage,food,FOD-01,nan,10000,40000,digital wallet,take away
244,SUN-41164,2024-01-11,Iced_Aren_Latte,unknown,DRK-01,missing,25000,75000,digital wallet,error
245,SUN-38667,2024-08-24,Matcha_Berry_Latte,drinks,DRK-03,3,28000,84000,cash,take away
246,SUN-43055,2024-10-16,Earl_Grey_Milk_Tea,drinks,DRK-04,3,missing,72000,cash,nan
247,SUN-32596,2024-04-06,Mineral_Water,drinks,error,2,26000,52000,credit card,dine in
248,SUN-36452,2024-08-31,Butter Croissant,desserts,DST-01,2,45000,90000,cash,take away
249,SUN-34252,2024-12-22,Truffle Fries & Sausage,food,FOD-01,2,10000,20000,nan,take away
250,SUN-40584,2024-08-04,Mineral_Water,drinks,DRK-07,3,26000,missing,cash,dine in
251,SUN-30366,2024-06-23,missing,desserts,DST-04,2,35000,70000,digital wallet,dine in
252,SUN-42476,2024-08-23,error,desserts,DST-05,1,22000,nan,digital wallet,online shop
253,SUN-34602,2024-12-13,Mineral_Water,drinks,DRK-07,1,26000,26000,credit card,dine in
254,SUN-45151,2024-06-28,Fudgy Brownie With Ice Cream,desserts,DST-02,1,18000,18000,cash,missing
255,SUN-44010,2024-12-21,Lemonade_Espresso_Tonic,drinks,DRK-05,1,24000,24000,cash,take away
256,SUN-32412,2024-06-15,Matcha_Berry_Latte,drinks,DRK-03,2,28000,56000,error,missing
257,SUN-39867,2024-11-25,Grilled Chicken Mentai Rice,food,FOD-04,2,unknown,84000,error,online shop
258,SUN-31137,2024-02-08,Creamy Spaghetti Carbonara,food,FOD-03,1,38000,error,cash,take away
259,SUN-34675,2024-06-17,nan,food,error,2,38000,76000,credit card,dine in
260,SUN-47557,2024-11-12,Fudgy Brownie With Ice Cream,desserts,DST-02,unknown,18000,missing,missing,take away
261,SUN-35055,2024-04-12,Butter Croissant,desserts,DST-01,2,45000,90000,digital wallet,take away
262,SUN-36490,2024-10-09,missing,food,FOD-04,4,42000,168000,credit card,take away
263,SUN-39466,2024-08-02,Classic_Beef_Burger,missing,FOD-05,3,40000,unknown,cash,online shop
264,SUN-37442,2024-11-29,Creamy Spaghetti Carbonara,food,FOD-03,1,38000,missing,cash,online shop
265,SUN-44665,2024-06-13,Lemonade_Espresso_Tonic,drinks,DRK-05,4,24000,96000,cash,take away
266,SUN-37276,2024-12-16,Tiramisu Tres Leches,desserts,DST-05,4,22000,88000,unknown,online shop
267,SUN-49567,2024-06-20,Tiramisu Tres Leches,desserts,DST-05,4,22000,88000,cash,dine in
268,SUN-30630,2024-10-06,missing,food,FOD-04,1,42000,42000,digital wallet,take away
269,SUN-39974,2024-03-30,Earl_Grey_Milk_Tea,drinks,DRK-04,missing,24000,96000,cash,take away
270,SUN-45076,2024-10-22,Creamy Spaghetti Carbonara,food,FOD-03,3,error,114000,unknown,take away
271,SUN-38865,2024-11-04,Matcha_Berry_Latte,drinks,DRK-03,unknown,28000,112000,cash,take away
272,SUN-32766,2024-11-08,Lemonade_Espresso_Tonic,drinks,DRK-05,3,24000,72000,digital wallet,nan
273,SUN-37583,2024-09-24,Fudgy Brownie With Ice Cream,missing,DST-02,3,18000,54000,credit card,dine in
274,SUN-44185,2024-10-23,Lotus Biscoff Cheesecake,desserts,DST-03,2,25000,50000,digital wallet,unknown
275,SUN-46430,2024-11-12,Tiramisu Tres Leches,error,DST-05,4,22000,88000,digital wallet,take away
276,SUN-44596,2024-11-15,missing,food,FOD-02,4,32000,unknown,credit card,dine in
277,SUN-41522,2024-07-13,Matcha_Berry_Latte,unknown,DRK-03,3,28000,84000,unknown,nan
278,SUN-38400,2024-12-04,Earl_Grey_Milk_Tea,drinks,DRK-04,2,24000,missing,cash,online shop
279,SUN-48316,2024-02-03,Fudgy Brownie With Ice Cream,desserts,DST-02,3,18000,54000,digital wallet,online shop
280,SUN-46044,2024-04-23,Creamy Spaghetti Carbonara,unknown,FOD-03,3,38000,114000,cash,take away
281,SUN-40964,2024-11-11,Lemonade_Espresso_Tonic,drinks,DRK-05,1,24000,24000,error,online shop
282,SUN-30765,2024-02-13,Lemonade_Espresso_Tonic,drinks,DRK-05,1,24000,24000,credit card,take away
283,SUN-33978,2024-01-26,Nasi Goreng Kampung Premium,food,FOD-02,nan,32000,64000,digital wallet,online shop
284,SUN-39528,2024-06-04,Hot_Americano,missing,DRK-02,3,22000,66000,digital wallet,missing
285,SUN-32102,2024-02-26,unknown,drinks,DRK-07,1,26000,26000,cash,take away
286,SUN-48440,2024-12-14,Lotus Biscoff Cheesecake,desserts,nan,2,unknown,error,credit card,dine in
287,SUN-40760,2024-12-11,Nasi Goreng Kampung Premium,nan,FOD-02,1,32000,32000,cash,online shop
288,SUN-47603,2024-12-29,Truffle Fries & Sausage,food,FOD-01,unknown,10000,40000,credit card,take away
289,SUN-33813,2024-07-24,Tiramisu Tres Leches,desserts,DST-05,3,22000,nan,cash,dine in
290,SUN-48530,2024-05-29,Strawberry_Mojito_Mocktail,drinks,DRK-06,2,27000,54000,nan,online shop
291,SUN-43970,2024-09-04,Matcha_Berry_Latte,drinks,DRK-03,4,28000,112000,credit card,dine in
292,SUN-40108,2024-10-29,Matcha_Berry_Latte,drinks,DRK-03,4,28000,112000,cash,dine in
293,SUN-45660,2024-10-27,Lotus Biscoff Cheesecake,desserts,DST-03,2,25000,50000,missing,take away
294,SUN-39155,2024-02-03,Classic_Beef_Burger,food,FOD-05,4,40000,160000,credit card,dine in
295,nan,2024-08-31,missing,food,FOD-04,4,42000,168000,cash,take away
296,SUN-40431,2024-09-13,nan,food,FOD-02,4,32000,128000,error,take away
297,SUN-38124,2024-06-11,error,desserts,DST-05,3,22000,66000,nan,online shop
298,SUN-35209,2024-10-28,Strawberry_Mojito_Mocktail,drinks,DRK-06,4,27000,108000,digital wallet,online shop
299,SUN-41016,2024-07-17,Creamy Spaghetti Carbonara,food,FOD-03,1,38000,38000,credit card,missing
300,SUN-32924,2024-10-22,Fudgy Brownie With Ice Cream,desserts,DST-02,1,18000,18000,unknown,take away
301,SUN-34533,2024-05-25,unknown,food,FOD-02,4,32000,128000,credit card,error
302,SUN-40610,2024-10-24,Grilled Chicken Mentai Rice,food,FOD-04,2,42000,84000,credit card,online shop
303,SUN-40378,2024-07-30,Classic_Beef_Burger,food,FOD-05,nan,40000,80000,credit card,take away
304,SUN-36095,2024-09-20,Mineral_Water,drinks,DRK-07,3,26000,missing,credit card,take away
305,SUN-46345,2024-01-01,Iced_Aren_Latte,drinks,DRK-01,2,25000,unknown,cash,online shop
306,SUN-44721,2024-11-15,Lotus Biscoff Cheesecake,desserts,DST-03,3,25000,75000,nan,take away
307,SUN-42784,2024-07-05,Lemonade_Espresso_Tonic,drinks,DRK-05,4,24000,96000,credit card,take away
308,SUN-45892,2024-03-07,Classic_Beef_Burger,food,FOD-05,4,missing,160000,error,missing
309,nan,2024-01-09,Earl_Grey_Milk_Tea,drinks,missing,1,unknown,24000,cash,dine in
310,SUN-32599,2024-06-27,Iced_Aren_Latte,drinks,DRK-01,unknown,25000,100000,credit card,take away
311,SUN-49122,2024-02-10,Lotus Biscoff Cheesecake,desserts,DST-03,missing,25000,75000,missing,dine in
312,SUN-43810,2024-10-24,Mineral_Water,drinks,DRK-07,3,26000,78000,digital wallet,take away
313,SUN-35735,2024-11-05,Iced_Aren_Latte,missing,DRK-01,1,25000,25000,credit card,online shop
314,unknown,2024-04-06,Hot_Americano,drinks,DRK-02,4,22000,88000,cash,online shop
315,SUN-42991,2024-08-29,Mineral_Water,drinks,DRK-07,2,26000,52000,credit card,take away
316,SUN-46393,2024-08-04,Lemonade_Espresso_Tonic,drinks,DRK-05,4,24000,96000,credit card,take away
317,SUN-47693,2024-03-07,Strawberry_Mojito_Mocktail,drinks,unknown,1,27000,nan,credit card,error
318,SUN-47755,2024-06-11,Mineral_Water,drinks,DRK-07,missing,26000,missing,digital wallet,dine in
319,SUN-36643,2024-09-30,Lotus Biscoff Cheesecake,error,DST-03,4,25000,nan,credit card,dine in
320,SUN-34506,2024-11-12,Truffle Fries & Sausage,missing,FOD-01,3,10000,30000,digital wallet,error
321,SUN-31008,2024-06-23,Tiramisu Tres Leches,desserts,DST-05,2,22000,44000,digital wallet,dine in
322,SUN-37315,2024-04-16,Truffle Fries & Sausage,nan,FOD-01,4,10000,nan,digital wallet,take away
323,SUN-35896,2024-02-19,Classic_Beef_Burger,food,FOD-05,unknown,40000,160000,error,take away
324,SUN-35677,2024-03-13,Lotus Biscoff Cheesecake,desserts,DST-03,nan,25000,25000,cash,error
325,SUN-35796,2024-12-06,Nasi Goreng Kampung Premium,food,FOD-02,3,32000,96000,unknown,take away
326,SUN-35497,2024-10-25,Nasi Goreng Kampung Premium,food,FOD-02,4,32000,128000,cash,online shop
327,SUN-35744,2024-02-11,Nasi Goreng Kampung Premium,food,FOD-02,3,nan,missing,credit card,dine in
328,SUN-35372,2024-07-08,Tiramisu Tres Leches,desserts,DST-05,3,unknown,66000,credit card,online shop
329,SUN-40507,2024-01-08,Matcha_Berry_Latte,drinks,DRK-03,3,28000,84000,error,nan
330,SUN-31552,2024-10-26,Iced_Aren_Latte,drinks,DRK-01,missing,25000,75000,cash,dine in
331,SUN-41247,2024-04-03,Truffle Fries & Sausage,food,FOD-01,2,10000,nan,cash,unknown
332,SUN-48390,2024-07-28,Butter Croissant,desserts,DST-01,1,45000,45000,cash,dine in
333,SUN-37702,2024-02-01,nan,drinks,error,2,22000,44000,missing,online shop
334,SUN-48042,2024-10-01,unknown,food,FOD-04,3,42000,126000,digital wallet,dine in
335,SUN-36439,2024-01-07,Creamy Spaghetti Carbonara,food,missing,4,error,152000,error,nan
336,unknown,2024-10-16,Classic_Beef_Burger,food,FOD-05,4,40000,160000,unknown,dine in
337,SUN-40472,2024-08-27,Strawberry_Mojito_Mocktail,drinks,DRK-06,1,27000,27000,credit card,take away
338,SUN-30341,2024-04-11,Strawberry_Mojito_Mocktail,nan,DRK-06,1,error,27000,cash,take away
339,SUN-44601,2024-02-18,Grilled Chicken Mentai Rice,food,FOD-04,4,42000,168000,cash,dine in
340,SUN-49886,2024-02-13,Lotus Biscoff Cheesecake,desserts,DST-03,unknown,25000,75000,error,take away
341,SUN-30649,2024-07-25,Grilled Chicken Mentai Rice,food,FOD-04,4,42000,168000,credit card,error
342,SUN-46412,2024-08-19,Nasi Goreng Kampung Premium,food,FOD-02,4,32000,unknown,credit card,nan
343,SUN-46514,2024-03-29,Tiramisu Tres Leches,desserts,DST-05,2,22000,44000,credit card,take away
344,SUN-39666,2024-02-06,unknown,nan,DST-01,nan,45000,180000,credit card,dine in
345,SUN-32648,2024-12-10,Fudgy Brownie With Ice Cream,desserts,DST-02,3,18000,54000,digital wallet,online shop
346,SUN-39921,2024-05-16,Tiramisu Tres Leches,desserts,DST-05,3,22000,error,digital wallet,dine in
347,SUN-48128,2024-03-20,Lemonade_Espresso_Tonic,drinks,DRK-05,2,24000,48000,cash,error
348,SUN-30355,2024-02-23,Lemonade_Espresso_Tonic,drinks,DRK-05,2,24000,48000,cash,dine in
349,SUN-39853,2024-07-09,unknown,drinks,DRK-04,nan,24000,missing,digital wallet,take away
350,SUN-31925,2024-12-19,unknown,desserts,DST-01,3,45000,135000,credit card,error
351,SUN-41285,2024-09-26,Matcha_Berry_Latte,drinks,DRK-03,3,28000,84000,missing,dine in
352,SUN-38966,2024-04-27,Butter Croissant,desserts,DST-01,1,45000,unknown,digital wallet,take away
353,SUN-49616,2024-04-23,missing,drinks,DRK-01,1,nan,25000,cash,online shop
354,SUN-36642,2024-01-27,Iced_Aren_Latte,drinks,DRK-01,1,25000,25000,credit card,dine in
355,SUN-47944,2024-10-31,Cinnamon Roll,missing,DST-04,2,35000,nan,credit card,nan
356,SUN-46954,2024-01-14,Lemonade_Espresso_Tonic,drinks,DRK-05,3,24000,72000,credit card,error
357,SUN-38901,2024-04-24,nan,food,FOD-04,4,unknown,168000,nan,online shop
358,SUN-49882,2024-05-02,Butter Croissant,desserts,DST-01,nan,45000,180000,digital wallet,dine in
359,SUN-34045,2024-05-21,Strawberry_Mojito_Mocktail,drinks,DRK-06,2,27000,54000,digital wallet,missing
360,SUN-37719,2024-01-14,unknown,desserts,DST-05,3,22000,66000,cash,dine in
361,SUN-41914,2024-06-06,Iced_Aren_Latte,drinks,DRK-01,3,25000,75000,digital wallet,dine in
362,SUN-45436,2024-03-08,Classic_Beef_Burger,food,FOD-05,missing,40000,160000,digital wallet,take away
363,SUN-30803,2024-06-02,Butter Croissant,desserts,DST-01,2,missing,90000,cash,online shop
364,SUN-36124,2024-07-03,Classic_Beef_Burger,food,FOD-05,error,40000,120000,digital wallet,dine in
365,SUN-31341,2024-08-10,Earl_Grey_Milk_Tea,drinks,DRK-04,1,24000,unknown,cash,online shop
366,SUN-39281,2024-09-07,Butter Croissant,desserts,DST-01,2,45000,90000,credit card,online shop
367,SUN-34525,2024-03-23,Cinnamon Roll,desserts,DST-04,4,35000,nan,credit card,take away
368,SUN-35756,2024-09-25,Fudgy Brownie With Ice Cream,desserts,missing,2,18000,36000,credit card,online shop
369,SUN-38355,2024-04-30,Hot_Americano,drinks,DRK-02,1,22000,22000,nan,take away
370,SUN-44274,2024-03-16,Lemonade_Espresso_Tonic,drinks,DRK-05,4,24000,96000,credit card,dine in
371,SUN-43874,2024-03-24,Truffle Fries & Sausage,food,FOD-01,2,10000,20000,cash,dine in
372,SUN-39648,2024-02-29,Earl_Grey_Milk_Tea,drinks,DRK-04,2,nan,48000,digital wallet,dine in
373,SUN-31978,2024-04-11,Matcha_Berry_Latte,drinks,DRK-03,4,28000,nan,cash,online shop
374,SUN-37655,2024-11-03,Matcha_Berry_Latte,drinks,DRK-03,2,28000,56000,cash,nan
375,SUN-47097,2024-10-06,Grilled Chicken Mentai Rice,food,FOD-04,2,42000,unknown,digital wallet,take away
376,SUN-34554,2024-02-15,Lotus Biscoff Cheesecake,desserts,error,1,missing,25000,cash,take away
377,SUN-38995,2024-08-18,nan,drinks,DRK-07,4,26000,104000,credit card,take away
378,nan,2024-11-07,Mineral_Water,unknown,DRK-07,1,26000,missing,digital wallet,take away
379,SUN-33878,2024-12-18,Tiramisu Tres Leches,desserts,DST-05,3,22000,66000,cash,online shop
380,SUN-38262,2024-06-10,Strawberry_Mojito_Mocktail,drinks,DRK-06,1,27000,27000,nan,online shop
381,SUN-47288,2024-12-13,Mineral_Water,drinks,DRK-07,4,26000,104000,cash,take away
382,SUN-49644,2024-05-09,Nasi Goreng Kampung Premium,food,FOD-02,3,nan,96000,cash,online shop
383,SUN-43817,2024-03-16,Nasi Goreng Kampung Premium,food,FOD-02,3,32000,96000,cash,dine in
384,SUN-30716,2024-05-18,Strawberry_Mojito_Mocktail,unknown,DRK-06,error,27000,54000,missing,online shop
385,missing,2024-03-17,Strawberry_Mojito_Mocktail,drinks,DRK-06,2,27000,54000,credit card,error
386,SUN-34152,2024-09-30,Truffle Fries & Sausage,food,FOD-01,4,error,error,credit card,take away
387,SUN-49302,2024-11-28,Lotus Biscoff Cheesecake,desserts,DST-03,4,25000,100000,cash,dine in
388,SUN-41156,2024-12-11,error,unknown,DRK-06,2,27000,54000,credit card,unknown
389,SUN-46392,2024-02-20,Creamy Spaghetti Carbonara,food,FOD-03,missing,38000,38000,digital wallet,dine in
390,SUN-32328,2024-01-21,Lotus Biscoff Cheesecake,unknown,DST-03,1,25000,25000,missing,take away
391,SUN-36860,2024-10-05,Hot_Americano,drinks,DRK-02,2,22000,44000,digital wallet,nan
392,SUN-30621,2024-01-07,Fudgy Brownie With Ice Cream,desserts,DST-02,2,18000,36000,cash,take away
393,SUN-49736,2024-03-11,Classic_Beef_Burger,food,FOD-05,2,40000,80000,cash,dine in
394,SUN-30049,2024-03-20,Lotus Biscoff Cheesecake,desserts,DST-03,4,error,100000,digital wallet,online shop
395,SUN-45060,2024-02-22,Creamy Spaghetti Carbonara,food,FOD-03,2,38000,76000,credit card,missing
396,SUN-32612,2024-06-15,Earl_Grey_Milk_Tea,drinks,DRK-04,4,24000,96000,digital wallet,dine in
397,SUN-46380,2024-06-09,Earl_Grey_Milk_Tea,drinks,DRK-04,missing,24000,24000,unknown,take away
398,SUN-40890,2024-12-29,Earl_Grey_Milk_Tea,drinks,DRK-04,2,24000,48000,digital wallet,take away
399,SUN-37296,2024-09-07,Hot_Americano,drinks,DRK-02,1,22000,22000,credit card,dine in
400,SUN-36589,2024-09-19,error,drinks,DRK-04,1,24000,24000,credit card,missing
401,SUN-41934,2024-11-04,Tiramisu Tres Leches,missing,DST-05,3,22000,66000,credit card,online shop
402,SUN-47822,2024-07-18,Strawberry_Mojito_Mocktail,drinks,DRK-06,1,27000,27000,credit card,online shop
403,SUN-42446,2024-03-17,Iced_Aren_Latte,nan,DRK-01,2,25000,error,credit card,dine in
404,SUN-41400,2024-09-22,unknown,unknown,DRK-06,3,27000,81000,cash,missing
405,SUN-35543,2024-02-06,Lotus Biscoff Cheesecake,desserts,DST-03,4,25000,100000,digital wallet,dine in
406,SUN-40223,2024-04-04,Truffle Fries & Sausage,food,FOD-01,3,10000,unknown,credit card,online shop
407,nan,2024-10-17,Mineral_Water,drinks,DRK-07,3,26000,78000,cash,dine in
408,SUN-47614,2024-10-10,Grilled Chicken Mentai Rice,food,FOD-04,2,42000,84000,digital wallet,online shop
409,SUN-35431,2024-06-14,Iced_Aren_Latte,drinks,DRK-01,4,25000,100000,digital wallet,online shop
410,SUN-38030,2024-07-07,Lotus Biscoff Cheesecake,nan,DST-03,1,25000,25000,credit card,online shop
411,SUN-35758,2024-08-11,Lemonade_Espresso_Tonic,drinks,DRK-05,3,24000,72000,digital wallet,take away
412,SUN-43609,2024-11-13,Truffle Fries & Sausage,food,FOD-01,1,10000,10000,credit card,dine in
413,SUN-43085,2024-08-01,Truffle Fries & Sausage,food,FOD-01,3,10000,error,digital wallet,online shop
414,SUN-48068,2024-07-03,Grilled Chicken Mentai Rice,food,FOD-04,unknown,42000,error,cash,dine in
415,SUN-30398,2024-10-05,missing,nan,DST-01,2,45000,90000,cash,take away
416,SUN-33652,2024-05-20,Truffle Fries & Sausage,food,FOD-01,unknown,10000,20000,credit card,take away
417,SUN-45163,2024-12-28,Truffle Fries & Sausage,error,FOD-01,4,10000,40000,digital wallet,error
418,SUN-49548,2024-08-23,error,drinks,DRK-01,4,25000,unknown,credit card,take away
419,SUN-39700,2024-08-25,Butter Croissant,nan,DST-01,2,unknown,90000,digital wallet,online shop
420,SUN-44939,2024-09-05,Mineral_Water,drinks,DRK-07,3,26000,78000,cash,take away
421,SUN-32513,2024-05-13,Iced_Aren_Latte,drinks,DRK-01,missing,25000,25000,nan,take away
422,SUN-37960,2024-10-19,Strawberry_Mojito_Mocktail,drinks,unknown,4,27000,108000,nan,take away
423,SUN-39660,2024-03-05,Creamy Spaghetti Carbonara,food,FOD-03,4,38000,152000,credit card,online shop
424,SUN-46859,2024-11-13,Butter Croissant,desserts,error,2,45000,90000,cash,take away
425,SUN-37508,2024-02-07,Fudgy Brownie With Ice Cream,unknown,DST-02,3,nan,54000,credit card,dine in
426,nan,2024-07-10,Mineral_Water,drinks,DRK-07,3,26000,78000,cash,dine in
427,SUN-47479,2024-09-10,Matcha_Berry_Latte,drinks,DRK-03,4,28000,112000,missing,nan
428,SUN-37856,2024-01-28,Fudgy Brownie With Ice Cream,desserts,DST-02,1,18000,unknown,cash,online shop
429,SUN-43458,2024-04-03,Classic_Beef_Burger,food,FOD-05,3,40000,120000,cash,dine in
430,SUN-39749,2024-03-09,Cinnamon Roll,missing,DST-04,4,35000,140000,cash,online shop
431,SUN-34491,2024-04-11,Truffle Fries & Sausage,food,FOD-01,3,10000,30000,cash,take away
432,SUN-46138,2024-12-25,Tiramisu Tres Leches,desserts,DST-05,3,22000,unknown,digital wallet,dine in
433,SUN-48313,2024-06-11,Classic_Beef_Burger,food,FOD-05,1,40000,40000,credit card,missing
434,SUN-34918,2024-07-25,Cinnamon Roll,desserts,DST-04,4,35000,140000,cash,dine in
435,SUN-47315,2024-07-12,Mineral_Water,drinks,DRK-07,1,26000,error,unknown,unknown
436,SUN-41369,2024-11-14,Classic_Beef_Burger,food,unknown,2,40000,80000,cash,unknown
437,error,2024-06-01,unknown,drinks,DRK-06,nan,27000,nan,digital wallet,online shop
438,SUN-39549,2024-10-06,Hot_Americano,drinks,DRK-02,2,22000,44000,digital wallet,take away
439,SUN-31521,2024-12-15,Cinnamon Roll,desserts,DST-04,3,35000,nan,cash,online shop
440,SUN-42920,2024-11-08,unknown,drinks,DRK-03,3,28000,84000,credit card,online shop
441,SUN-43264,nan,Fudgy Brownie With Ice Cream,desserts,DST-02,1,18000,18000,cash,nan
442,SUN-35065,2024-04-25,Grilled Chicken Mentai Rice,food,FOD-04,1,42000,42000,digital wallet,dine in
443,SUN-38460,2024-08-08,Fudgy Brownie With Ice Cream,desserts,missing,4,18000,72000,cash,online shop
444,SUN-48236,2024-01-19,Truffle Fries & Sausage,food,unknown,4,10000,unknown,digital wallet,dine in
445,SUN-42539,2024-01-06,Nasi Goreng Kampung Premium,food,FOD-02,1,missing,32000,cash,online shop
446,nan,2024-05-03,Butter Croissant,desserts,DST-01,3,unknown,135000,credit card,dine in
447,SUN-31964,2024-01-24,Tiramisu Tres Leches,desserts,DST-05,nan,22000,66000,cash,dine in
448,SUN-48727,2024-09-08,nan,food,missing,3,40000,120000,cash,online shop
449,error,2024-03-13,Mineral_Water,drinks,DRK-07,error,26000,26000,credit card,online shop
450,SUN-49093,2024-08-30,Iced_Aren_Latte,drinks,DRK-01,3,25000,75000,digital wallet,dine in
451,SUN-32997,2024-04-12,Tiramisu Tres Leches,desserts,DST-05,nan,22000,66000,credit card,dine in
452,SUN-30111,2024-11-11,Hot_Americano,drinks,DRK-02,4,22000,nan,cash,take away
453,SUN-40974,2024-06-19,Truffle Fries & Sausage,food,FOD-01,2,10000,20000,error,take away
454,error,2024-05-28,nan,missing,DST-03,unknown,25000,50000,digital wallet,error
455,SUN-44429,2024-07-29,Lemonade_Espresso_Tonic,drinks,DRK-05,1,24000,error,digital wallet,take away
456,SUN-37694,2024-05-25,missing,drinks,error,1,25000,25000,digital wallet,online shop
457,SUN-36946,2024-03-01,Hot_Americano,drinks,missing,1,22000,22000,cash,take away
458,SUN-32023,2024-08-23,Tiramisu Tres Leches,missing,error,2,22000,44000,digital wallet,dine in
459,error,2024-07-30,Matcha_Berry_Latte,drinks,DRK-03,1,error,28000,credit card,dine in
460,SUN-42560,2024-06-01,Lemonade_Espresso_Tonic,drinks,DRK-05,3,24000,72000,credit card,online shop
461,SUN-33296,2024-01-30,unknown,missing,nan,1,unknown,24000,credit card,take away
462,SUN-35124,2024-04-23,Tiramisu Tres Leches,desserts,DST-05,3,22000,66000,cash,online shop
463,SUN-36382,2024-05-23,Hot_Americano,missing,missing,3,22000,unknown,credit card,take away
464,SUN-36291,2024-12-16,Classic_Beef_Burger,food,FOD-05,unknown,40000,80000,digital wallet,online shop
465,SUN-43451,2024-10-19,Classic_Beef_Burger,food,FOD-05,error,40000,80000,unknown,take away
466,error,2024-11-27,error,desserts,DST-01,4,45000,180000,credit card,dine in
467,SUN-36763,2024-06-22,Lemonade_Espresso_Tonic,drinks,DRK-05,missing,24000,96000,cash,online shop
468,SUN-38023,2024-01-22,error,unknown,DST-02,2,18000,unknown,digital wallet,take away
469,SUN-44218,2024-08-31,Iced_Aren_Latte,drinks,DRK-01,unknown,25000,100000,credit card,dine in
470,SUN-34321,2024-04-19,Nasi Goreng Kampung Premium,food,FOD-02,1,32000,32000,credit card,online shop
471,SUN-48005,2024-03-22,Truffle Fries & Sausage,food,FOD-01,4,10000,40000,digital wallet,take away
472,SUN-46796,2024-07-17,Truffle Fries & Sausage,food,missing,2,10000,nan,cash,dine in
473,SUN-36332,2024-09-15,Hot_Americano,drinks,DRK-02,3,22000,66000,credit card,online shop
474,error,2024-01-31,Truffle Fries & Sausage,food,FOD-01,3,10000,30000,cash,online shop
475,SUN-38586,2024-12-26,Matcha_Berry_Latte,drinks,DRK-03,4,missing,112000,unknown,dine in
476,SUN-38970,2024-11-09,Lemonade_Espresso_Tonic,drinks,DRK-05,2,24000,48000,credit card,online shop
477,SUN-38619,2024-08-26,nan,drinks,DRK-06,4,27000,108000,credit card,take away
478,SUN-36753,2024-02-10,Truffle Fries & Sausage,food,FOD-01,missing,10000,missing,unknown,nan
479,SUN-38514,2024-12-24,Butter Croissant,unknown,DST-01,1,45000,45000,digital wallet,take away
480,SUN-49721,2024-04-26,Fudgy Brownie With Ice Cream,desserts,DST-02,1,18000,18000,digital wallet,online shop
481,unknown,2024-11-01,Iced_Aren_Latte,drinks,DRK-01,1,25000,25000,credit card,dine in
482,SUN-47406,2024-06-30,Truffle Fries & Sausage,food,FOD-01,unknown,10000,30000,cash,dine in
483,SUN-46547,2024-10-08,Cinnamon Roll,desserts,DST-04,2,missing,70000,credit card,online shop
484,SUN-40305,2024-01-02,Creamy Spaghetti Carbonara,food,FOD-03,1,error,38000,error,dine in
485,SUN-41477,2024-06-24,Hot_Americano,drinks,DRK-02,1,22000,22000,cash,take away
486,SUN-31578,2024-04-30,Hot_Americano,drinks,error,4,22000,unknown,cash,unknown
487,SUN-37900,2024-07-29,Fudgy Brownie With Ice Cream,desserts,DST-02,3,18000,54000,credit card,unknown
488,SUN-32798,2024-04-25,Mineral_Water,drinks,DRK-07,1,26000,26000,credit card,take away
489,SUN-41669,2024-03-31,Mineral_Water,drinks,DRK-07,2,26000,error,cash,take away
490,SUN-37849,2024-09-05,Hot_Americano,drinks,DRK-02,error,22000,66000,digital wallet,dine in
491,SUN-48124,2024-11-16,Hot_Americano,drinks,DRK-02,2,22000,44000,cash,dine in
492,SUN-31775,2024-05-16,Mineral_Water,drinks,DRK-07,4,nan,error,credit card,missing
493,SUN-34195,2024-01-05,Classic_Beef_Burger,food,FOD-05,2,40000,missing,digital wallet,dine in
494,SUN-36331,2024-12-21,Earl_Grey_Milk_Tea,drinks,DRK-04,3,24000,72000,cash,error
495,unknown,2024-10-18,Matcha_Berry_Latte,drinks,DRK-03,1,unknown,28000,cash,take away
496,error,2024-05-31,Earl_Grey_Milk_Tea,drinks,DRK-04,4,24000,96000,cash,online shop
497,SUN-44092,2024-12-10,Iced_Aren_Latte,drinks,DRK-01,3,25000,75000,nan,dine in
498,nan,2024-08-02,Grilled Chicken Mentai Rice,food,FOD-04,3,42000,126000,error,take away
499,SUN-39843,2024-05-01,Iced_Aren_Latte,drinks,DRK-01,3,unknown,75000,credit card,online shop
500,SUN-39389,2024-08-16,nan,drinks,DRK-02,1,22000,22000,cash,dine in
501,SUN-30550,2024-10-19,Strawberry_Mojito_Mocktail,error,DRK-06,error,27000,81000,cash,online shop
502,SUN-46452,2024-01-07,Iced_Aren_Latte,drinks,DRK-01,2,25000,50000,credit card,online shop
503,SUN-36158,2024-06-06,Strawberry_Mojito_Mocktail,drinks,DRK-06,1,27000,27000,credit card,dine in
504,SUN-31726,2024-10-03,Lotus Biscoff Cheesecake,desserts,DST-03,1,25000,error,nan,online shop
505,SUN-37754,2024-11-09,Nasi Goreng Kampung Premium,food,FOD-02,2,32000,64000,error,dine in
506,SUN-35437,2024-11-04,Classic_Beef_Burger,food,FOD-05,3,40000,120000,credit card,dine in
507,SUN-40424,2024-08-18,Butter Croissant,desserts,DST-01,3,45000,135000,digital wallet,online shop
508,SUN-44514,2024-11-04,Tiramisu Tres Leches,missing,DST-05,1,22000,22000,error,take away
509,SUN-38479,2024-01-21,Iced_Aren_Latte,drinks,DRK-01,1,25000,25000,credit card,take away
510,SUN-38762,2024-10-08,Iced_Aren_Latte,drinks,missing,2,25000,50000,missing,dine in
511,SUN-43967,2024-05-17,Creamy Spaghetti Carbonara,food,nan,2,38000,76000,credit card,dine in
512,SUN-40008,nan,Lotus Biscoff Cheesecake,desserts,DST-03,1,25000,25000,cash,online shop
513,SUN-42452,2024-01-08,Earl_Grey_Milk_Tea,error,DRK-04,1,24000,24000,digital wallet,online shop
514,SUN-33491,2024-01-18,Lemonade_Espresso_Tonic,drinks,DRK-05,2,24000,48000,digital wallet,take away
515,SUN-43581,2024-10-01,Iced_Aren_Latte,drinks,DRK-01,1,25000,25000,credit card,take away
516,SUN-35089,2024-06-10,Fudgy Brownie With Ice Cream,desserts,DST-02,nan,18000,nan,digital wallet,take away
517,SUN-33698,2024-11-14,Mineral_Water,drinks,DRK-07,1,26000,26000,credit card,online shop
518,SUN-49714,2024-01-12,Grilled Chicken Mentai Rice,food,FOD-04,2,error,unknown,credit card,online shop
519,SUN-48542,2024-12-30,missing,drinks,DRK-01,2,25000,50000,digital wallet,online shop
520,SUN-33610,2024-03-14,Nasi Goreng Kampung Premium,food,FOD-02,1,32000,32000,digital wallet,online shop
521,SUN-41948,2024-07-11,Hot_Americano,drinks,DRK-02,2,22000,missing,credit card,online shop
522,SUN-38325,2024-09-24,Mineral_Water,drinks,unknown,error,26000,104000,cash,online shop
523,SUN-35542,2024-05-23,Hot_Americano,drinks,DRK-02,4,22000,unknown,digital wallet,dine in
524,SUN-44683,2024-11-13,unknown,food,FOD-01,1,10000,10000,cash,dine in
525,nan,2024-07-10,missing,missing,DST-02,unknown,18000,36000,missing,online shop
526,SUN-36705,2024-05-09,error,drinks,DRK-04,3,24000,72000,cash,take away
527,SUN-42748,2024-06-11,Cinnamon Roll,desserts,DST-04,nan,35000,35000,cash,take away
528,SUN-33712,2024-01-11,Matcha_Berry_Latte,drinks,DRK-03,missing,28000,missing,cash,online shop
529,SUN-49101,2024-04-17,Cinnamon Roll,desserts,DST-04,4,35000,unknown,cash,dine in
530,SUN-42750,2024-04-20,Iced_Aren_Latte,drinks,DRK-01,4,25000,100000,nan,take away
531,SUN-39605,2024-11-29,Nasi Goreng Kampung Premium,error,FOD-02,1,32000,unknown,missing,online shop
532,SUN-44254,2024-01-01,nan,drinks,DRK-03,2,28000,56000,credit card,online shop
533,SUN-44027,2024-05-24,unknown,drinks,DRK-01,1,25000,25000,credit card,dine in
534,error,2024-11-14,nan,desserts,DST-03,3,25000,75000,unknown,dine in
535,SUN-38832,2024-11-23,Creamy Spaghetti Carbonara,food,FOD-03,4,38000,152000,cash,dine in
536,SUN-32970,2024-01-28,Nasi Goreng Kampung Premium,food,FOD-02,4,32000,128000,cash,take away
537,nan,2024-07-26,Lotus Biscoff Cheesecake,unknown,DST-03,4,25000,100000,credit card,take away
538,SUN-33760,2024-01-13,Lemonade_Espresso_Tonic,drinks,DRK-05,4,24000,96000,nan,dine in
539,SUN-44040,2024-11-05,Creamy Spaghetti Carbonara,missing,FOD-03,2,38000,76000,cash,online shop
540,SUN-38308,2024-12-24,Iced_Aren_Latte,drinks,DRK-01,4,25000,100000,credit card,error
541,SUN-35015,2024-08-31,Grilled Chicken Mentai Rice,food,unknown,1,42000,42000,digital wallet,error
542,SUN-30984,nan,Hot_Americano,drinks,DRK-02,1,22000,22000,credit card,take away
543,SUN-40128,2024-06-20,Mineral_Water,unknown,DRK-07,2,unknown,52000,cash,take away
544,SUN-48496,2024-05-30,Strawberry_Mojito_Mocktail,drinks,DRK-06,2,27000,54000,cash,dine in
545,error,2024-09-19,Classic_Beef_Burger,food,missing,2,40000,80000,unknown,online shop
546,nan,2024-11-06,Truffle Fries & Sausage,food,FOD-01,2,unknown,20000,credit card,online shop
547,SUN-40558,2024-09-22,Hot_Americano,unknown,DRK-02,4,missing,88000,cash,online shop
548,SUN-42123,2024-01-14,unknown,food,FOD-03,2,38000,76000,digital wallet,take away
549,SUN-34022,2024-11-14,Truffle Fries & Sausage,food,FOD-01,2,error,20000,digital wallet,take away
550,SUN-32078,2024-08-20,Strawberry_Mojito_Mocktail,drinks,DRK-06,3,unknown,81000,digital wallet,missing
551,SUN-47550,2024-06-17,unknown,unknown,DRK-07,1,26000,26000,nan,missing
552,SUN-41934,2024-05-09,Grilled Chicken Mentai Rice,food,FOD-04,4,42000,168000,cash,nan
553,SUN-42060,2024-07-12,Truffle Fries & Sausage,food,FOD-01,4,error,40000,credit card,dine in
554,SUN-33520,2024-03-19,Strawberry_Mojito_Mocktail,drinks,DRK-06,1,27000,27000,cash,online shop
555,SUN-38882,2024-10-06,Mineral_Water,drinks,DRK-07,3,26000,78000,credit card,online shop
556,SUN-31474,2024-01-18,Lemonade_Espresso_Tonic,drinks,DRK-05,4,24000,96000,digital wallet,online shop
557,nan,2024-07-07,Matcha_Berry_Latte,drinks,DRK-03,1,28000,28000,digital wallet,dine in
558,SUN-37119,2024-08-13,Grilled Chicken Mentai Rice,food,FOD-04,1,missing,42000,cash,online shop
559,SUN-35567,2024-08-15,Iced_Aren_Latte,drinks,DRK-01,1,25000,25000,credit card,dine in
560,SUN-30650,2024-12-15,Tiramisu Tres Leches,desserts,DST-05,4,22000,88000,cash,online shop
561,error,2024-03-27,unknown,drinks,DRK-04,2,24000,48000,cash,online shop
562,SUN-49174,2024-12-25,nan,desserts,DST-03,4,25000,100000,missing,online shop
563,SUN-37529,2024-12-23,Butter Croissant,desserts,error,1,45000,45000,digital wallet,online shop
564,SUN-45740,2024-02-22,Tiramisu Tres Leches,missing,DST-05,3,22000,66000,missing,online shop
565,SUN-38404,2024-08-20,Strawberry_Mojito_Mocktail,drinks,DRK-06,3,27000,81000,cash,online shop
566,SUN-41640,2024-12-26,Grilled Chicken Mentai Rice,food,FOD-04,3,42000,126000,missing,take away
567,SUN-37154,2024-08-26,Classic_Beef_Burger,food,FOD-05,3,40000,120000,credit card,error
568,SUN-45991,2024-05-23,Lotus Biscoff Cheesecake,desserts,DST-03,1,25000,25000,cash,take away
569,SUN-40685,unknown,Hot_Americano,error,DRK-02,1,22000,22000,credit card,online shop
570,SUN-35950,2024-09-30,Nasi Goreng Kampung Premium,food,FOD-02,unknown,32000,missing,digital wallet,online shop
571,SUN-44314,2024-10-15,Lemonade_Espresso_Tonic,drinks,DRK-05,error,24000,96000,digital wallet,online shop
572,SUN-34290,2024-05-01,Truffle Fries & Sausage,food,FOD-01,error,10000,40000,cash,dine in
573,SUN-35539,2024-02-05,Iced_Aren_Latte,drinks,DRK-01,unknown,25000,100000,cash,online shop
574,SUN-33886,2024-06-01,Cinnamon Roll,desserts,DST-04,2,35000,unknown,credit card,dine in
575,SUN-38897,2024-05-15,Hot_Americano,drinks,DRK-02,4,22000,88000,credit card,dine in
576,SUN-31585,2024-05-04,Truffle Fries & Sausage,food,FOD-01,1,10000,10000,credit card,dine in
577,SUN-41644,2024-08-07,Hot_Americano,drinks,missing,3,error,66000,credit card,online shop
578,SUN-36113,2024-01-07,Lotus Biscoff Cheesecake,desserts,DST-03,3,25000,75000,cash,online shop
579,SUN-36643,2024-12-29,Fudgy Brownie With Ice Cream,missing,DST-02,3,18000,54000,cash,take away
580,unknown,2024-05-31,Classic_Beef_Burger,food,FOD-05,4,40000,missing,credit card,take away
581,SUN-34902,2024-07-08,Lemonade_Espresso_Tonic,drinks,DRK-05,1,24000,24000,cash,dine in
582,error,2024-09-20,unknown,desserts,DST-01,4,45000,180000,digital wallet,online shop
583,SUN-49493,2024-01-01,Strawberry_Mojito_Mocktail,drinks,DRK-06,1,27000,27000,digital wallet,take away
584,error,2024-09-18,missing,drinks,DRK-04,2,unknown,48000,digital wallet,dine in
585,SUN-42576,2024-12-21,error,desserts,DST-01,1,45000,45000,error,online shop
586,SUN-45102,2024-12-11,nan,food,FOD-03,1,38000,38000,error,missing
587,SUN-45800,2024-07-20,Earl_Grey_Milk_Tea,drinks,DRK-04,4,24000,96000,error,take away
588,SUN-43315,2024-05-23,Strawberry_Mojito_Mocktail,drinks,DRK-06,2,27000,unknown,digital wallet,take away
589,SUN-33415,2024-01-24,error,drinks,DRK-02,missing,22000,66000,unknown,dine in
590,SUN-32574,2024-10-24,Butter Croissant,desserts,DST-01,4,45000,180000,credit card,take away
591,SUN-41110,2024-05-06,Creamy Spaghetti Carbonara,nan,FOD-03,4,38000,152000,credit card,take away
592,SUN-35272,2024-12-07,Classic_Beef_Burger,food,FOD-05,1,missing,40000,credit card,online shop
593,SUN-33853,2024-12-16,Iced_Aren_Latte,drinks,DRK-01,2,25000,50000,missing,take away
594,SUN-45995,2024-02-12,Cinnamon Roll,desserts,DST-04,4,35000,140000,credit card,unknown
595,SUN-40693,2024-05-01,Nasi Goreng Kampung Premium,food,missing,4,32000,128000,credit card,dine in
596,SUN-45069,2024-10-06,Mineral_Water,drinks,DRK-07,2,26000,nan,digital wallet,online shop
597,SUN-40309,2024-07-22,Iced_Aren_Latte,drinks,DRK-01,1,25000,25000,cash,dine in
598,SUN-41128,2024-05-18,Mineral_Water,drinks,DRK-07,error,26000,78000,cash,nan
599,SUN-34557,2024-04-29,Hot_Americano,drinks,DRK-02,1,22000,22000,cash,online shop
600,SUN-41589,2024-06-03,unknown,desserts,DST-05,4,22000,88000,cash,dine in
601,SUN-34046,2024-08-12,Iced_Aren_Latte,drinks,DRK-01,2,25000,50000,missing,take away
602,SUN-33941,2024-10-09,Grilled Chicken Mentai Rice,food,FOD-04,2,42000,84000,credit card,take away
603,unknown,2024-06-27,Cinnamon Roll,desserts,DST-04,3,35000,105000,unknown,take away
604,SUN-39651,2024-07-05,Hot_Americano,error,DRK-02,2,22000,44000,unknown,take away
605,SUN-47061,2024-04-30,Hot_Americano,drinks,DRK-02,3,22000,66000,cash,online shop
606,SUN-31117,2024-12-06,Mineral_Water,drinks,DRK-07,4,26000,104000,credit card,dine in
607,SUN-38074,2024-02-04,Butter Croissant,desserts,DST-01,missing,45000,90000,digital wallet,error
608,SUN-33234,2024-05-18,Tiramisu Tres Leches,desserts,unknown,2,22000,44000,credit card,dine in
609,SUN-32763,2024-04-13,Fudgy Brownie With Ice Cream,desserts,missing,2,18000,36000,credit card,take away
610,SUN-33632,2024-09-05,Fudgy Brownie With Ice Cream,desserts,DST-02,4,18000,72000,credit card,take away
611,SUN-36336,2024-08-15,nan,missing,DST-01,3,error,135000,digital wallet,take away
612,SUN-49854,2024-06-16,Truffle Fries & Sausage,food,FOD-01,2,10000,20000,cash,unknown
613,nan,2024-07-07,Matcha_Berry_Latte,drinks,DRK-03,4,28000,112000,cash,take away
614,SUN-38710,2024-03-01,Cinnamon Roll,desserts,DST-04,2,35000,error,cash,online shop
615,SUN-39788,2024-06-11,missing,drinks,DRK-06,2,27000,54000,credit card,take away
616,SUN-42200,2024-11-17,Mineral_Water,drinks,DRK-07,4,26000,104000,digital wallet,dine in
617,SUN-43289,2024-07-28,Iced_Aren_Latte,drinks,DRK-01,4,25000,100000,digital wallet,unknown
618,SUN-40566,2024-12-25,Lemonade_Espresso_Tonic,drinks,DRK-05,3,error,72000,cash,dine in
619,SUN-33101,2024-05-17,Matcha_Berry_Latte,drinks,DRK-03,1,28000,28000,cash,online shop
620,SUN-33621,2024-08-19,error,missing,DST-03,unknown,25000,75000,unknown,online shop
621,SUN-42464,2024-07-09,error,drinks,DRK-02,2,22000,missing,error,dine in
622,error,2024-07-16,nan,drinks,DRK-01,4,25000,100000,error,dine in
623,error,2024-07-28,Strawberry_Mojito_Mocktail,drinks,DRK-06,3,27000,81000,digital wallet,dine in
624,SUN-46875,2024-11-18,Truffle Fries & Sausage,food,FOD-01,3,unknown,30000,digital wallet,missing
625,SUN-42189,2024-09-18,Tiramisu Tres Leches,desserts,DST-05,3,22000,66000,cash,dine in
626,SUN-36987,2024-05-24,error,drinks,DRK-01,2,25000,50000,cash,take away
627,SUN-36849,2024-12-18,Classic_Beef_Burger,food,FOD-05,2,40000,80000,error,take away
628,SUN-42237,2024-11-30,Creamy Spaghetti Carbonara,food,FOD-03,nan,38000,114000,cash,dine in
629,SUN-48972,2024-03-23,Strawberry_Mojito_Mocktail,drinks,DRK-06,missing,27000,nan,credit card,online shop
630,SUN-36950,2024-07-02,Hot_Americano,drinks,DRK-02,4,22000,88000,credit card,dine in
631,SUN-31975,2024-12-23,error,drinks,DRK-02,4,22000,88000,cash,online shop
632,error,missing,Truffle Fries & Sausage,food,unknown,2,10000,20000,cash,dine in
633,SUN-45137,2024-12-26,Lotus Biscoff Cheesecake,desserts,DST-03,3,nan,75000,digital wallet,take away
634,nan,2024-12-03,Butter Croissant,desserts,unknown,1,45000,45000,cash,take away
635,SUN-38225,missing,Creamy Spaghetti Carbonara,food,FOD-03,3,38000,114000,cash,online shop
636,SUN-48280,2024-05-13,Lemonade_Espresso_Tonic,drinks,DRK-05,1,24000,24000,nan,take away
637,SUN-47725,2024-09-18,Fudgy Brownie With Ice Cream,desserts,DST-02,1,18000,18000,credit card,online shop
638,SUN-40534,2024-08-23,Strawberry_Mojito_Mocktail,drinks,DRK-06,1,27000,27000,missing,online shop
639,SUN-32881,2024-01-26,Iced_Aren_Latte,drinks,DRK-01,1,25000,25000,cash,nan
640,SUN-46302,2024-06-23,Hot_Americano,drinks,DRK-02,4,22000,88000,unknown,take away
641,SUN-48351,2024-10-12,Lotus Biscoff Cheesecake,desserts,DST-03,1,25000,25000,missing,dine in
642,SUN-45526,2024-04-17,Creamy Spaghetti Carbonara,food,FOD-03,4,38000,nan,credit card,take away
643,SUN-31817,2024-08-11,Lemonade_Espresso_Tonic,unknown,DRK-05,1,24000,24000,unknown,dine in
644,SUN-49819,2024-09-04,Nasi Goreng Kampung Premium,food,FOD-02,3,32000,nan,credit card,dine in
645,SUN-38431,2024-04-01,Fudgy Brownie With Ice Cream,desserts,DST-02,4,18000,72000,cash,take away
646,SUN-49529,2024-10-30,Butter Croissant,missing,nan,1,45000,45000,digital wallet,missing
647,SUN-32248,2024-03-29,Lotus Biscoff Cheesecake,desserts,DST-03,1,25000,25000,digital wallet,online shop
648,SUN-36085,2024-01-08,Classic_Beef_Burger,food,FOD-05,2,40000,80000,unknown,online shop
649,SUN-48450,2024-05-02,Nasi Goreng Kampung Premium,food,FOD-02,2,32000,unknown,cash,take away
650,SUN-48043,2024-05-26,Grilled Chicken Mentai Rice,food,FOD-04,2,42000,84000,cash,online shop
651,SUN-36141,2024-04-27,Strawberry_Mojito_Mocktail,nan,DRK-06,1,27000,unknown,credit card,dine in
652,SUN-49808,2024-09-23,Cinnamon Roll,desserts,DST-04,1,35000,missing,digital wallet,nan
653,SUN-41255,2024-05-26,nan,food,FOD-04,3,42000,126000,digital wallet,dine in
654,SUN-34900,2024-07-06,Lotus Biscoff Cheesecake,desserts,DST-03,1,25000,25000,credit card,take away
655,nan,2024-07-13,Creamy Spaghetti Carbonara,food,FOD-03,1,38000,38000,digital wallet,online shop
656,SUN-36109,2024-12-17,Grilled Chicken Mentai Rice,food,FOD-04,2,42000,84000,credit card,dine in
657,SUN-40572,2024-10-16,Fudgy Brownie With Ice Cream,nan,DST-02,missing,18000,18000,error,take away
658,SUN-39667,2024-03-06,error,missing,unknown,error,18000,18000,cash,online shop
659,SUN-30340,2024-05-25,Hot_Americano,drinks,DRK-02,1,22000,22000,digital wallet,nan
660,SUN-47930,2024-08-01,missing,desserts,DST-03,2,25000,50000,cash,dine in
661,SUN-45777,2024-01-11,Cinnamon Roll,desserts,DST-04,2,35000,70000,cash,online shop
662,SUN-44117,2024-04-08,Nasi Goreng Kampung Premium,food,FOD-02,4,32000,128000,digital wallet,dine in
663,error,2024-09-09,Nasi Goreng Kampung Premium,food,FOD-02,3,32000,96000,credit card,dine in
664,SUN-49278,2024-11-25,error,drinks,DRK-02,2,22000,44000,nan,online shop
665,SUN-36525,2024-01-01,Matcha_Berry_Latte,drinks,DRK-03,4,unknown,112000,nan,take away
666,SUN-48251,2024-06-13,nan,drinks,DRK-02,1,nan,unknown,credit card,error
667,SUN-34420,2024-06-21,Nasi Goreng Kampung Premium,food,FOD-02,unknown,32000,unknown,digital wallet,take away
668,SUN-44839,2024-11-09,Truffle Fries & Sausage,food,FOD-01,1,error,10000,cash,take away
669,SUN-35170,2024-08-27,error,desserts,DST-05,2,22000,44000,credit card,dine in
670,SUN-41871,2024-03-19,Fudgy Brownie With Ice Cream,desserts,DST-02,2,missing,unknown,nan,take away
671,SUN-35302,2024-08-13,nan,desserts,DST-05,4,22000,88000,cash,take away
672,SUN-47126,2024-03-28,Iced_Aren_Latte,drinks,DRK-01,2,25000,50000,credit card,online shop
673,SUN-45550,2024-10-24,Grilled Chicken Mentai Rice,food,FOD-04,3,42000,nan,digital wallet,online shop
674,SUN-47795,2024-05-22,Truffle Fries & Sausage,food,FOD-01,4,10000,40000,missing,error
675,nan,2024-12-11,Earl_Grey_Milk_Tea,missing,DRK-04,1,24000,24000,cash,online shop
676,SUN-47158,2024-01-29,Classic_Beef_Burger,food,FOD-05,3,40000,120000,cash,take away
677,SUN-36235,2024-05-01,Classic_Beef_Burger,food,FOD-05,4,40000,160000,error,error
678,SUN-45646,2024-08-02,Grilled Chicken Mentai Rice,food,FOD-04,2,missing,84000,credit card,take away
679,SUN-35706,2024-09-22,Matcha_Berry_Latte,drinks,DRK-03,4,28000,error,credit card,online shop
680,missing,2024-07-20,Hot_Americano,drinks,DRK-02,4,22000,88000,credit card,take away
681,SUN-44104,2024-11-12,Classic_Beef_Burger,food,FOD-05,1,40000,40000,cash,online shop
682,SUN-34552,2024-07-31,Matcha_Berry_Latte,drinks,DRK-03,1,28000,28000,cash,take away
683,SUN-44863,2024-11-04,Grilled Chicken Mentai Rice,food,FOD-04,3,42000,126000,credit card,online shop
684,SUN-48132,2024-02-13,Strawberry_Mojito_Mocktail,drinks,DRK-06,2,27000,error,digital wallet,dine in
685,SUN-40209,nan,Earl_Grey_Milk_Tea,drinks,DRK-04,1,24000,24000,nan,take away
686,SUN-30660,2024-10-31,Classic_Beef_Burger,food,FOD-05,error,40000,160000,cash,dine in
687,SUN-44692,2024-07-09,Earl_Grey_Milk_Tea,drinks,DRK-04,1,24000,24000,digital wallet,nan
688,SUN-37354,2024-08-14,Hot_Americano,nan,DRK-02,1,22000,nan,cash,dine in
689,SUN-47302,2024-10-14,error,desserts,DST-02,unknown,18000,36000,cash,take away
690,SUN-49993,2024-11-06,Nasi Goreng Kampung Premium,food,FOD-02,unknown,32000,unknown,credit card,take away
691,SUN-39639,2024-03-27,Mineral_Water,drinks,DRK-07,nan,26000,78000,digital wallet,take away
692,SUN-44570,2024-07-12,Lemonade_Espresso_Tonic,unknown,DRK-05,2,24000,48000,cash,dine in
693,SUN-34450,2024-07-06,Mineral_Water,drinks,DRK-07,2,26000,52000,digital wallet,take away
694,SUN-33115,2024-08-21,Butter Croissant,desserts,DST-01,2,45000,90000,credit card,online shop
695,SUN-47781,2024-07-18,Creamy Spaghetti Carbonara,food,FOD-03,error,38000,114000,digital wallet,online shop
696,SUN-45590,2024-01-20,Strawberry_Mojito_Mocktail,drinks,DRK-06,4,27000,108000,unknown,online shop
697,SUN-47601,2024-02-24,Cinnamon Roll,desserts,DST-04,1,nan,35000,cash,take away
698,SUN-34085,2024-10-21,Truffle Fries & Sausage,food,FOD-01,2,10000,unknown,nan,unknown
699,SUN-39585,2024-11-12,Classic_Beef_Burger,nan,FOD-05,4,40000,160000,cash,online shop
700,SUN-38545,2024-12-26,Matcha_Berry_Latte,drinks,DRK-03,4,28000,112000,cash,take away
701,SUN-34603,2024-06-11,Iced_Aren_Latte,drinks,DRK-01,2,25000,50000,cash,dine in
702,nan,2024-02-24,error,desserts,DST-03,nan,25000,100000,unknown,take away
703,SUN-34172,2024-05-25,unknown,food,FOD-05,4,40000,160000,missing,take away
704,SUN-48162,2024-10-21,unknown,desserts,DST-01,2,45000,90000,credit card,nan
705,SUN-36479,2024-08-02,Iced_Aren_Latte,drinks,DRK-01,3,25000,unknown,cash,take away
706,SUN-40564,2024-07-28,Strawberry_Mojito_Mocktail,drinks,DRK-06,3,27000,81000,digital wallet,online shop
707,SUN-40945,2024-08-04,Cinnamon Roll,desserts,DST-04,2,35000,70000,digital wallet,dine in
708,SUN-35225,2024-10-18,Creamy Spaghetti Carbonara,food,FOD-03,1,error,38000,digital wallet,missing
709,SUN-49877,2024-05-04,Cinnamon Roll,desserts,DST-04,1,35000,missing,digital wallet,dine in
710,nan,2024-12-20,Hot_Americano,drinks,DRK-02,2,22000,44000,missing,online shop
711,SUN-47535,2024-09-10,Strawberry_Mojito_Mocktail,drinks,DRK-06,2,27000,54000,digital wallet,take away
712,SUN-37593,2024-08-13,Matcha_Berry_Latte,drinks,DRK-03,3,28000,84000,cash,online shop
713,SUN-35282,2024-04-20,Classic_Beef_Burger,food,FOD-05,2,40000,80000,error,online shop
714,SUN-37505,2024-01-31,Strawberry_Mojito_Mocktail,drinks,DRK-06,2,27000,54000,credit card,dine in
715,missing,2024-07-17,Fudgy Brownie With Ice Cream,desserts,DST-02,3,error,54000,credit card,online shop
716,SUN-31337,2024-05-05,nan,desserts,missing,3,35000,105000,credit card,online shop
717,SUN-38700,2024-01-05,missing,food,FOD-04,2,42000,84000,cash,take away
718,SUN-43929,2024-03-20,Lotus Biscoff Cheesecake,desserts,DST-03,1,25000,25000,cash,dine in
719,SUN-42060,2024-01-26,error,food,FOD-01,nan,10000,10000,cash,online shop
720,SUN-48358,2024-08-03,unknown,drinks,DRK-01,3,25000,75000,missing,dine in
721,SUN-47493,2024-01-31,Truffle Fries & Sausage,food,FOD-01,4,10000,40000,digital wallet,dine in
722,SUN-44870,2024-09-25,Earl_Grey_Milk_Tea,drinks,DRK-04,missing,24000,72000,credit card,dine in
723,SUN-33888,2024-08-14,Classic_Beef_Burger,food,unknown,1,40000,40000,credit card,online shop
724,SUN-44115,2024-10-26,unknown,drinks,DRK-03,nan,28000,28000,digital wallet,take away
725,SUN-33042,2024-07-07,Nasi Goreng Kampung Premium,food,FOD-02,4,missing,128000,cash,unknown
726,SUN-36368,2024-11-14,Strawberry_Mojito_Mocktail,drinks,nan,2,27000,54000,digital wallet,take away
727,SUN-40654,2024-05-11,Creamy Spaghetti Carbonara,missing,FOD-03,4,38000,152000,nan,online shop
728,SUN-31895,2024-05-26,Matcha_Berry_Latte,drinks,DRK-03,1,28000,28000,cash,missing
729,SUN-35017,2024-05-15,nan,drinks,DRK-03,error,28000,nan,cash,dine in
730,SUN-38390,2024-01-04,Fudgy Brownie With Ice Cream,error,DST-02,1,18000,18000,unknown,dine in
731,SUN-45643,2024-11-24,Strawberry_Mojito_Mocktail,nan,DRK-06,3,27000,81000,credit card,dine in
732,SUN-48024,2024-01-22,Lemonade_Espresso_Tonic,drinks,unknown,2,24000,48000,digital wallet,unknown
733,error,2024-09-22,nan,food,FOD-05,1,40000,missing,digital wallet,take away
734,SUN-48421,2024-06-20,Classic_Beef_Burger,food,FOD-05,2,40000,unknown,digital wallet,dine in
735,SUN-49020,2024-04-09,Butter Croissant,desserts,DST-01,2,45000,90000,digital wallet,online shop
736,SUN-44486,2024-09-24,Iced_Aren_Latte,drinks,DRK-01,missing,25000,missing,cash,online shop
737,SUN-41689,2024-05-08,Nasi Goreng Kampung Premium,food,FOD-02,2,32000,64000,credit card,unknown
738,SUN-31334,2024-07-25,Grilled Chicken Mentai Rice,food,FOD-04,1,42000,42000,credit card,take away
739,SUN-40873,2024-12-14,Classic_Beef_Burger,food,FOD-05,3,error,120000,nan,nan
740,SUN-38345,2024-10-12,Nasi Goreng Kampung Premium,food,FOD-02,4,32000,128000,credit card,missing
741,SUN-33891,2024-05-19,Iced_Aren_Latte,drinks,DRK-01,2,25000,50000,digital wallet,take away
742,SUN-36370,2024-05-23,Grilled Chicken Mentai Rice,food,FOD-04,2,42000,84000,cash,dine in
743,SUN-34389,2024-07-04,Classic_Beef_Burger,food,FOD-05,3,40000,120000,cash,online shop
744,SUN-31885,2024-05-24,Creamy Spaghetti Carbonara,food,FOD-03,4,38000,152000,missing,dine in
745,unknown,2024-09-25,Truffle Fries & Sausage,food,FOD-01,1,10000,10000,digital wallet,dine in
746,SUN-48753,2024-09-07,Mineral_Water,drinks,DRK-07,1,26000,26000,cash,unknown
747,SUN-35823,2024-03-23,Earl_Grey_Milk_Tea,drinks,DRK-04,2,24000,48000,credit card,online shop
748,SUN-34992,2024-12-23,Butter Croissant,desserts,DST-01,nan,45000,180000,cash,online shop
749,SUN-41777,2024-08-25,Creamy Spaghetti Carbonara,food,FOD-03,3,38000,114000,missing,online shop
750,SUN-41368,2024-07-21,Grilled Chicken Mentai Rice,food,FOD-04,1,42000,42000,nan,missing
751,SUN-33876,2024-03-26,Hot_Americano,missing,DRK-02,2,22000,44000,credit card,dine in
752,SUN-32678,2024-03-17,Grilled Chicken Mentai Rice,food,FOD-04,missing,42000,nan,digital wallet,missing
753,SUN-37837,2024-11-10,Mineral_Water,drinks,DRK-07,1,26000,26000,credit card,nan
754,SUN-35249,2024-08-07,Creamy Spaghetti Carbonara,food,FOD-03,1,38000,38000,credit card,dine in
755,SUN-49881,2024-06-01,Lemonade_Espresso_Tonic,drinks,DRK-05,4,error,96000,cash,dine in
756,SUN-44337,2024-10-31,Nasi Goreng Kampung Premium,food,FOD-02,1,32000,32000,credit card,take away
757,SUN-39322,2024-12-23,Grilled Chicken Mentai Rice,food,FOD-04,3,42000,126000,cash,online shop
758,SUN-39581,2024-10-25,Earl_Grey_Milk_Tea,drinks,missing,3,24000,unknown,missing,dine in
759,SUN-35106,2024-01-24,error,desserts,DST-03,4,25000,100000,digital wallet,online shop
760,SUN-32057,2024-11-02,Classic_Beef_Burger,food,FOD-05,error,40000,160000,credit card,missing
761,SUN-49330,2024-07-14,Creamy Spaghetti Carbonara,food,FOD-03,2,38000,76000,error,online shop
762,SUN-30174,2024-08-26,Grilled Chicken Mentai Rice,unknown,FOD-04,2,42000,84000,digital wallet,online shop
763,SUN-47862,2024-06-15,Matcha_Berry_Latte,missing,DRK-03,4,unknown,112000,error,nan
764,SUN-35150,2024-07-04,error,food,FOD-05,3,40000,120000,credit card,online shop
765,SUN-44942,2024-04-16,missing,desserts,DST-05,4,22000,nan,unknown,dine in
766,SUN-32013,2024-04-11,nan,desserts,DST-02,1,18000,18000,cash,online shop
767,SUN-46215,2024-02-15,Grilled Chicken Mentai Rice,food,FOD-04,4,unknown,168000,credit card,take away
768,SUN-34740,missing,Earl_Grey_Milk_Tea,drinks,unknown,2,24000,48000,credit card,missing
769,SUN-31746,2024-01-30,nan,food,nan,1,40000,error,digital wallet,take away
770,SUN-39566,2024-06-26,Grilled Chicken Mentai Rice,food,FOD-04,3,42000,126000,digital wallet,take away
771,SUN-33474,2024-10-26,Matcha_Berry_Latte,drinks,DRK-03,2,missing,56000,credit card,unknown
772,SUN-38674,2024-08-27,missing,unknown,DST-01,3,45000,135000,digital wallet,online shop
773,SUN-30180,2024-03-05,Grilled Chicken Mentai Rice,food,FOD-04,2,42000,84000,digital wallet,take away
774,SUN-40410,2024-04-09,Nasi Goreng Kampung Premium,missing,FOD-02,2,32000,64000,cash,missing
775,SUN-33022,2024-01-12,Iced_Aren_Latte,drinks,DRK-01,3,25000,75000,cash,missing
776,missing,2024-08-24,Fudgy Brownie With Ice Cream,desserts,nan,error,18000,72000,cash,dine in
777,SUN-46492,2024-07-23,Mineral_Water,unknown,DRK-07,2,26000,52000,credit card,dine in
778,SUN-40083,2024-12-29,missing,food,FOD-05,3,40000,120000,credit card,take away
779,SUN-41482,2024-03-22,Butter Croissant,desserts,DST-01,1,45000,45000,unknown,online shop
780,SUN-32226,unknown,Lemonade_Espresso_Tonic,drinks,DRK-05,unknown,24000,24000,digital wallet,dine in
781,SUN-38689,2024-05-15,Fudgy Brownie With Ice Cream,desserts,DST-02,missing,18000,36000,credit card,dine in
782,SUN-36052,2024-12-18,Nasi Goreng Kampung Premium,food,missing,1,32000,32000,cash,dine in
783,SUN-37146,2024-10-23,Earl_Grey_Milk_Tea,drinks,DRK-04,3,24000,72000,credit card,online shop
784,SUN-48119,2024-06-05,error,drinks,DRK-06,3,error,81000,digital wallet,dine in
785,SUN-32228,2024-08-08,error,drinks,unknown,2,28000,missing,error,take away
786,SUN-45720,2024-05-28,Iced_Aren_Latte,drinks,DRK-01,4,25000,100000,missing,take away
787,nan,2024-02-24,Truffle Fries & Sausage,food,FOD-01,4,10000,40000,credit card,take away
788,SUN-31693,2024-02-23,Nasi Goreng Kampung Premium,unknown,FOD-02,4,32000,128000,unknown,online shop
789,SUN-35318,2024-02-17,Hot_Americano,drinks,DRK-02,2,22000,44000,credit card,take away
790,SUN-47383,unknown,unknown,drinks,nan,3,24000,72000,credit card,online shop
791,SUN-46648,2024-08-06,Mineral_Water,drinks,DRK-07,2,26000,52000,credit card,take away
792,SUN-44579,2024-08-18,Hot_Americano,drinks,DRK-02,1,22000,22000,digital wallet,dine in
793,SUN-44934,2024-11-04,Creamy Spaghetti Carbonara,food,FOD-03,4,38000,missing,unknown,take away
794,SUN-45948,2024-09-12,Earl_Grey_Milk_Tea,drinks,DRK-04,2,24000,nan,unknown,take away
795,SUN-45295,2024-06-22,Lotus Biscoff Cheesecake,desserts,DST-03,2,25000,50000,cash,take away
796,SUN-35448,2024-11-08,Earl_Grey_Milk_Tea,drinks,DRK-04,2,missing,48000,digital wallet,missing
797,SUN-48960,2024-09-03,Fudgy Brownie With Ice Cream,desserts,DST-02,2,18000,36000,cash,dine in
798,error,2024-03-20,Lemonade_Espresso_Tonic,drinks,DRK-05,3,unknown,72000,digital wallet,online shop
799,nan,2024-10-16,Cinnamon Roll,desserts,DST-04,2,35000,70000,credit card,dine in
800,SUN-38055,2024-11-24,nan,food,FOD-05,1,40000,40000,digital wallet,online shop
801,SUN-42380,2024-02-28,Lemonade_Espresso_Tonic,drinks,DRK-05,4,24000,error,credit card,online shop
802,missing,2024-07-07,missing,desserts,DST-01,3,45000,135000,credit card,take away
803,SUN-40209,2024-08-27,Mineral_Water,drinks,DRK-07,4,26000,104000,credit card,take away
804,SUN-41964,2024-05-24,Tiramisu Tres Leches,desserts,DST-05,4,22000,88000,digital wallet,dine in
805,SUN-36577,2024-12-23,Cinnamon Roll,desserts,DST-04,3,missing,missing,credit card,online shop
806,SUN-49182,2024-04-24,nan,drinks,DRK-05,4,24000,96000,credit card,take away
807,SUN-35849,2024-09-08,Grilled Chicken Mentai Rice,food,unknown,2,nan,84000,missing,take away
808,SUN-47584,2024-11-17,Mineral_Water,drinks,DRK-07,1,26000,unknown,cash,dine in
809,SUN-41112,2024-09-15,error,drinks,DRK-05,3,24000,72000,digital wallet,nan
810,SUN-47517,2024-05-12,Earl_Grey_Milk_Tea,missing,DRK-04,3,missing,72000,digital wallet,online shop
811,SUN-40297,2024-02-10,Iced_Aren_Latte,nan,DRK-01,1,25000,unknown,cash,take away
812,SUN-40152,2024-03-18,Mineral_Water,drinks,missing,4,26000,104000,cash,take away
813,SUN-46350,2024-07-29,Creamy Spaghetti Carbonara,food,FOD-03,error,38000,nan,cash,online shop
814,SUN-44307,2024-04-26,Tiramisu Tres Leches,desserts,DST-05,4,22000,88000,digital wallet,online shop
815,SUN-46147,2024-02-23,missing,food,FOD-04,3,42000,126000,credit card,take away
816,SUN-32107,2024-11-14,Iced_Aren_Latte,error,missing,1,25000,25000,digital wallet,error
817,SUN-36144,2024-09-17,Mineral_Water,drinks,DRK-07,2,error,52000,missing,online shop
818,SUN-32798,2024-08-14,Fudgy Brownie With Ice Cream,desserts,DST-02,1,18000,18000,credit card,online shop
819,SUN-32751,2024-06-24,nan,drinks,nan,2,25000,50000,digital wallet,missing
820,SUN-38844,2024-09-18,Iced_Aren_Latte,drinks,DRK-01,nan,25000,75000,nan,dine in
821,SUN-32896,2024-01-21,Hot_Americano,drinks,missing,4,22000,88000,unknown,missing
822,SUN-32702,2024-03-19,Strawberry_Mojito_Mocktail,drinks,DRK-06,4,nan,error,cash,missing
823,SUN-34378,2024-03-21,Fudgy Brownie With Ice Cream,missing,DST-02,1,18000,18000,nan,online shop
824,SUN-31939,2024-09-03,Nasi Goreng Kampung Premium,food,FOD-02,error,32000,96000,credit card,take away
825,SUN-43919,2024-05-22,error,drinks,DRK-07,3,26000,78000,digital wallet,online shop
826,missing,2024-02-19,Mineral_Water,drinks,DRK-07,2,26000,52000,cash,dine in
827,SUN-31524,2024-02-23,Lemonade_Espresso_Tonic,drinks,DRK-05,missing,24000,24000,missing,dine in
828,SUN-36934,2024-11-09,Strawberry_Mojito_Mocktail,drinks,DRK-06,3,27000,81000,digital wallet,unknown
829,SUN-46775,unknown,nan,drinks,DRK-03,1,28000,28000,cash,take away
830,SUN-45106,2024-04-25,Lemonade_Espresso_Tonic,drinks,DRK-05,4,24000,96000,digital wallet,take away
831,SUN-44439,2024-12-31,Fudgy Brownie With Ice Cream,missing,DST-02,1,18000,18000,unknown,online shop
832,SUN-30485,2024-06-14,Grilled Chicken Mentai Rice,food,FOD-04,4,42000,168000,credit card,take away
833,SUN-49434,2024-03-21,Iced_Aren_Latte,drinks,DRK-01,4,25000,100000,credit card,take away
834,SUN-35111,2024-08-17,Nasi Goreng Kampung Premium,food,FOD-02,2,unknown,64000,credit card,online shop
835,SUN-36950,2024-07-29,Nasi Goreng Kampung Premium,food,FOD-02,3,32000,96000,digital wallet,take away
836,SUN-45017,2024-03-03,Lotus Biscoff Cheesecake,desserts,missing,2,25000,50000,credit card,dine in
837,SUN-42481,2024-01-02,Lemonade_Espresso_Tonic,drinks,DRK-05,4,24000,96000,credit card,online shop
838,SUN-36121,2024-08-13,Truffle Fries & Sausage,food,FOD-01,3,error,30000,credit card,dine in
839,SUN-38665,2024-12-12,Grilled Chicken Mentai Rice,food,FOD-04,1,42000,42000,cash,take away
840,SUN-38965,2024-03-21,error,desserts,DST-02,2,18000,36000,credit card,dine in
841,missing,2024-11-04,Classic_Beef_Burger,food,nan,3,missing,unknown,cash,error
842,SUN-43917,2024-06-25,Grilled Chicken Mentai Rice,food,FOD-04,2,unknown,84000,credit card,online shop
843,SUN-40231,2024-01-29,Grilled Chicken Mentai Rice,error,FOD-04,2,42000,84000,cash,dine in
844,SUN-49623,2024-10-26,Cinnamon Roll,desserts,DST-04,2,35000,70000,cash,take away
845,SUN-43933,2024-03-01,Lemonade_Espresso_Tonic,drinks,DRK-05,2,24000,nan,cash,take away
846,SUN-33744,2024-05-10,Classic_Beef_Burger,unknown,missing,3,40000,120000,credit card,take away
847,SUN-35496,error,Fudgy Brownie With Ice Cream,nan,DST-02,3,18000,54000,credit card,take away
848,SUN-41572,2024-07-06,Mineral_Water,drinks,DRK-07,2,error,52000,cash,online shop
849,SUN-44976,2024-02-27,Matcha_Berry_Latte,nan,DRK-03,2,28000,56000,digital wallet,dine in
850,SUN-33725,2024-03-18,nan,nan,DRK-04,2,24000,48000,digital wallet,dine in
851,SUN-47438,2024-04-26,Grilled Chicken Mentai Rice,food,FOD-04,3,missing,nan,digital wallet,take away
852,SUN-35991,2024-11-20,Lemonade_Espresso_Tonic,unknown,DRK-05,2,24000,48000,unknown,online shop
853,SUN-45076,2024-10-14,Earl_Grey_Milk_Tea,drinks,DRK-04,2,24000,48000,digital wallet,take away
854,SUN-32845,2024-07-22,Strawberry_Mojito_Mocktail,drinks,DRK-06,3,27000,81000,cash,dine in
855,SUN-35927,2024-09-09,Mineral_Water,drinks,DRK-07,2,26000,52000,credit card,take away
856,SUN-35015,2024-07-26,Fudgy Brownie With Ice Cream,desserts,DST-02,error,18000,54000,digital wallet,online shop
857,SUN-48830,2024-08-22,Lotus Biscoff Cheesecake,desserts,DST-03,3,25000,75000,cash,dine in
858,SUN-32025,2024-05-27,Lotus Biscoff Cheesecake,desserts,DST-03,4,25000,100000,credit card,dine in
859,SUN-39104,2024-01-16,Creamy Spaghetti Carbonara,nan,FOD-03,1,38000,38000,digital wallet,dine in
860,SUN-48956,2024-10-31,Mineral_Water,drinks,DRK-07,1,unknown,26000,unknown,online shop
861,nan,2024-03-18,Tiramisu Tres Leches,desserts,nan,2,22000,44000,digital wallet,online shop
862,SUN-44025,2024-08-12,Earl_Grey_Milk_Tea,drinks,DRK-04,nan,24000,error,credit card,missing
863,SUN-47281,2024-02-13,missing,food,FOD-01,2,10000,20000,error,online shop
864,SUN-36403,2024-05-30,Mineral_Water,drinks,DRK-07,missing,26000,26000,digital wallet,dine in
865,unknown,2024-07-25,Iced_Aren_Latte,drinks,DRK-01,2,25000,50000,credit card,dine in
866,SUN-32344,2024-07-24,Creamy Spaghetti Carbonara,food,FOD-03,2,38000,76000,credit card,unknown
867,SUN-35921,2024-09-30,Creamy Spaghetti Carbonara,food,FOD-03,4,38000,152000,digital wallet,dine in
868,SUN-39700,2024-12-12,Earl_Grey_Milk_Tea,drinks,DRK-04,1,24000,24000,unknown,take away
869,missing,2024-06-25,Cinnamon Roll,desserts,DST-04,3,35000,105000,credit card,dine in
870,SUN-37867,2024-05-18,Hot_Americano,nan,DRK-02,1,22000,22000,digital wallet,nan
871,SUN-42427,2024-10-21,Truffle Fries & Sausage,food,FOD-01,3,10000,30000,missing,take away
872,SUN-43231,2024-03-18,Nasi Goreng Kampung Premium,missing,FOD-02,4,32000,128000,missing,missing
873,SUN-45964,2024-01-28,Truffle Fries & Sausage,unknown,FOD-01,4,error,error,cash,online shop
874,SUN-37937,2024-10-11,Hot_Americano,drinks,DRK-02,1,22000,22000,credit card,error
875,SUN-43092,2024-02-24,Truffle Fries & Sausage,food,FOD-01,1,unknown,10000,credit card,dine in
876,SUN-46647,2024-07-27,Earl_Grey_Milk_Tea,drinks,DRK-04,1,24000,24000,credit card,online shop
877,SUN-32572,2024-01-24,Truffle Fries & Sausage,food,FOD-01,1,error,10000,digital wallet,online shop
878,SUN-45859,2024-07-20,nan,food,missing,1,38000,error,cash,take away
879,SUN-30472,2024-05-28,Nasi Goreng Kampung Premium,food,FOD-02,2,32000,64000,cash,online shop
880,SUN-38206,2024-12-23,Truffle Fries & Sausage,food,FOD-01,2,unknown,20000,digital wallet,take away
881,SUN-36838,2024-03-13,Lemonade_Espresso_Tonic,drinks,DRK-05,1,24000,24000,nan,online shop
882,error,2024-05-12,Fudgy Brownie With Ice Cream,error,DST-02,4,18000,missing,cash,unknown
883,SUN-41160,2024-12-04,Creamy Spaghetti Carbonara,error,FOD-03,3,unknown,114000,cash,dine in
884,SUN-39219,2024-05-07,Cinnamon Roll,desserts,DST-04,4,35000,140000,cash,dine in
885,SUN-43628,unknown,Lotus Biscoff Cheesecake,desserts,DST-03,3,25000,error,digital wallet,unknown
886,SUN-47400,2024-08-19,Iced_Aren_Latte,error,DRK-01,3,25000,unknown,unknown,missing
887,SUN-45971,2024-10-20,Hot_Americano,drinks,DRK-02,1,22000,22000,credit card,take away
888,SUN-30785,2024-06-30,Nasi Goreng Kampung Premium,food,FOD-02,2,32000,64000,credit card,take away
889,SUN-37158,2024-01-25,Lotus Biscoff Cheesecake,nan,DST-03,3,25000,75000,digital wallet,online shop
890,unknown,2024-07-30,missing,food,FOD-04,1,42000,42000,cash,dine in
891,SUN-49105,2024-03-28,Cinnamon Roll,missing,DST-04,3,35000,105000,credit card,take away
892,SUN-43521,2024-06-06,Earl_Grey_Milk_Tea,drinks,DRK-04,3,24000,72000,cash,online shop
893,SUN-41634,2024-05-04,Earl_Grey_Milk_Tea,drinks,nan,2,24000,missing,credit card,take away
894,SUN-46032,2024-11-02,Truffle Fries & Sausage,food,FOD-01,4,10000,40000,credit card,take away
895,SUN-37363,2024-11-29,Grilled Chicken Mentai Rice,food,FOD-04,nan,42000,error,cash,take away
896,SUN-35719,2024-01-04,Grilled Chicken Mentai Rice,food,FOD-04,3,42000,126000,credit card,missing
897,SUN-33676,2024-12-17,Nasi Goreng Kampung Premium,unknown,FOD-02,4,32000,128000,credit card,dine in
898,SUN-37696,2024-12-18,Butter Croissant,desserts,DST-01,4,error,180000,digital wallet,online shop
899,SUN-44810,2024-08-27,Truffle Fries & Sausage,food,FOD-01,1,10000,10000,cash,error
900,SUN-33131,2024-05-17,Nasi Goreng Kampung Premium,food,FOD-02,1,32000,32000,credit card,take away
901,SUN-42870,2024-05-21,Lotus Biscoff Cheesecake,desserts,DST-03,1,25000,25000,error,dine in
902,SUN-36115,2024-12-08,Matcha_Berry_Latte,drinks,DRK-03,1,28000,28000,cash,dine in
903,SUN-38694,2024-11-13,error,drinks,DRK-04,4,24000,96000,cash,online shop
904,SUN-32172,2024-05-14,Tiramisu Tres Leches,desserts,DST-05,2,22000,44000,cash,unknown
905,SUN-38517,2024-07-19,Grilled Chicken Mentai Rice,food,FOD-04,1,42000,42000,digital wallet,online shop
906,SUN-35226,2024-03-11,Lemonade_Espresso_Tonic,drinks,DRK-05,2,24000,48000,cash,online shop
907,SUN-31276,2024-02-02,unknown,desserts,DST-05,4,22000,88000,digital wallet,take away
908,SUN-47436,2024-03-06,Cinnamon Roll,missing,DST-04,2,35000,70000,digital wallet,dine in
909,SUN-33365,2024-05-09,Grilled Chicken Mentai Rice,food,FOD-04,2,42000,84000,credit card,dine in
910,SUN-48826,2024-09-27,Matcha_Berry_Latte,unknown,unknown,3,28000,84000,cash,online shop
911,SUN-46840,2024-02-18,Fudgy Brownie With Ice Cream,desserts,error,2,18000,36000,unknown,take away
912,SUN-33194,2024-10-13,Cinnamon Roll,missing,DST-04,2,35000,70000,credit card,missing
913,SUN-36307,2024-10-21,Nasi Goreng Kampung Premium,food,FOD-02,3,32000,96000,credit card,online shop
914,SUN-43290,2024-01-07,Earl_Grey_Milk_Tea,error,DRK-04,2,24000,48000,credit card,take away
915,SUN-32216,2024-03-23,Tiramisu Tres Leches,desserts,DST-05,4,22000,88000,unknown,online shop
916,SUN-44603,2024-10-29,nan,desserts,unknown,3,35000,105000,cash,online shop
917,SUN-34858,2024-05-06,Lotus Biscoff Cheesecake,desserts,DST-03,1,25000,25000,cash,dine in
918,SUN-40568,2024-12-23,Cinnamon Roll,desserts,DST-04,4,35000,error,error,online shop
919,missing,2024-08-24,Earl_Grey_Milk_Tea,drinks,DRK-04,1,24000,unknown,nan,online shop
920,SUN-36502,2024-10-08,nan,food,nan,unknown,38000,114000,digital wallet,online shop
921,SUN-45965,2024-07-24,Lotus Biscoff Cheesecake,desserts,missing,3,25000,75000,digital wallet,take away
922,SUN-38935,2024-04-16,Matcha_Berry_Latte,drinks,missing,1,28000,28000,missing,take away
923,SUN-43877,2024-10-09,Butter Croissant,desserts,DST-01,2,45000,90000,cash,dine in
924,SUN-30802,2024-06-21,Iced_Aren_Latte,unknown,DRK-01,4,unknown,unknown,unknown,online shop
925,SUN-31314,2024-10-02,Hot_Americano,drinks,DRK-02,2,22000,44000,missing,take away
926,SUN-40431,2024-10-12,Matcha_Berry_Latte,drinks,DRK-03,1,28000,unknown,unknown,online shop
927,SUN-46263,2024-12-05,Fudgy Brownie With Ice Cream,desserts,DST-02,4,error,72000,digital wallet,take away
928,SUN-30909,2024-08-14,Classic_Beef_Burger,food,FOD-05,2,40000,80000,cash,dine in
929,SUN-48288,2024-07-13,Classic_Beef_Burger,food,FOD-05,2,40000,80000,credit card,dine in
930,SUN-40891,2024-09-30,Creamy Spaghetti Carbonara,food,FOD-03,4,38000,152000,error,dine in
931,SUN-49170,2024-05-19,Cinnamon Roll,desserts,DST-04,3,nan,105000,unknown,error
932,SUN-37790,2024-01-06,Fudgy Brownie With Ice Cream,desserts,DST-02,3,missing,54000,cash,dine in
933,SUN-31524,2024-01-20,Nasi Goreng Kampung Premium,food,FOD-02,4,32000,128000,digital wallet,take away
934,SUN-30119,2024-01-20,unknown,drinks,DRK-07,1,error,26000,digital wallet,take away
935,SUN-40266,2024-02-19,Cinnamon Roll,desserts,unknown,4,35000,missing,credit card,missing
936,SUN-48009,2024-11-21,Creamy Spaghetti Carbonara,food,FOD-03,3,error,114000,cash,take away
937,nan,2024-03-15,Lotus Biscoff Cheesecake,desserts,DST-03,3,25000,error,cash,take away
938,SUN-35380,2024-07-10,Hot_Americano,drinks,DRK-02,3,22000,66000,cash,error
939,SUN-34285,2024-02-07,Mineral_Water,drinks,missing,3,error,missing,credit card,error
940,SUN-32899,2024-05-12,Classic_Beef_Burger,food,FOD-05,3,nan,120000,credit card,take away
941,SUN-47655,2024-01-01,unknown,desserts,DST-03,4,25000,100000,digital wallet,dine in
942,SUN-48173,2024-01-17,missing,nan,FOD-03,2,38000,76000,unknown,dine in
943,SUN-33873,2024-06-06,Grilled Chicken Mentai Rice,food,missing,2,42000,84000,cash,dine in
944,SUN-44506,2024-10-27,unknown,drinks,DRK-04,2,error,48000,credit card,online shop
945,SUN-40500,2024-02-12,Cinnamon Roll,desserts,DST-04,3,missing,105000,cash,take away
946,SUN-41316,2024-10-07,Earl_Grey_Milk_Tea,drinks,DRK-04,2,24000,48000,credit card,dine in
947,nan,2024-04-27,Cinnamon Roll,desserts,DST-04,4,35000,140000,credit card,dine in
948,SUN-35545,2024-01-09,Mineral_Water,drinks,DRK-07,3,26000,78000,cash,online shop
949,SUN-42415,2024-04-22,Grilled Chicken Mentai Rice,food,FOD-04,4,42000,168000,digital wallet,dine in
950,SUN-32614,2024-08-04,Strawberry_Mojito_Mocktail,drinks,DRK-06,3,27000,81000,digital wallet,online shop
951,SUN-40173,2024-05-31,Fudgy Brownie With Ice Cream,desserts,DST-02,4,18000,72000,cash,online shop
952,SUN-34847,2024-01-07,missing,desserts,DST-03,2,25000,50000,credit card,online shop
953,SUN-42832,2024-07-16,nan,desserts,DST-04,4,35000,140000,digital wallet,take away
954,SUN-31869,2024-04-08,Lemonade_Espresso_Tonic,drinks,DRK-05,3,24000,unknown,cash,online shop
955,SUN-47119,2024-04-28,Tiramisu Tres Leches,desserts,DST-05,1,22000,nan,digital wallet,dine in
956,SUN-47496,2024-03-07,Creamy Spaghetti Carbonara,food,FOD-03,2,unknown,76000,digital wallet,unknown
957,missing,2024-03-25,Lotus Biscoff Cheesecake,desserts,DST-03,2,25000,50000,cash,online shop
958,SUN-48268,2024-08-16,Mineral_Water,missing,DRK-07,3,26000,78000,missing,take away
959,SUN-30895,2024-08-30,nan,drinks,DRK-06,2,27000,54000,nan,online shop
960,missing,2024-07-12,Lemonade_Espresso_Tonic,drinks,DRK-05,2,24000,48000,credit card,dine in
961,SUN-48221,2024-02-10,Lotus Biscoff Cheesecake,desserts,DST-03,4,25000,100000,unknown,take away
962,SUN-47499,error,Truffle Fries & Sausage,food,FOD-01,4,10000,40000,credit card,dine in
963,SUN-36651,2024-05-06,Matcha_Berry_Latte,drinks,DRK-03,2,28000,56000,cash,online shop
964,SUN-44960,2024-12-16,Fudgy Brownie With Ice Cream,desserts,unknown,1,18000,18000,cash,take away
965,SUN-34917,2024-02-26,Grilled Chicken Mentai Rice,missing,FOD-04,2,42000,84000,digital wallet,online shop
966,SUN-38968,2024-07-07,Hot_Americano,drinks,DRK-02,nan,22000,44000,cash,take away
967,SUN-44394,2024-01-10,Fudgy Brownie With Ice Cream,desserts,DST-02,1,18000,18000,error,take away
968,SUN-38938,2024-06-07,Cinnamon Roll,desserts,DST-04,3,35000,105000,digital wallet,online shop
969,SUN-42074,2024-10-28,Hot_Americano,drinks,DRK-02,2,22000,44000,cash,dine in
970,SUN-46135,2024-03-09,Classic_Beef_Burger,food,FOD-05,3,error,120000,nan,take away
971,SUN-39410,2024-10-01,Classic_Beef_Burger,food,FOD-05,4,40000,160000,credit card,dine in
972,SUN-37221,2024-10-25,Matcha_Berry_Latte,drinks,nan,2,error,56000,credit card,take away
973,SUN-44911,2024-11-09,nan,drinks,DRK-03,1,28000,28000,cash,dine in
974,SUN-43133,2024-09-24,error,drinks,DRK-01,3,25000,75000,digital wallet,online shop
975,missing,2024-08-24,Truffle Fries & Sausage,unknown,FOD-01,1,10000,10000,digital wallet,take away
976,SUN-40716,2024-01-06,Earl_Grey_Milk_Tea,drinks,nan,3,24000,missing,cash,dine in
977,SUN-38637,2024-10-31,Cinnamon Roll,desserts,DST-04,2,35000,70000,credit card,take away
978,SUN-33033,2024-09-05,Butter Croissant,desserts,DST-01,4,45000,180000,credit card,online shop
979,SUN-34118,2024-06-06,Lotus Biscoff Cheesecake,desserts,DST-03,3,missing,75000,credit card,online shop
980,SUN-46146,2024-04-07,missing,drinks,DRK-07,3,26000,78000,error,online shop
981,SUN-41620,2024-06-26,Strawberry_Mojito_Mocktail,drinks,DRK-06,2,27000,54000,error,online shop
982,SUN-49696,2024-05-19,Matcha_Berry_Latte,drinks,DRK-03,2,28000,56000,credit card,dine in
983,SUN-37968,2024-06-26,Grilled Chicken Mentai Rice,food,FOD-04,4,42000,error,credit card,nan
984,SUN-35354,2024-09-09,Cinnamon Roll,desserts,DST-04,3,35000,105000,credit card,error
985,SUN-34313,2024-01-27,Lotus Biscoff Cheesecake,desserts,DST-03,1,25000,25000,error,dine in
986,SUN-30127,2024-10-20,Hot_Americano,drinks,DRK-02,1,22000,22000,credit card,take away
987,nan,2024-11-07,Classic_Beef_Burger,food,FOD-05,3,40000,120000,credit card,dine in
988,SUN-36615,2024-03-15,Butter Croissant,desserts,DST-01,4,45000,180000,nan,dine in
989,SUN-32495,2024-11-08,Cinnamon Roll,desserts,DST-04,4,35000,140000,digital wallet,take away
990,missing,2024-03-24,Fudgy Brownie With Ice Cream,desserts,DST-02,1,18000,18000,cash,online shop
991,SUN-41864,2024-12-26,Hot_Americano,drinks,DRK-02,unknown,22000,88000,credit card,dine in
992,SUN-48881,2024-09-10,Mineral_Water,drinks,DRK-07,3,26000,78000,credit card,online shop
993,SUN-39540,2024-11-09,Hot_Americano,missing,DRK-02,4,22000,88000,cash,take away
994,SUN-41864,2024-05-06,error,desserts,DST-03,4,25000,nan,credit card,take away
995,SUN-46425,2024-12-07,Iced_Aren_Latte,drinks,DRK-01,1,25000,25000,digital wallet,take away
996,nan,2024-12-03,Lotus Biscoff Cheesecake,desserts,DST-03,1,25000,25000,credit card,take away
997,SUN-36583,2024-12-23,Hot_Americano,drinks,DRK-02,4,22000,88000,credit card,missing
998,SUN-39812,2024-10-19,Butter Croissant,desserts,DST-01,nan,45000,unknown,digital wallet,take away
999,SUN-48501,2024-05-25,Tiramisu Tres Leches,desserts,DST-05,3,22000,unknown,cash,dine in
1000,SUN-49896,2024-06-30,Iced_Aren_Latte,drinks,DRK-01,4,25000,100000,cash,online shop
1001,SUN-40244,2024-01-27,Fudgy Brownie With Ice Cream,desserts,DST-02,2,18000,36000,credit card,dine in
1002,SUN-36878,2024-02-29,Fudgy Brownie With Ice Cream,desserts,unknown,4,18000,missing,credit card,unknown
1003,SUN-37992,2024-07-23,Lemonade_Espresso_Tonic,drinks,DRK-05,1,24000,24000,credit card,take away
1004,SUN-39528,2024-01-07,Grilled Chicken Mentai Rice,food,FOD-04,error,42000,42000,cash,take away
1005,missing,2024-10-11,missing,missing,DST-02,missing,18000,18000,cash,take away
1006,SUN-47525,2024-11-14,Lotus Biscoff Cheesecake,desserts,DST-03,2,25000,50000,cash,dine in
1007,SUN-40599,2024-12-16,unknown,food,FOD-01,3,10000,30000,cash,online shop
1008,SUN-43295,2024-01-04,Earl_Grey_Milk_Tea,drinks,DRK-04,2,24000,missing,digital wallet,take away
1009,SUN-30420,2024-04-08,missing,drinks,DRK-02,1,22000,22000,digital wallet,unknown
1010,SUN-35273,2024-05-17,Grilled Chicken Mentai Rice,missing,FOD-04,4,42000,nan,cash,dine in
1011,SUN-47894,2024-05-03,Iced_Aren_Latte,drinks,DRK-01,2,25000,50000,digital wallet,take away
1012,SUN-31792,2024-11-07,Strawberry_Mojito_Mocktail,drinks,DRK-06,4,27000,108000,digital wallet,dine in
1013,SUN-38534,2024-12-17,Butter Croissant,desserts,DST-01,2,45000,90000,credit card,unknown
1014,SUN-49086,2024-02-03,Grilled Chicken Mentai Rice,food,FOD-04,nan,42000,126000,missing,online shop
1015,SUN-33098,2024-10-22,Lotus Biscoff Cheesecake,desserts,DST-03,3,25000,75000,credit card,dine in
1016,SUN-38177,2024-08-08,Lemonade_Espresso_Tonic,drinks,DRK-05,3,24000,nan,error,dine in
1017,nan,2024-03-03,nan,desserts,DST-04,2,35000,70000,digital wallet,online shop
1018,SUN-38715,2024-07-17,Truffle Fries & Sausage,food,FOD-01,3,10000,30000,cash,dine in
1019,SUN-37138,2024-12-20,Truffle Fries & Sausage,food,FOD-01,1,10000,error,cash,dine in
1020,missing,2024-09-12,Iced_Aren_Latte,drinks,DRK-01,2,25000,50000,missing,online shop
1021,unknown,2024-01-12,Matcha_Berry_Latte,unknown,DRK-03,2,28000,56000,nan,online shop
1022,SUN-32213,2024-04-03,Lemonade_Espresso_Tonic,drinks,DRK-05,4,unknown,96000,digital wallet,dine in
1023,SUN-33355,2024-01-03,Tiramisu Tres Leches,desserts,DST-05,2,22000,44000,credit card,online shop
1024,SUN-45445,2024-09-03,Fudgy Brownie With Ice Cream,missing,DST-02,1,18000,unknown,credit card,online shop
1025,SUN-48614,2024-03-09,Lemonade_Espresso_Tonic,drinks,DRK-05,3,unknown,72000,error,online shop
1026,unknown,2024-08-08,Lemonade_Espresso_Tonic,nan,DRK-05,2,unknown,48000,credit card,unknown
1027,SUN-38507,2024-03-11,unknown,drinks,DRK-03,2,28000,56000,digital wallet,dine in
1028,SUN-40805,2024-03-04,Lemonade_Espresso_Tonic,drinks,DRK-05,4,24000,unknown,cash,take away
1029,SUN-37644,2024-04-16,Butter Croissant,desserts,DST-01,3,45000,135000,unknown,dine in
1030,missing,2024-08-21,Earl_Grey_Milk_Tea,drinks,DRK-04,2,24000,unknown,digital wallet,online shop
1031,SUN-38122,2024-08-08,Iced_Aren_Latte,drinks,DRK-01,3,25000,75000,digital wallet,take away
1032,SUN-31325,2024-02-24,Strawberry_Mojito_Mocktail,drinks,nan,4,27000,108000,credit card,online shop
1033,SUN-37358,2024-12-02,Hot_Americano,drinks,DRK-02,4,22000,88000,error,missing
1034,SUN-34432,missing,Iced_Aren_Latte,drinks,DRK-01,4,error,100000,nan,take away
1035,SUN-48245,2024-06-04,Creamy Spaghetti Carbonara,food,FOD-03,3,38000,114000,cash,dine in
1036,SUN-41075,2024-08-17,missing,drinks,DRK-04,unknown,24000,72000,credit card,dine in
1037,SUN-46562,2024-03-18,Mineral_Water,drinks,DRK-07,2,26000,52000,digital wallet,nan
1038,SUN-33942,2024-07-25,nan,food,FOD-05,1,40000,40000,credit card,take away
1039,SUN-47553,2024-06-14,Butter Croissant,desserts,DST-01,2,45000,90000,cash,online shop
1040,SUN-47020,2024-08-31,Classic_Beef_Burger,food,FOD-05,2,40000,missing,cash,online shop
1041,SUN-44517,2024-02-23,unknown,food,FOD-01,2,unknown,20000,cash,online shop
1042,SUN-39998,2024-02-05,Tiramisu Tres Leches,desserts,DST-05,1,22000,22000,credit card,dine in
1043,SUN-39845,2024-11-16,Iced_Aren_Latte,drinks,DRK-01,nan,25000,100000,credit card,missing
1044,SUN-35176,2024-12-25,Nasi Goreng Kampung Premium,food,FOD-02,1,nan,32000,error,unknown
1045,SUN-38463,2024-05-01,Classic_Beef_Burger,food,FOD-05,1,40000,40000,missing,dine in
1046,SUN-43054,2024-04-05,Grilled Chicken Mentai Rice,food,FOD-04,2,42000,84000,nan,take away
1047,SUN-49758,2024-07-29,Grilled Chicken Mentai Rice,food,FOD-04,2,42000,84000,cash,online shop
1048,SUN-41633,2024-01-12,error,food,FOD-01,missing,10000,10000,unknown,online shop
1049,SUN-39061,2024-12-01,Mineral_Water,drinks,DRK-07,3,26000,78000,digital wallet,nan
1050,SUN-48145,2024-11-11,Truffle Fries & Sausage,food,FOD-01,1,10000,10000,credit card,dine in
1051,SUN-44239,2024-07-02,Cinnamon Roll,desserts,DST-04,2,35000,70000,missing,take away
1052,nan,2024-01-23,Butter Croissant,desserts,DST-01,1,45000,45000,cash,unknown
1053,SUN-46272,2024-06-20,Iced_Aren_Latte,drinks,DRK-01,3,25000,75000,credit card,dine in
1054,SUN-37514,2024-09-28,Earl_Grey_Milk_Tea,drinks,DRK-04,nan,24000,unknown,credit card,take away
1055,SUN-47343,2024-08-14,Cinnamon Roll,desserts,DST-04,2,35000,70000,digital wallet,dine in
1056,SUN-48233,2024-05-21,Earl_Grey_Milk_Tea,drinks,DRK-04,1,24000,24000,cash,missing
1057,SUN-43492,2024-11-14,Matcha_Berry_Latte,drinks,DRK-03,nan,28000,56000,credit card,dine in
1058,SUN-35222,2024-01-15,Cinnamon Roll,desserts,error,4,35000,140000,cash,online shop
1059,error,2024-02-07,Iced_Aren_Latte,drinks,DRK-01,3,25000,75000,digital wallet,dine in
1060,SUN-37785,2024-08-26,Butter Croissant,desserts,DST-01,1,45000,unknown,digital wallet,take away
1061,SUN-38954,2024-09-06,Iced_Aren_Latte,drinks,DRK-01,missing,25000,50000,digital wallet,take away
1062,SUN-30028,2024-04-23,Hot_Americano,drinks,DRK-02,error,22000,66000,digital wallet,dine in
1063,error,2024-05-03,Fudgy Brownie With Ice Cream,desserts,DST-02,3,18000,54000,cash,online shop
1064,SUN-42185,2024-03-21,Grilled Chicken Mentai Rice,food,FOD-04,1,42000,42000,credit card,dine in
1065,SUN-39763,2024-02-25,Butter Croissant,desserts,DST-01,3,45000,nan,credit card,online shop
1066,SUN-31572,2024-09-19,Lotus Biscoff Cheesecake,desserts,DST-03,1,25000,nan,digital wallet,online shop
1067,SUN-48328,2024-11-24,Lotus Biscoff Cheesecake,desserts,DST-03,1,25000,25000,credit card,dine in
1068,SUN-48577,2024-10-31,unknown,desserts,DST-01,3,45000,135000,cash,online shop
1069,SUN-30419,2024-12-03,Classic_Beef_Burger,food,FOD-05,2,40000,missing,digital wallet,dine in
1070,SUN-38142,2024-05-31,Nasi Goreng Kampung Premium,food,FOD-02,3,32000,unknown,digital wallet,online shop
1071,SUN-47455,2024-02-20,Iced_Aren_Latte,drinks,DRK-01,4,25000,100000,credit card,dine in
1072,nan,2024-05-08,Tiramisu Tres Leches,error,unknown,2,22000,44000,credit card,take away
1073,SUN-42354,2024-06-24,Mineral_Water,drinks,DRK-07,4,26000,error,cash,dine in
1074,SUN-30663,2024-07-26,unknown,desserts,nan,3,18000,54000,cash,dine in
1075,SUN-46421,2024-12-30,Earl_Grey_Milk_Tea,drinks,DRK-04,4,24000,96000,digital wallet,online shop
1076,SUN-38455,2024-07-09,missing,food,FOD-01,error,10000,40000,credit card,take away
1077,SUN-36228,2024-09-15,missing,desserts,DST-03,1,unknown,25000,cash,error
1078,SUN-32742,2024-11-18,Tiramisu Tres Leches,desserts,DST-05,error,22000,44000,digital wallet,online shop
1079,SUN-43478,2024-05-28,Lotus Biscoff Cheesecake,desserts,unknown,4,25000,100000,cash,take away
1080,SUN-32386,2024-04-29,Fudgy Brownie With Ice Cream,desserts,DST-02,unknown,18000,72000,digital wallet,take away
1081,SUN-45433,2024-03-03,nan,desserts,DST-04,4,35000,140000,credit card,dine in
1082,SUN-44714,2024-07-06,Hot_Americano,drinks,DRK-02,4,22000,88000,digital wallet,take away
1083,SUN-49029,2024-12-26,Creamy Spaghetti Carbonara,food,FOD-03,4,38000,152000,digital wallet,online shop
1084,SUN-46614,2024-08-30,missing,drinks,DRK-04,1,24000,24000,digital wallet,take away
1085,unknown,2024-08-11,Matcha_Berry_Latte,drinks,DRK-03,3,28000,84000,digital wallet,dine in
1086,SUN-45591,2024-04-17,Hot_Americano,drinks,DRK-02,missing,22000,22000,credit card,take away
1087,nan,2024-05-21,Earl_Grey_Milk_Tea,drinks,DRK-04,3,unknown,72000,missing,take away
1088,SUN-46219,2024-09-27,Lotus Biscoff Cheesecake,desserts,DST-03,4,25000,100000,cash,dine in
1089,SUN-37335,2024-04-01,Truffle Fries & Sausage,error,FOD-01,3,10000,nan,digital wallet,dine in
1090,SUN-42446,2024-06-28,Iced_Aren_Latte,drinks,nan,4,25000,100000,credit card,dine in
1091,SUN-48492,2024-12-10,Earl_Grey_Milk_Tea,drinks,DRK-04,3,24000,missing,cash,take away
1092,SUN-34874,2024-07-08,Earl_Grey_Milk_Tea,drinks,DRK-04,2,24000,missing,cash,dine in
1093,SUN-49962,2024-08-26,Iced_Aren_Latte,drinks,DRK-01,nan,25000,100000,error,dine in
1094,SUN-47167,2024-08-09,Lotus Biscoff Cheesecake,desserts,DST-03,1,25000,25000,credit card,online shop
1095,SUN-46932,2024-01-04,error,drinks,DRK-04,3,24000,missing,digital wallet,take away
1096,SUN-44947,2024-09-17,Lemonade_Espresso_Tonic,drinks,DRK-05,missing,24000,96000,credit card,unknown
1097,SUN-47426,2024-08-20,Iced_Aren_Latte,drinks,DRK-01,1,25000,25000,cash,dine in
1098,SUN-31577,2024-12-07,Nasi Goreng Kampung Premium,food,missing,3,32000,96000,digital wallet,dine in
1099,SUN-47151,2024-10-09,Lotus Biscoff Cheesecake,desserts,DST-03,1,25000,25000,credit card,online shop
1100,error,2024-12-14,Lotus Biscoff Cheesecake,desserts,DST-03,4,25000,100000,cash,online shop
1101,SUN-40994,2024-07-02,Nasi Goreng Kampung Premium,food,FOD-02,4,32000,128000,nan,nan
1102,SUN-48485,2024-04-02,missing,desserts,nan,3,35000,105000,cash,online shop
1103,SUN-43716,2024-02-16,Truffle Fries & Sausage,food,FOD-01,4,10000,40000,digital wallet,take away
1104,SUN-41574,2024-09-02,Grilled Chicken Mentai Rice,food,FOD-04,3,42000,126000,missing,take away
1105,SUN-43995,2024-05-16,missing,desserts,DST-03,1,25000,25000,credit card,online shop
1106,nan,2024-07-26,Lotus Biscoff Cheesecake,missing,DST-03,2,25000,50000,digital wallet,take away
1107,SUN-44905,2024-06-24,Grilled Chicken Mentai Rice,food,FOD-04,4,42000,168000,cash,take away
1108,SUN-37706,2024-05-26,Earl_Grey_Milk_Tea,drinks,DRK-04,error,24000,error,credit card,take away
1109,SUN-41139,2024-07-16,nan,desserts,DST-04,2,35000,70000,digital wallet,online shop
1110,SUN-42668,2024-07-15,Lemonade_Espresso_Tonic,drinks,DRK-05,3,error,72000,digital wallet,dine in
1111,SUN-31403,2024-02-06,unknown,drinks,DRK-06,3,27000,81000,digital wallet,dine in
1112,SUN-32189,2024-05-25,Creamy Spaghetti Carbonara,food,FOD-03,2,38000,76000,missing,take away
1113,SUN-45947,2024-05-04,Lemonade_Espresso_Tonic,drinks,DRK-05,2,24000,error,cash,online shop
1114,SUN-43089,2024-07-06,unknown,food,FOD-02,missing,32000,128000,error,take away
1115,SUN-39954,2024-06-24,Tiramisu Tres Leches,desserts,DST-05,1,22000,22000,credit card,take away
1116,SUN-40987,2024-11-15,Nasi Goreng Kampung Premium,food,FOD-02,2,32000,64000,cash,missing
1117,SUN-30591,2024-03-26,Mineral_Water,drinks,DRK-07,1,26000,26000,digital wallet,online shop
1118,SUN-35986,2024-06-16,Mineral_Water,drinks,DRK-07,2,26000,52000,digital wallet,missing
1119,error,2024-01-20,Lotus Biscoff Cheesecake,nan,DST-03,1,25000,unknown,digital wallet,take away
1120,SUN-33392,2024-11-04,Grilled Chicken Mentai Rice,food,FOD-04,2,42000,unknown,credit card,missing
1121,SUN-38794,2024-01-31,Lemonade_Espresso_Tonic,drinks,DRK-05,1,24000,24000,digital wallet,error
1122,nan,2024-01-07,nan,drinks,DRK-01,3,25000,75000,unknown,take away
1123,SUN-43600,2024-07-05,nan,unknown,DRK-05,1,24000,nan,digital wallet,online shop
1124,SUN-44805,2024-07-02,Butter Croissant,desserts,DST-01,1,45000,unknown,credit card,online shop
1125,SUN-31455,2024-01-06,Strawberry_Mojito_Mocktail,drinks,error,1,27000,27000,digital wallet,dine in
1126,SUN-41523,2024-06-24,unknown,food,FOD-03,missing,38000,38000,digital wallet,online shop
1127,SUN-37544,2024-02-18,error,desserts,DST-05,4,22000,missing,digital wallet,dine in
1128,SUN-32271,2024-08-11,Earl_Grey_Milk_Tea,drinks,DRK-04,3,24000,72000,cash,take away
1129,SUN-48164,2024-04-18,Mineral_Water,drinks,DRK-07,3,26000,78000,credit card,dine in
1130,SUN-36727,2024-05-19,Nasi Goreng Kampung Premium,food,FOD-02,2,32000,64000,credit card,dine in
1131,SUN-41172,2024-05-19,Cinnamon Roll,unknown,DST-04,1,35000,35000,digital wallet,take away
1132,SUN-49827,2024-01-11,Truffle Fries & Sausage,food,FOD-01,3,10000,30000,cash,take away
1133,SUN-32260,2024-06-09,Matcha_Berry_Latte,drinks,DRK-03,3,28000,84000,cash,take away
1134,SUN-36584,2024-01-15,Earl_Grey_Milk_Tea,drinks,DRK-04,3,24000,72000,digital wallet,dine in
1135,SUN-46896,2024-05-30,Hot_Americano,drinks,DRK-02,3,22000,66000,cash,online shop
1136,SUN-49487,2024-08-22,Cinnamon Roll,desserts,DST-04,3,35000,105000,cash,dine in
1137,SUN-47954,2024-01-27,Cinnamon Roll,desserts,DST-04,nan,35000,70000,cash,dine in
1138,SUN-39994,2024-10-25,Cinnamon Roll,desserts,DST-04,1,35000,35000,unknown,dine in
1139,SUN-48995,2024-11-26,Matcha_Berry_Latte,drinks,DRK-03,1,28000,missing,digital wallet,online shop
1140,SUN-48385,2024-11-23,error,drinks,DRK-03,1,nan,error,digital wallet,online shop
1141,SUN-48219,2024-11-07,Mineral_Water,drinks,DRK-07,2,nan,52000,nan,dine in
1142,SUN-45302,2024-08-04,Grilled Chicken Mentai Rice,food,FOD-04,3,42000,126000,cash,online shop
1143,unknown,2024-05-26,missing,drinks,DRK-06,4,27000,108000,cash,online shop
1144,SUN-36167,2024-06-28,unknown,food,FOD-02,2,32000,64000,missing,dine in
1145,SUN-45843,unknown,Lotus Biscoff Cheesecake,desserts,DST-03,2,25000,50000,cash,online shop
1146,SUN-36191,2024-10-25,Cinnamon Roll,desserts,DST-04,4,nan,140000,cash,dine in
1147,error,2024-11-15,Iced_Aren_Latte,drinks,DRK-01,3,25000,75000,digital wallet,missing
1148,SUN-47694,2024-07-20,missing,drinks,unknown,2,27000,54000,digital wallet,dine in
1149,SUN-37488,2024-11-18,Nasi Goreng Kampung Premium,missing,FOD-02,4,32000,128000,cash,take away
1150,nan,2024-12-10,Creamy Spaghetti Carbonara,food,FOD-03,3,38000,114000,digital wallet,online shop
1151,SUN-30041,2024-04-01,Lemonade_Espresso_Tonic,drinks,DRK-05,1,missing,24000,missing,take away
1152,SUN-46702,2024-03-19,Tiramisu Tres Leches,desserts,DST-05,4,22000,88000,digital wallet,take away
1153,SUN-35102,2024-07-04,Cinnamon Roll,unknown,DST-04,3,35000,error,credit card,online shop
1154,SUN-49198,2024-01-18,Iced_Aren_Latte,drinks,DRK-01,1,25000,25000,cash,take away
1155,SUN-49661,2024-12-21,Creamy Spaghetti Carbonara,food,FOD-03,2,38000,unknown,credit card,take away
1156,SUN-35273,2024-04-28,Mineral_Water,drinks,DRK-07,3,26000,78000,cash,online shop
1157,nan,2024-07-09,Iced_Aren_Latte,drinks,DRK-01,4,nan,100000,error,dine in
1158,SUN-31551,2024-10-25,Tiramisu Tres Leches,desserts,DST-05,2,22000,44000,digital wallet,unknown
1159,SUN-49445,2024-10-30,Tiramisu Tres Leches,desserts,DST-05,2,22000,44000,cash,online shop
1160,SUN-44664,2024-07-01,Hot_Americano,drinks,DRK-02,error,22000,66000,cash,error
1161,SUN-33204,2024-07-16,Creamy Spaghetti Carbonara,food,FOD-03,3,38000,114000,cash,online shop
1162,SUN-44915,2024-02-04,Iced_Aren_Latte,drinks,DRK-01,3,25000,75000,cash,online shop
1163,SUN-31033,2024-11-20,Butter Croissant,desserts,DST-01,2,45000,missing,digital wallet,dine in
1164,SUN-35740,2024-05-12,Iced_Aren_Latte,drinks,DRK-01,1,unknown,missing,cash,nan
1165,SUN-34409,2024-07-06,Nasi Goreng Kampung Premium,food,FOD-02,4,32000,128000,cash,online shop
1166,SUN-46129,2024-07-26,Hot_Americano,drinks,DRK-02,4,22000,88000,credit card,take away
1167,SUN-32543,2024-10-10,Lotus Biscoff Cheesecake,desserts,DST-03,4,25000,100000,digital wallet,dine in
1168,SUN-34402,2024-10-08,Earl_Grey_Milk_Tea,drinks,DRK-04,unknown,24000,24000,cash,dine in
1169,SUN-35195,2024-02-12,Matcha_Berry_Latte,drinks,DRK-03,3,error,84000,digital wallet,take away
1170,SUN-49806,2024-10-31,Mineral_Water,drinks,DRK-07,unknown,26000,52000,credit card,dine in
1171,SUN-34585,2024-08-06,Strawberry_Mojito_Mocktail,drinks,DRK-06,4,27000,108000,digital wallet,online shop
1172,SUN-49021,2024-09-05,Hot_Americano,drinks,unknown,3,unknown,66000,credit card,dine in
1173,SUN-34112,2024-01-11,missing,desserts,DST-01,3,45000,nan,cash,online shop
1174,SUN-48344,2024-01-24,Strawberry_Mojito_Mocktail,drinks,DRK-06,3,27000,81000,credit card,dine in
1175,SUN-39563,2024-08-09,Cinnamon Roll,desserts,DST-04,4,35000,nan,credit card,online shop
1176,SUN-40338,2024-02-26,Hot_Americano,drinks,DRK-02,unknown,22000,22000,credit card,online shop
1177,SUN-40966,2024-08-16,Mineral_Water,drinks,DRK-07,4,26000,104000,credit card,take away
1178,SUN-34889,2024-04-24,Cinnamon Roll,desserts,DST-04,2,missing,70000,credit card,online shop
1179,unknown,2024-12-05,nan,drinks,DRK-04,2,missing,48000,cash,take away
1180,SUN-36658,2024-10-24,Iced_Aren_Latte,drinks,DRK-01,2,25000,error,unknown,dine in
1181,SUN-43597,2024-02-29,Butter Croissant,unknown,DST-01,4,45000,180000,error,dine in
1182,SUN-48517,2024-02-05,Lotus Biscoff Cheesecake,desserts,missing,1,error,25000,digital wallet,online shop
1183,SUN-32990,2024-12-07,Earl_Grey_Milk_Tea,drinks,DRK-04,2,24000,48000,cash,dine in
1184,SUN-39974,2024-08-22,Matcha_Berry_Latte,drinks,DRK-03,4,28000,112000,digital wallet,take away
1185,SUN-47707,2024-11-21,Classic_Beef_Burger,food,FOD-05,2,40000,80000,cash,online shop
1186,SUN-48109,2024-11-18,missing,food,FOD-03,1,38000,38000,digital wallet,online shop
1187,SUN-31379,2024-07-25,Lotus Biscoff Cheesecake,desserts,DST-03,1,25000,25000,nan,dine in
1188,SUN-46875,2024-04-23,Fudgy Brownie With Ice Cream,desserts,DST-02,4,18000,72000,cash,take away
1189,SUN-46546,2024-01-28,Lemonade_Espresso_Tonic,drinks,unknown,4,24000,nan,digital wallet,dine in
1190,unknown,2024-02-11,Truffle Fries & Sausage,food,FOD-01,3,10000,30000,credit card,unknown
1191,unknown,2024-12-06,Earl_Grey_Milk_Tea,drinks,DRK-04,2,24000,48000,digital wallet,online shop
1192,SUN-39729,2024-03-24,Butter Croissant,desserts,DST-01,error,45000,error,digital wallet,dine in
1193,SUN-48517,2024-07-22,Fudgy Brownie With Ice Cream,desserts,DST-02,3,18000,54000,cash,take away
1194,missing,2024-04-27,Truffle Fries & Sausage,food,FOD-01,4,nan,40000,credit card,nan
1195,SUN-31934,2024-04-05,Creamy Spaghetti Carbonara,food,FOD-03,1,error,38000,digital wallet,online shop
1196,SUN-37423,2024-07-09,Nasi Goreng Kampung Premium,food,FOD-02,1,32000,32000,cash,dine in
1197,SUN-31587,2024-07-23,Truffle Fries & Sausage,food,FOD-01,2,10000,20000,missing,online shop
1198,SUN-36939,2024-11-08,Iced_Aren_Latte,drinks,DRK-01,2,25000,50000,cash,dine in
1199,SUN-45051,2024-06-18,Creamy Spaghetti Carbonara,food,FOD-03,2,38000,unknown,cash,dine in
1200,SUN-44098,2024-10-14,nan,nan,FOD-01,2,nan,20000,cash,dine in
1201,SUN-41920,2024-02-05,Hot_Americano,drinks,DRK-02,1,22000,unknown,digital wallet,online shop
1202,error,2024-11-21,Earl_Grey_Milk_Tea,drinks,DRK-04,4,24000,96000,cash,online shop
1203,SUN-37306,2024-06-30,Classic_Beef_Burger,food,FOD-05,1,40000,40000,error,nan
1204,SUN-35679,2024-12-10,Truffle Fries & Sausage,food,FOD-01,nan,10000,30000,digital wallet,dine in
1205,SUN-31269,2024-01-19,Hot_Americano,nan,DRK-02,4,22000,88000,credit card,take away
1206,SUN-33604,2024-08-07,Matcha_Berry_Latte,drinks,DRK-03,2,28000,missing,cash,unknown
1207,SUN-31089,2024-02-01,Matcha_Berry_Latte,drinks,DRK-03,4,28000,missing,cash,missing
1208,SUN-40692,2024-04-18,Classic_Beef_Burger,food,FOD-05,4,40000,error,cash,online shop
1209,SUN-39855,2024-10-12,Classic_Beef_Burger,food,FOD-05,1,40000,40000,cash,online shop
1210,SUN-40220,2024-09-12,Classic_Beef_Burger,food,FOD-05,1,40000,error,digital wallet,dine in
1211,SUN-37826,2024-06-10,Earl_Grey_Milk_Tea,drinks,DRK-04,1,24000,24000,cash,dine in
1212,SUN-37354,2024-02-01,missing,drinks,DRK-01,1,25000,25000,cash,unknown
1213,SUN-32961,2024-12-20,Iced_Aren_Latte,error,DRK-01,2,25000,missing,error,online shop
1214,SUN-35102,2024-10-26,missing,drinks,DRK-04,1,24000,24000,digital wallet,online shop
1215,SUN-31274,2024-10-05,Strawberry_Mojito_Mocktail,drinks,DRK-06,1,27000,27000,credit card,dine in
1216,nan,2024-02-02,missing,food,nan,3,40000,missing,cash,online shop
1217,SUN-32298,2024-03-06,missing,drinks,DRK-06,3,missing,81000,credit card,dine in
1218,SUN-35118,2024-07-07,Creamy Spaghetti Carbonara,food,FOD-03,4,38000,unknown,digital wallet,online shop
1219,SUN-40933,2024-07-31,Lotus Biscoff Cheesecake,desserts,nan,2,25000,50000,missing,missing
1220,SUN-44572,2024-01-31,Grilled Chicken Mentai Rice,food,FOD-04,2,42000,84000,credit card,online shop
1221,SUN-37018,2024-10-31,Iced_Aren_Latte,drinks,DRK-01,3,25000,unknown,credit card,dine in
1222,SUN-47836,2024-12-29,Mineral_Water,drinks,DRK-07,3,error,78000,credit card,dine in
1223,SUN-48171,2024-03-30,Grilled Chicken Mentai Rice,food,FOD-04,4,42000,168000,digital wallet,take away
1224,SUN-49590,2024-10-08,Nasi Goreng Kampung Premium,food,FOD-02,3,32000,unknown,cash,take away
1225,SUN-36384,2024-06-25,Nasi Goreng Kampung Premium,unknown,FOD-02,4,nan,128000,credit card,take away
1226,missing,2024-12-02,Strawberry_Mojito_Mocktail,unknown,DRK-06,1,27000,27000,unknown,online shop
1227,missing,2024-12-17,Tiramisu Tres Leches,desserts,DST-05,4,error,88000,digital wallet,dine in
1228,SUN-34350,2024-08-04,error,desserts,DST-04,2,35000,70000,cash,take away
1229,SUN-35368,2024-05-24,Nasi Goreng Kampung Premium,food,FOD-02,4,32000,128000,cash,dine in
1230,SUN-47160,2024-10-10,Grilled Chicken Mentai Rice,food,FOD-04,1,42000,42000,credit card,take away
1231,SUN-36458,2024-05-23,Grilled Chicken Mentai Rice,food,FOD-04,3,42000,126000,cash,take away
1232,SUN-34545,2024-10-27,Nasi Goreng Kampung Premium,food,FOD-02,3,32000,96000,cash,dine in
1233,SUN-43099,2024-04-23,unknown,drinks,DRK-05,3,24000,72000,cash,take away
1234,SUN-48869,2024-08-15,Lotus Biscoff Cheesecake,desserts,DST-03,1,25000,missing,credit card,online shop
1235,SUN-38169,2024-10-14,Fudgy Brownie With Ice Cream,desserts,missing,1,18000,18000,digital wallet,online shop
1236,SUN-45377,2024-08-19,Tiramisu Tres Leches,desserts,nan,1,22000,22000,unknown,online shop
1237,SUN-31659,2024-07-08,missing,desserts,DST-05,1,22000,22000,digital wallet,take away
1238,SUN-43741,2024-03-04,missing,desserts,DST-03,3,25000,75000,credit card,dine in
1239,SUN-31771,2024-05-15,nan,food,FOD-04,3,42000,126000,digital wallet,online shop
1240,SUN-49224,2024-01-10,missing,drinks,DRK-05,2,24000,48000,digital wallet,dine in
1241,SUN-40303,2024-12-04,Truffle Fries & Sausage,food,FOD-01,error,10000,40000,credit card,dine in
1242,SUN-31695,2024-08-21,Matcha_Berry_Latte,drinks,DRK-03,2,28000,56000,cash,dine in
1243,SUN-46118,2024-12-08,Creamy Spaghetti Carbonara,food,FOD-03,2,38000,error,unknown,take away
1244,SUN-36949,2024-10-19,Earl_Grey_Milk_Tea,drinks,DRK-04,missing,24000,24000,cash,dine in
1245,SUN-43137,2024-09-14,Fudgy Brownie With Ice Cream,desserts,DST-02,1,error,18000,credit card,unknown
1246,SUN-35317,2024-08-14,Classic_Beef_Burger,food,FOD-05,4,40000,160000,cash,dine in
1247,SUN-41252,2024-03-08,nan,desserts,DST-02,1,18000,missing,cash,missing
1248,SUN-40748,2024-08-22,Matcha_Berry_Latte,drinks,DRK-03,unknown,28000,28000,credit card,nan
1249,SUN-41265,2024-08-08,Matcha_Berry_Latte,drinks,DRK-03,error,28000,112000,unknown,dine in
1250,SUN-40790,2024-06-13,error,drinks,DRK-04,4,24000,unknown,credit card,online shop
1251,SUN-44885,2024-04-02,Matcha_Berry_Latte,drinks,DRK-03,1,28000,28000,digital wallet,take away
1252,SUN-39504,2024-02-01,Grilled Chicken Mentai Rice,missing,FOD-04,3,42000,126000,cash,dine in
1253,SUN-47819,2024-09-27,Nasi Goreng Kampung Premium,food,FOD-02,1,32000,32000,cash,online shop
1254,SUN-31260,2024-08-11,Classic_Beef_Burger,food,FOD-05,3,40000,120000,nan,error
1255,SUN-46712,2024-08-07,Lemonade_Espresso_Tonic,drinks,DRK-05,2,24000,48000,credit card,dine in
1256,SUN-49865,2024-11-02,unknown,desserts,DST-03,2,25000,50000,digital wallet,nan
1257,SUN-48151,2024-10-04,missing,drinks,DRK-04,3,24000,error,missing,take away
1258,SUN-36922,2024-03-16,Nasi Goreng Kampung Premium,error,FOD-02,4,32000,128000,cash,dine in
1259,SUN-45535,2024-08-04,Classic_Beef_Burger,food,nan,missing,40000,160000,nan,dine in
1260,SUN-49459,2024-02-03,Earl_Grey_Milk_Tea,nan,DRK-04,nan,24000,24000,digital wallet,take away
1261,SUN-35619,nan,Nasi Goreng Kampung Premium,missing,FOD-02,1,32000,32000,credit card,online shop
1262,SUN-40094,2024-05-21,Lotus Biscoff Cheesecake,desserts,DST-03,4,25000,100000,digital wallet,dine in
1263,SUN-38152,2024-12-20,Iced_Aren_Latte,drinks,DRK-01,3,25000,75000,error,missing
1264,SUN-33573,2024-01-19,error,drinks,DRK-03,2,28000,56000,digital wallet,dine in
1265,SUN-45077,2024-06-29,nan,desserts,DST-05,3,22000,66000,digital wallet,dine in
1266,SUN-35977,2024-06-30,Grilled Chicken Mentai Rice,food,FOD-04,4,42000,168000,credit card,dine in
1267,SUN-32296,2024-12-05,Lotus Biscoff Cheesecake,desserts,DST-03,2,25000,50000,credit card,take away
1268,SUN-31791,2024-02-08,Cinnamon Roll,error,DST-04,nan,35000,35000,missing,take away
1269,SUN-30764,2024-05-12,Strawberry_Mojito_Mocktail,nan,DRK-06,3,27000,unknown,credit card,take away
1270,SUN-34233,2024-04-19,Nasi Goreng Kampung Premium,food,FOD-02,4,32000,128000,digital wallet,take away
1271,SUN-46892,2024-03-16,Mineral_Water,nan,nan,error,26000,104000,credit card,take away
1272,SUN-36269,2024-06-28,Butter Croissant,desserts,DST-01,3,45000,135000,error,take away
1273,SUN-37970,2024-12-30,Hot_Americano,drinks,DRK-02,1,22000,22000,credit card,online shop
1274,SUN-47065,2024-11-18,Lemonade_Espresso_Tonic,nan,DRK-05,2,unknown,48000,digital wallet,dine in
1275,SUN-44965,2024-09-01,Lemonade_Espresso_Tonic,nan,DRK-05,2,24000,error,digital wallet,take away
1276,SUN-31542,2024-10-30,unknown,desserts,DST-05,3,error,66000,cash,dine in
1277,SUN-43733,2024-01-28,Lotus Biscoff Cheesecake,desserts,DST-03,1,25000,25000,nan,take away
1278,SUN-30469,2024-05-14,Butter Croissant,desserts,DST-01,1,45000,nan,credit card,take away
1279,missing,2024-11-18,Earl_Grey_Milk_Tea,drinks,DRK-04,3,24000,72000,nan,online shop
1280,SUN-30674,2024-12-10,Truffle Fries & Sausage,food,FOD-01,1,10000,missing,digital wallet,online shop
1281,SUN-49876,2024-09-20,Lotus Biscoff Cheesecake,missing,DST-03,4,25000,100000,credit card,online shop
1282,SUN-38352,2024-09-27,Iced_Aren_Latte,drinks,DRK-01,2,25000,50000,digital wallet,take away
1283,SUN-35255,2024-01-06,error,drinks,DRK-04,4,24000,96000,cash,online shop
1284,SUN-34336,2024-07-21,Classic_Beef_Burger,food,FOD-05,1,40000,40000,digital wallet,online shop
1285,SUN-39504,2024-07-01,Nasi Goreng Kampung Premium,food,missing,2,32000,64000,cash,take away
1286,SUN-30894,2024-01-13,Matcha_Berry_Latte,drinks,DRK-03,4,nan,112000,digital wallet,error
1287,SUN-40948,2024-12-31,unknown,drinks,DRK-02,2,22000,44000,cash,take away
1288,SUN-36924,2024-04-16,Lotus Biscoff Cheesecake,desserts,DST-03,1,25000,missing,credit card,missing
1289,SUN-46118,2024-05-29,Earl_Grey_Milk_Tea,drinks,DRK-04,3,24000,unknown,credit card,dine in
1290,SUN-45128,2024-01-22,Hot_Americano,drinks,DRK-02,3,missing,66000,cash,dine in
1291,SUN-48654,2024-12-12,Matcha_Berry_Latte,drinks,DRK-03,2,unknown,56000,digital wallet,online shop
1292,SUN-30956,2024-05-29,Nasi Goreng Kampung Premium,food,FOD-02,4,32000,128000,credit card,online shop
1293,nan,2024-06-09,Cinnamon Roll,desserts,DST-04,1,35000,35000,credit card,take away
1294,SUN-41418,2024-07-13,Fudgy Brownie With Ice Cream,desserts,DST-02,3,error,missing,cash,dine in
1295,SUN-40897,2024-10-20,missing,food,FOD-04,3,42000,nan,unknown,take away
1296,SUN-36162,2024-12-09,Tiramisu Tres Leches,desserts,DST-05,4,22000,88000,cash,take away
1297,SUN-49341,2024-11-12,Cinnamon Roll,desserts,DST-04,4,35000,140000,cash,online shop
1298,SUN-35918,2024-03-01,Grilled Chicken Mentai Rice,food,FOD-04,4,nan,168000,cash,take away
1299,SUN-32696,2024-08-02,Butter Croissant,desserts,DST-01,4,nan,180000,digital wallet,take away
1300,SUN-36976,2024-06-08,Hot_Americano,drinks,DRK-02,1,22000,22000,cash,nan
1301,unknown,2024-07-06,Iced_Aren_Latte,drinks,DRK-01,4,25000,100000,cash,take away
1302,SUN-43851,2024-04-21,nan,drinks,DRK-04,1,24000,24000,unknown,dine in
1303,SUN-42402,2024-10-11,Iced_Aren_Latte,drinks,DRK-01,unknown,25000,50000,credit card,dine in
1304,SUN-47517,2024-03-10,Mineral_Water,error,DRK-07,2,26000,52000,digital wallet,dine in
1305,SUN-43500,2024-04-30,Earl_Grey_Milk_Tea,drinks,DRK-04,2,24000,48000,credit card,dine in
1306,SUN-45791,2024-04-18,Grilled Chicken Mentai Rice,unknown,FOD-04,1,nan,42000,cash,dine in
1307,SUN-45696,2024-06-24,Strawberry_Mojito_Mocktail,drinks,DRK-06,1,unknown,27000,digital wallet,error
1308,SUN-30877,2024-09-19,Hot_Americano,drinks,DRK-02,2,22000,44000,digital wallet,online shop
1309,SUN-48816,2024-06-15,nan,drinks,DRK-05,2,24000,48000,cash,dine in
1310,SUN-38461,2024-12-08,Creamy Spaghetti Carbonara,food,error,1,38000,38000,cash,dine in
1311,SUN-34747,2024-11-08,Lotus Biscoff Cheesecake,desserts,DST-03,4,unknown,100000,credit card,dine in
1312,SUN-31756,2024-07-03,Iced_Aren_Latte,drinks,DRK-01,1,25000,25000,credit card,missing
1313,SUN-42962,2024-12-03,Truffle Fries & Sausage,food,FOD-01,1,10000,missing,cash,take away
1314,SUN-36082,2024-11-01,Classic_Beef_Burger,unknown,FOD-05,4,40000,160000,credit card,take away
1315,SUN-49866,2024-03-05,Fudgy Brownie With Ice Cream,desserts,DST-02,4,18000,72000,credit card,online shop
1316,SUN-49969,2024-03-03,Strawberry_Mojito_Mocktail,drinks,DRK-06,4,27000,108000,unknown,take away
1317,SUN-46407,2024-11-08,Grilled Chicken Mentai Rice,food,FOD-04,3,42000,126000,unknown,dine in
1318,SUN-40843,2024-06-02,Earl_Grey_Milk_Tea,drinks,missing,3,24000,72000,error,missing
1319,SUN-40822,2024-05-07,Truffle Fries & Sausage,food,FOD-01,1,10000,10000,cash,take away
1320,SUN-30242,2024-08-23,Fudgy Brownie With Ice Cream,desserts,DST-02,4,18000,error,credit card,dine in
1321,SUN-49583,2024-06-09,Strawberry_Mojito_Mocktail,unknown,DRK-06,3,27000,81000,digital wallet,take away
1322,SUN-46718,2024-05-07,Tiramisu Tres Leches,desserts,DST-05,4,22000,88000,credit card,dine in
1323,SUN-31081,2024-01-21,Classic_Beef_Burger,food,FOD-05,4,40000,160000,credit card,online shop
1324,SUN-33540,2024-05-14,nan,desserts,DST-03,4,25000,100000,credit card,dine in
1325,SUN-45387,2024-09-24,Truffle Fries & Sausage,food,FOD-01,4,error,40000,credit card,take away
1326,SUN-39698,2024-11-11,Classic_Beef_Burger,error,FOD-05,1,40000,40000,cash,take away
1327,SUN-34725,2024-07-23,Iced_Aren_Latte,drinks,DRK-01,1,25000,25000,credit card,take away
1328,SUN-43382,2024-11-25,error,desserts,DST-03,3,25000,75000,credit card,online shop
1329,SUN-30667,2024-05-10,Lotus Biscoff Cheesecake,desserts,DST-03,4,25000,100000,credit card,dine in
1330,SUN-46404,2024-06-10,Hot_Americano,drinks,DRK-02,4,22000,missing,digital wallet,dine in
1331,SUN-42658,2024-06-07,Lotus Biscoff Cheesecake,desserts,DST-03,4,25000,100000,credit card,take away
1332,error,2024-05-03,Iced_Aren_Latte,drinks,DRK-01,4,25000,100000,nan,nan
1333,SUN-47941,2024-11-28,unknown,desserts,DST-03,1,25000,25000,digital wallet,dine in
1334,SUN-42804,2024-04-20,Matcha_Berry_Latte,drinks,DRK-03,4,28000,112000,digital wallet,dine in
1335,SUN-33053,2024-03-12,Earl_Grey_Milk_Tea,drinks,DRK-04,2,24000,48000,cash,online shop
1336,SUN-41693,2024-08-17,Truffle Fries & Sausage,food,FOD-01,1,10000,10000,credit card,online shop
1337,SUN-37424,2024-06-13,Truffle Fries & Sausage,unknown,FOD-01,4,10000,40000,digital wallet,missing
1338,SUN-34411,2024-07-02,Truffle Fries & Sausage,food,FOD-01,3,10000,unknown,cash,online shop
1339,unknown,2024-07-11,Tiramisu Tres Leches,desserts,DST-05,2,22000,44000,digital wallet,online shop
1340,SUN-40009,2024-11-12,Matcha_Berry_Latte,drinks,DRK-03,nan,28000,error,credit card,take away
1341,missing,2024-11-09,Strawberry_Mojito_Mocktail,drinks,DRK-06,2,27000,54000,nan,online shop
1342,SUN-35601,2024-03-08,Mineral_Water,drinks,DRK-07,3,26000,78000,digital wallet,missing
1343,SUN-41682,2024-12-07,Cinnamon Roll,desserts,DST-04,3,35000,105000,credit card,online shop
1344,SUN-37345,2024-07-04,Lotus Biscoff Cheesecake,desserts,DST-03,2,25000,50000,credit card,take away
1345,SUN-43537,2024-04-04,Nasi Goreng Kampung Premium,food,FOD-02,1,32000,error,digital wallet,dine in
1346,SUN-40078,2024-12-10,Fudgy Brownie With Ice Cream,desserts,DST-02,2,18000,36000,credit card,dine in
1347,SUN-38748,2024-01-30,Butter Croissant,desserts,nan,2,45000,90000,unknown,take away
1348,SUN-38966,2024-08-23,unknown,drinks,DRK-06,4,27000,108000,credit card,dine in
1349,SUN-49243,2024-03-05,unknown,food,FOD-05,error,40000,80000,digital wallet,dine in
1350,SUN-48492,2024-04-20,Cinnamon Roll,desserts,DST-04,2,35000,nan,digital wallet,unknown
1351,SUN-43256,2024-01-22,Lotus Biscoff Cheesecake,desserts,DST-03,3,25000,75000,missing,take away
1352,SUN-45172,2024-11-01,Matcha_Berry_Latte,missing,DRK-03,1,28000,28000,credit card,online shop
1353,unknown,2024-05-15,unknown,drinks,DRK-07,3,missing,78000,cash,nan
1354,nan,2024-06-29,nan,food,FOD-04,2,42000,84000,error,dine in
1355,SUN-49040,2024-03-29,error,drinks,nan,3,27000,unknown,digital wallet,error
1356,SUN-44955,2024-03-19,unknown,food,FOD-05,nan,40000,120000,cash,dine in
1357,SUN-31310,2024-01-01,Butter Croissant,desserts,DST-01,2,45000,error,digital wallet,take away
1358,SUN-48415,2024-03-01,Mineral_Water,drinks,DRK-07,2,error,52000,unknown,online shop
1359,SUN-46199,2024-11-09,Nasi Goreng Kampung Premium,food,FOD-02,4,32000,128000,credit card,take away
1360,SUN-45607,2024-08-28,Butter Croissant,desserts,DST-01,4,unknown,180000,missing,take away
1361,SUN-31148,2024-11-17,missing,desserts,DST-03,4,unknown,100000,credit card,dine in
1362,SUN-40110,2024-12-28,Lotus Biscoff Cheesecake,desserts,DST-03,3,25000,75000,digital wallet,take away
1363,SUN-30113,2024-02-24,Truffle Fries & Sausage,food,FOD-01,4,10000,40000,credit card,online shop
1364,SUN-40196,2024-08-18,Creamy Spaghetti Carbonara,food,FOD-03,4,38000,152000,cash,nan
1365,SUN-34172,2024-04-03,Lotus Biscoff Cheesecake,desserts,DST-03,2,25000,50000,cash,take away
1366,SUN-43600,2024-02-28,Hot_Americano,drinks,DRK-02,4,22000,88000,digital wallet,take away
1367,SUN-30673,2024-12-24,Cinnamon Roll,desserts,DST-04,missing,35000,105000,digital wallet,dine in
1368,SUN-37117,2024-02-23,Creamy Spaghetti Carbonara,food,unknown,4,38000,152000,missing,take away
1369,SUN-31688,2024-10-11,Butter Croissant,desserts,DST-01,2,45000,90000,credit card,take away
1370,SUN-38087,2024-08-26,Fudgy Brownie With Ice Cream,nan,nan,2,18000,36000,cash,dine in
1371,SUN-34522,2024-07-13,Lemonade_Espresso_Tonic,drinks,DRK-05,2,24000,48000,cash,online shop
1372,SUN-39708,2024-02-24,Truffle Fries & Sausage,food,FOD-01,unknown,10000,10000,credit card,take away
1373,nan,2024-05-02,Strawberry_Mojito_Mocktail,error,DRK-06,3,unknown,81000,cash,dine in
1374,SUN-36993,2024-10-21,Mineral_Water,drinks,DRK-07,4,26000,104000,credit card,online shop
1375,SUN-47126,2024-07-21,Classic_Beef_Burger,food,FOD-05,nan,40000,160000,error,unknown
1376,SUN-37601,2024-07-09,Hot_Americano,drinks,DRK-02,2,22000,44000,digital wallet,dine in
1377,SUN-47884,2024-10-03,Tiramisu Tres Leches,desserts,DST-05,missing,22000,88000,credit card,online shop
1378,SUN-33302,2024-02-23,Fudgy Brownie With Ice Cream,desserts,DST-02,3,18000,missing,nan,missing
1379,SUN-44461,2024-02-11,missing,food,FOD-02,2,32000,64000,credit card,take away
1380,SUN-38689,2024-03-25,Matcha_Berry_Latte,drinks,DRK-03,3,unknown,84000,nan,take away
1381,SUN-38290,2024-02-12,error,drinks,DRK-01,1,25000,25000,credit card,dine in
1382,SUN-38780,2024-10-11,Cinnamon Roll,desserts,DST-04,4,35000,missing,credit card,dine in
1383,SUN-41871,2024-01-26,unknown,drinks,DRK-05,4,24000,96000,cash,nan
1384,SUN-37102,2024-07-13,Truffle Fries & Sausage,food,FOD-01,3,10000,30000,credit card,online shop
1385,SUN-45660,2024-04-02,Hot_Americano,drinks,DRK-02,3,22000,66000,cash,online shop
1386,SUN-45560,2024-04-08,Nasi Goreng Kampung Premium,food,FOD-02,missing,32000,nan,missing,take away
1387,unknown,2024-11-27,Nasi Goreng Kampung Premium,food,FOD-02,4,32000,128000,digital wallet,online shop
1388,missing,2024-11-08,Iced_Aren_Latte,drinks,DRK-01,2,25000,50000,digital wallet,take away
1389,error,2024-01-23,Mineral_Water,drinks,DRK-07,unknown,26000,26000,credit card,take away
1390,SUN-49647,2024-06-01,Iced_Aren_Latte,drinks,DRK-01,4,25000,100000,credit card,online shop
1391,unknown,2024-07-27,Truffle Fries & Sausage,food,FOD-01,4,missing,40000,credit card,dine in
1392,SUN-49146,2024-10-30,error,drinks,DRK-07,3,26000,78000,credit card,dine in
1393,SUN-32428,2024-10-11,Mineral_Water,drinks,DRK-07,2,26000,52000,error,dine in
1394,SUN-47184,2024-06-09,nan,drinks,DRK-04,1,24000,nan,cash,unknown
1395,SUN-40004,2024-05-19,Grilled Chicken Mentai Rice,food,FOD-04,2,42000,84000,digital wallet,online shop
1396,SUN-44450,2024-12-17,Tiramisu Tres Leches,error,error,unknown,22000,88000,cash,dine in
1397,SUN-49064,2024-12-07,Classic_Beef_Burger,food,FOD-05,2,40000,80000,credit card,dine in
1398,SUN-36383,2024-09-10,missing,desserts,DST-03,1,25000,25000,cash,take away
1399,SUN-44100,2024-06-01,Grilled Chicken Mentai Rice,food,FOD-04,4,error,168000,digital wallet,online shop
1400,SUN-31603,2024-12-26,error,drinks,DRK-07,4,26000,104000,cash,unknown
1401,SUN-43161,2024-10-30,Nasi Goreng Kampung Premium,error,FOD-02,4,32000,128000,credit card,nan
1402,SUN-36325,2024-01-15,Matcha_Berry_Latte,drinks,DRK-03,3,28000,84000,cash,take away
1403,SUN-32986,2024-02-22,Hot_Americano,drinks,DRK-02,1,22000,22000,cash,take away
1404,SUN-35367,2024-01-30,Iced_Aren_Latte,drinks,missing,missing,25000,error,cash,missing
1405,SUN-38898,2024-09-17,Butter Croissant,desserts,DST-01,2,45000,90000,cash,take away
1406,SUN-49273,2024-12-15,Mineral_Water,drinks,DRK-07,4,26000,104000,missing,take away
1407,SUN-35047,2024-03-27,error,drinks,DRK-06,3,27000,81000,digital wallet,online shop
1408,SUN-30369,2024-01-21,Strawberry_Mojito_Mocktail,missing,DRK-06,4,27000,108000,cash,dine in
1409,error,2024-06-07,Lotus Biscoff Cheesecake,desserts,DST-03,1,25000,25000,credit card,take away
1410,SUN-41882,2024-05-12,Iced_Aren_Latte,drinks,DRK-01,4,25000,100000,nan,take away
1411,nan,2024-07-25,Strawberry_Mojito_Mocktail,drinks,DRK-06,1,27000,27000,credit card,dine in
1412,SUN-34099,2024-10-07,Truffle Fries & Sausage,food,FOD-01,1,10000,10000,cash,nan
1413,SUN-31474,2024-07-12,error,drinks,DRK-06,1,missing,27000,digital wallet,dine in
1414,SUN-49570,2024-09-27,Tiramisu Tres Leches,error,DST-05,1,unknown,missing,digital wallet,dine in
1415,SUN-44519,2024-12-17,Lemonade_Espresso_Tonic,drinks,error,4,24000,96000,cash,dine in
1416,SUN-34263,2024-02-08,Iced_Aren_Latte,drinks,DRK-01,4,25000,100000,digital wallet,dine in
1417,SUN-46045,2024-10-16,Fudgy Brownie With Ice Cream,unknown,DST-02,2,18000,36000,digital wallet,online shop
1418,SUN-35943,2024-07-13,Mineral_Water,drinks,DRK-07,3,26000,78000,cash,online shop
1419,error,2024-02-04,Iced_Aren_Latte,drinks,DRK-01,2,25000,50000,cash,take away
1420,unknown,2024-03-25,Strawberry_Mojito_Mocktail,drinks,DRK-06,4,27000,108000,digital wallet,dine in
1421,SUN-35152,2024-09-17,Cinnamon Roll,desserts,DST-04,4,35000,140000,credit card,dine in
1422,SUN-42607,2024-11-23,Strawberry_Mojito_Mocktail,drinks,DRK-06,error,27000,81000,digital wallet,online shop
1423,SUN-35401,2024-03-06,missing,drinks,DRK-02,2,22000,44000,cash,take away
1424,SUN-35131,2024-04-12,Iced_Aren_Latte,drinks,DRK-01,1,25000,25000,cash,unknown
1425,SUN-45769,2024-05-13,Butter Croissant,unknown,DST-01,3,nan,135000,credit card,dine in
1426,SUN-40898,2024-04-28,Tiramisu Tres Leches,error,DST-05,3,22000,66000,credit card,dine in
1427,SUN-41112,2024-01-09,Iced_Aren_Latte,drinks,DRK-01,2,error,50000,nan,nan
1428,SUN-31035,2024-07-31,Hot_Americano,drinks,DRK-02,4,error,88000,missing,online shop
1429,SUN-32133,2024-02-13,Tiramisu Tres Leches,unknown,DST-05,2,22000,44000,digital wallet,missing
1430,SUN-35945,2024-03-09,Creamy Spaghetti Carbonara,food,FOD-03,1,38000,38000,credit card,unknown
1431,SUN-46638,2024-09-20,Butter Croissant,desserts,DST-01,2,45000,90000,digital wallet,online shop
1432,SUN-46567,2024-03-20,Grilled Chicken Mentai Rice,food,FOD-04,3,42000,126000,error,error
1433,SUN-39423,2024-05-07,Lotus Biscoff Cheesecake,error,DST-03,1,25000,25000,digital wallet,take away
1434,error,2024-07-13,Truffle Fries & Sausage,missing,FOD-01,1,10000,10000,credit card,dine in
1435,SUN-38902,2024-12-19,Butter Croissant,desserts,DST-01,unknown,45000,45000,digital wallet,online shop
1436,SUN-42380,2024-03-23,Truffle Fries & Sausage,unknown,FOD-01,4,10000,40000,credit card,take away
1437,SUN-48503,2024-07-17,Mineral_Water,drinks,DRK-07,4,error,104000,unknown,dine in
1438,SUN-36546,2024-02-25,Iced_Aren_Latte,drinks,DRK-01,2,25000,50000,cash,dine in
1439,SUN-30714,2024-10-29,Grilled Chicken Mentai Rice,food,missing,4,42000,168000,cash,take away
1440,SUN-38897,2024-12-29,Butter Croissant,desserts,DST-01,4,45000,180000,cash,take away
1441,SUN-44624,2024-12-29,Strawberry_Mojito_Mocktail,drinks,DRK-06,2,27000,54000,missing,dine in
1442,SUN-30727,2024-04-17,Classic_Beef_Burger,food,FOD-05,4,40000,160000,cash,nan
1443,SUN-33095,2024-12-24,Cinnamon Roll,desserts,missing,3,35000,105000,digital wallet,online shop
1444,SUN-49020,2024-11-09,Matcha_Berry_Latte,drinks,DRK-03,4,28000,112000,credit card,missing
1445,SUN-47262,2024-06-27,Lotus Biscoff Cheesecake,unknown,DST-03,4,25000,100000,digital wallet,online shop
1446,error,2024-04-26,Mineral_Water,drinks,DRK-07,error,26000,nan,missing,dine in
1447,SUN-37529,2024-07-30,Grilled Chicken Mentai Rice,error,FOD-04,2,42000,84000,cash,take away
1448,SUN-34566,2024-09-08,Hot_Americano,drinks,DRK-02,3,nan,66000,digital wallet,take away
1449,SUN-37732,2024-02-20,Earl_Grey_Milk_Tea,drinks,DRK-04,3,24000,72000,credit card,take away
1450,SUN-47884,2024-09-02,unknown,food,FOD-03,3,unknown,unknown,cash,online shop
1451,SUN-37653,2024-08-25,Truffle Fries & Sausage,food,unknown,4,10000,40000,credit card,take away
1452,SUN-47546,2024-07-17,nan,drinks,DRK-07,3,error,78000,credit card,online shop
1453,SUN-35248,2024-05-10,missing,food,FOD-03,1,38000,38000,nan,unknown
1454,SUN-36910,2024-08-15,Iced_Aren_Latte,drinks,DRK-01,2,25000,50000,credit card,take away
1455,SUN-43224,2024-10-12,Hot_Americano,drinks,DRK-02,1,22000,22000,cash,unknown
1456,SUN-42301,2024-04-29,nan,drinks,DRK-05,4,24000,96000,credit card,online shop
1457,SUN-45846,2024-07-27,missing,desserts,DST-01,4,45000,180000,missing,dine in
1458,SUN-37245,2024-10-12,Mineral_Water,drinks,DRK-07,3,26000,78000,credit card,online shop
1459,SUN-47410,2024-07-21,missing,drinks,DRK-07,3,26000,nan,digital wallet,online shop
1460,SUN-45242,2024-11-21,unknown,desserts,DST-02,unknown,18000,18000,digital wallet,dine in
1461,SUN-42545,2024-10-12,Tiramisu Tres Leches,desserts,DST-05,1,22000,22000,cash,error
1462,SUN-42506,2024-04-26,error,drinks,DRK-03,3,28000,84000,digital wallet,online shop
1463,nan,2024-11-02,Cinnamon Roll,desserts,DST-04,4,nan,140000,error,dine in
1464,SUN-38842,2024-08-15,error,unknown,DRK-03,3,28000,84000,credit card,online shop
1465,SUN-47102,2024-08-18,Truffle Fries & Sausage,food,nan,4,10000,40000,digital wallet,take away
1466,SUN-30592,2024-06-14,Grilled Chicken Mentai Rice,food,FOD-04,2,missing,84000,cash,online shop
1467,SUN-44195,2024-02-05,Matcha_Berry_Latte,drinks,DRK-03,2,28000,56000,digital wallet,online shop
1468,SUN-35493,2024-03-09,Creamy Spaghetti Carbonara,food,error,missing,38000,114000,unknown,unknown
1469,SUN-41829,2024-06-29,Iced_Aren_Latte,drinks,DRK-01,2,25000,50000,credit card,dine in
1470,SUN-44752,2024-05-04,Truffle Fries & Sausage,food,FOD-01,1,10000,10000,digital wallet,take away
1471,SUN-38408,2024-11-19,nan,drinks,DRK-06,1,27000,27000,cash,missing
1472,SUN-43771,2024-08-26,Nasi Goreng Kampung Premium,food,FOD-02,4,32000,128000,cash,take away
1473,SUN-36860,2024-09-26,Creamy Spaghetti Carbonara,food,FOD-03,2,38000,76000,digital wallet,take away
1474,SUN-38379,2024-07-02,Hot_Americano,drinks,DRK-02,2,unknown,44000,cash,take away
1475,SUN-49874,2024-08-05,Classic_Beef_Burger,food,FOD-05,1,40000,error,unknown,take away
1476,SUN-40163,unknown,Matcha_Berry_Latte,drinks,DRK-03,4,28000,112000,credit card,take away
1477,SUN-30996,2024-01-23,nan,food,FOD-02,3,32000,96000,credit card,unknown
1478,SUN-32192,2024-08-04,Butter Croissant,desserts,DST-01,3,45000,135000,digital wallet,dine in
1479,SUN-46806,2024-12-22,Classic_Beef_Burger,food,FOD-05,3,40000,unknown,credit card,error
1480,SUN-39100,2024-10-04,Nasi Goreng Kampung Premium,food,FOD-02,1,32000,32000,unknown,take away
1481,SUN-31445,2024-01-10,Matcha_Berry_Latte,drinks,DRK-03,3,unknown,error,cash,dine in
1482,SUN-38338,2024-12-02,Creamy Spaghetti Carbonara,food,FOD-03,3,38000,114000,cash,online shop
1483,SUN-35728,2024-02-20,Matcha_Berry_Latte,drinks,DRK-03,1,28000,28000,cash,online shop
1484,SUN-30187,2024-08-01,Cinnamon Roll,nan,DST-04,3,35000,missing,credit card,take away
1485,SUN-32362,2024-01-25,error,drinks,DRK-03,3,unknown,84000,credit card,online shop
1486,error,nan,Tiramisu Tres Leches,desserts,DST-05,4,22000,missing,credit card,take away
1487,SUN-35394,2024-08-15,Hot_Americano,drinks,DRK-02,4,22000,unknown,missing,take away
1488,SUN-34759,2024-06-28,Classic_Beef_Burger,food,FOD-05,unknown,40000,nan,missing,take away
1489,SUN-40714,2024-06-25,missing,drinks,DRK-02,1,22000,22000,digital wallet,take away
1490,SUN-46272,2024-05-07,Iced_Aren_Latte,drinks,DRK-01,4,25000,100000,error,dine in
1491,SUN-34884,2024-12-08,Classic_Beef_Burger,unknown,FOD-05,unknown,40000,120000,digital wallet,online shop
1492,SUN-46442,2024-10-16,Strawberry_Mojito_Mocktail,drinks,DRK-06,4,unknown,unknown,credit card,take away
1493,SUN-32491,2024-08-16,Lotus Biscoff Cheesecake,desserts,DST-03,4,25000,100000,nan,online shop
1494,SUN-49594,2024-06-12,Classic_Beef_Burger,food,FOD-05,3,40000,120000,digital wallet,dine in
1495,SUN-39200,2024-07-25,Butter Croissant,missing,DST-01,1,45000,45000,error,error
1496,SUN-48798,2024-08-15,nan,desserts,DST-05,2,22000,44000,cash,take away
1497,SUN-41587,2024-01-09,Lemonade_Espresso_Tonic,drinks,DRK-05,4,24000,error,credit card,error
1498,SUN-35371,2024-01-25,Lotus Biscoff Cheesecake,desserts,DST-03,1,25000,25000,credit card,take away
1499,SUN-48298,2024-12-15,Creamy Spaghetti Carbonara,food,FOD-03,4,38000,152000,digital wallet,dine in
1500,SUN-36527,2024-07-18,Iced_Aren_Latte,drinks,DRK-01,1,error,25000,digital wallet,take away
1501,SUN-33525,missing,Truffle Fries & Sausage,missing,nan,3,10000,30000,credit card,dine in
1502,SUN-44625,2024-12-11,missing,drinks,DRK-01,3,25000,75000,cash,online shop
1503,SUN-43726,2024-04-07,Lotus Biscoff Cheesecake,desserts,DST-03,4,25000,100000,digital wallet,take away
1504,SUN-41259,2024-02-17,missing,desserts,DST-05,2,22000,44000,cash,dine in
1505,SUN-32723,2024-07-01,Strawberry_Mojito_Mocktail,drinks,DRK-06,2,27000,54000,credit card,take away
1506,SUN-45582,2024-12-05,Tiramisu Tres Leches,desserts,DST-05,1,22000,22000,missing,online shop
1507,missing,2024-12-12,unknown,drinks,DRK-05,3,error,72000,cash,take away
1508,SUN-36249,2024-05-03,Mineral_Water,drinks,DRK-07,2,26000,52000,digital wallet,online shop
1509,SUN-31045,2024-10-03,Truffle Fries & Sausage,food,FOD-01,4,10000,40000,digital wallet,missing
1510,SUN-45014,2024-12-09,Creamy Spaghetti Carbonara,food,FOD-03,2,38000,unknown,credit card,dine in
1511,unknown,2024-02-08,Matcha_Berry_Latte,nan,DRK-03,1,28000,28000,cash,take away
1512,SUN-34267,2024-10-30,Matcha_Berry_Latte,drinks,DRK-03,nan,28000,56000,cash,dine in
1513,SUN-46221,2024-07-21,Lemonade_Espresso_Tonic,drinks,DRK-05,unknown,24000,96000,cash,error
1514,SUN-37028,2024-01-12,Fudgy Brownie With Ice Cream,desserts,DST-02,1,18000,18000,credit card,dine in
1515,SUN-35693,2024-06-04,Matcha_Berry_Latte,drinks,DRK-03,1,28000,28000,credit card,dine in
1516,SUN-33109,2024-03-13,Earl_Grey_Milk_Tea,drinks,DRK-04,1,24000,24000,cash,online shop
1517,SUN-32292,2024-02-27,Iced_Aren_Latte,drinks,nan,4,25000,100000,cash,dine in
1518,SUN-31696,2024-11-12,Matcha_Berry_Latte,drinks,DRK-03,3,28000,84000,cash,online shop
1519,SUN-41207,2024-09-01,nan,drinks,DRK-07,3,unknown,78000,digital wallet,missing
1520,SUN-39037,2024-05-21,Tiramisu Tres Leches,missing,DST-05,2,22000,44000,credit card,take away
1521,SUN-35258,2024-02-28,unknown,drinks,DRK-06,4,27000,108000,digital wallet,take away
1522,SUN-34560,2024-12-06,Mineral_Water,drinks,DRK-07,nan,26000,26000,unknown,online shop
1523,SUN-39384,2024-09-14,Lotus Biscoff Cheesecake,desserts,unknown,2,25000,50000,cash,take away
1524,SUN-45268,2024-05-16,Strawberry_Mojito_Mocktail,drinks,DRK-06,1,27000,27000,digital wallet,dine in
1525,SUN-48333,2024-08-10,Iced_Aren_Latte,drinks,DRK-01,2,25000,50000,cash,nan
1526,SUN-33134,2024-12-03,Creamy Spaghetti Carbonara,food,FOD-03,2,38000,76000,cash,online shop
1527,SUN-35500,2024-03-26,unknown,drinks,nan,4,22000,88000,digital wallet,dine in
1528,SUN-41304,2024-03-22,Fudgy Brownie With Ice Cream,error,DST-02,3,18000,54000,credit card,nan
1529,SUN-46765,2024-01-25,Earl_Grey_Milk_Tea,drinks,DRK-04,nan,24000,24000,digital wallet,online shop
1530,missing,2024-11-27,Creamy Spaghetti Carbonara,food,FOD-03,1,38000,38000,credit card,take away
1531,SUN-41334,2024-08-12,Butter Croissant,desserts,missing,1,45000,45000,credit card,online shop
1532,SUN-38981,2024-05-28,Butter Croissant,desserts,DST-01,nan,45000,missing,cash,online shop
1533,SUN-49549,2024-08-08,Fudgy Brownie With Ice Cream,desserts,DST-02,4,18000,72000,nan,take away
1534,SUN-46754,2024-02-16,Creamy Spaghetti Carbonara,food,FOD-03,1,38000,missing,cash,online shop
1535,SUN-40701,2024-04-26,Mineral_Water,drinks,DRK-07,4,26000,104000,digital wallet,dine in
1536,SUN-45964,2024-04-01,nan,desserts,unknown,4,18000,72000,digital wallet,dine in
1537,SUN-40929,2024-04-04,Lotus Biscoff Cheesecake,desserts,DST-03,1,25000,error,credit card,take away
1538,SUN-41081,2024-02-07,error,food,FOD-01,1,unknown,error,digital wallet,take away
1539,SUN-32275,2024-09-30,missing,food,FOD-01,4,10000,40000,cash,take away
1540,SUN-49466,2024-10-31,Matcha_Berry_Latte,drinks,DRK-03,4,28000,112000,credit card,online shop
1541,SUN-44999,2024-07-23,nan,drinks,DRK-01,2,25000,50000,digital wallet,dine in
1542,SUN-33657,2024-03-31,Creamy Spaghetti Carbonara,missing,FOD-03,1,38000,38000,digital wallet,online shop
1543,SUN-48900,2024-06-13,Lotus Biscoff Cheesecake,desserts,DST-03,4,25000,100000,cash,dine in
1544,SUN-38375,2024-04-17,Fudgy Brownie With Ice Cream,desserts,DST-02,3,18000,54000,digital wallet,take away
1545,SUN-30036,2024-06-14,Creamy Spaghetti Carbonara,food,FOD-03,4,38000,error,digital wallet,take away
1546,SUN-32297,2024-05-24,Grilled Chicken Mentai Rice,missing,FOD-04,1,42000,42000,credit card,take away
1547,SUN-40189,2024-12-04,Mineral_Water,drinks,nan,1,26000,26000,cash,take away
1548,SUN-30847,2024-10-24,unknown,drinks,DRK-03,3,error,84000,unknown,online shop
1549,SUN-31245,2024-01-06,Fudgy Brownie With Ice Cream,desserts,DST-02,1,18000,18000,error,missing
1550,SUN-40193,2024-11-16,Lotus Biscoff Cheesecake,desserts,DST-03,2,25000,50000,digital wallet,missing
1551,SUN-30101,2024-11-21,Iced_Aren_Latte,drinks,DRK-01,2,25000,50000,cash,take away
1552,nan,2024-05-16,Grilled Chicken Mentai Rice,food,nan,4,42000,168000,credit card,unknown
1553,SUN-31241,2024-06-08,error,food,FOD-04,4,42000,168000,digital wallet,dine in
1554,SUN-37075,2024-10-19,missing,drinks,DRK-05,2,24000,48000,nan,dine in
1555,nan,2024-01-12,error,food,FOD-05,4,40000,160000,cash,dine in
1556,SUN-37580,2024-10-01,Mineral_Water,drinks,DRK-07,nan,26000,104000,cash,take away
1557,SUN-34994,2024-09-14,Lemonade_Espresso_Tonic,drinks,DRK-05,2,24000,nan,credit card,dine in
1558,SUN-43047,2024-11-19,Cinnamon Roll,unknown,DST-04,4,35000,nan,digital wallet,dine in
1559,SUN-35457,2024-02-28,unknown,food,FOD-01,4,10000,nan,nan,take away
1560,SUN-47449,2024-03-12,Tiramisu Tres Leches,desserts,DST-05,3,22000,error,digital wallet,take away
1561,SUN-44588,2024-06-24,Lotus Biscoff Cheesecake,desserts,DST-03,unknown,25000,50000,digital wallet,take away
1562,SUN-31322,2024-02-29,Strawberry_Mojito_Mocktail,drinks,DRK-06,1,27000,27000,digital wallet,dine in
1563,SUN-34901,2024-06-05,Earl_Grey_Milk_Tea,unknown,DRK-04,2,24000,error,credit card,nan
1564,SUN-34891,2024-06-25,Nasi Goreng Kampung Premium,food,FOD-02,4,32000,128000,error,online shop
1565,SUN-42795,2024-12-06,Lotus Biscoff Cheesecake,nan,nan,1,error,25000,digital wallet,online shop
1566,SUN-41769,2024-12-06,Tiramisu Tres Leches,desserts,DST-05,2,22000,44000,digital wallet,dine in
1567,error,2024-09-08,nan,desserts,DST-01,4,missing,180000,digital wallet,take away
1568,SUN-34018,2024-03-13,Strawberry_Mojito_Mocktail,drinks,DRK-06,3,27000,nan,digital wallet,take away
1569,SUN-43300,2024-11-21,nan,desserts,DST-01,4,45000,180000,nan,dine in
1570,SUN-32521,2024-06-14,Grilled Chicken Mentai Rice,food,FOD-04,1,error,42000,missing,unknown
1571,SUN-35428,2024-11-16,Nasi Goreng Kampung Premium,food,FOD-02,2,32000,64000,cash,dine in
1572,SUN-42445,2024-03-11,Classic_Beef_Burger,food,FOD-05,4,40000,160000,credit card,take away
1573,SUN-31878,2024-09-05,Nasi Goreng Kampung Premium,food,FOD-02,2,32000,64000,digital wallet,dine in
1574,SUN-40636,2024-03-12,Cinnamon Roll,desserts,DST-04,4,35000,140000,credit card,dine in
1575,SUN-43456,2024-11-26,Strawberry_Mojito_Mocktail,drinks,DRK-06,nan,27000,108000,credit card,online shop
1576,SUN-49312,2024-02-15,Strawberry_Mojito_Mocktail,drinks,DRK-06,nan,27000,54000,credit card,online shop
1577,SUN-34804,2024-03-13,nan,desserts,DST-05,unknown,22000,44000,missing,online shop
1578,SUN-36937,2024-02-17,Lemonade_Espresso_Tonic,drinks,DRK-05,2,24000,48000,digital wallet,online shop
1579,SUN-49547,2024-10-14,nan,unknown,missing,1,18000,18000,cash,online shop
1580,SUN-44254,2024-01-10,Truffle Fries & Sausage,food,FOD-01,1,10000,10000,cash,missing
1581,SUN-43992,2024-08-25,Strawberry_Mojito_Mocktail,drinks,DRK-06,2,27000,54000,unknown,dine in
1582,SUN-43429,2024-06-08,Nasi Goreng Kampung Premium,food,error,2,32000,64000,credit card,dine in
1583,SUN-41813,2024-12-10,Cinnamon Roll,desserts,DST-04,3,error,105000,unknown,take away
1584,SUN-45090,2024-04-15,Lemonade_Espresso_Tonic,drinks,nan,1,missing,24000,cash,take away
1585,SUN-37488,2024-08-30,Tiramisu Tres Leches,desserts,DST-05,4,22000,error,nan,dine in
1586,SUN-42267,2024-04-29,Iced_Aren_Latte,drinks,DRK-01,1,25000,25000,digital wallet,dine in
1587,SUN-39712,2024-09-11,Grilled Chicken Mentai Rice,food,FOD-04,1,42000,42000,digital wallet,online shop
1588,SUN-46568,nan,Strawberry_Mojito_Mocktail,drinks,DRK-06,unknown,27000,missing,credit card,dine in
1589,missing,2024-07-12,missing,food,FOD-01,4,10000,40000,cash,take away
1590,SUN-46574,2024-05-07,Lotus Biscoff Cheesecake,error,DST-03,2,25000,50000,digital wallet,dine in
1591,SUN-39313,2024-08-28,unknown,food,FOD-04,3,missing,126000,digital wallet,nan
1592,nan,2024-03-12,Lotus Biscoff Cheesecake,nan,DST-03,1,25000,25000,credit card,take away
1593,SUN-32709,2024-07-26,Strawberry_Mojito_Mocktail,drinks,DRK-06,1,unknown,27000,cash,nan
1594,SUN-46339,2024-06-19,Butter Croissant,missing,missing,1,45000,error,unknown,missing
1595,SUN-33934,2024-03-06,Cinnamon Roll,desserts,nan,4,35000,140000,credit card,take away
1596,SUN-45112,2024-12-12,Strawberry_Mojito_Mocktail,drinks,DRK-06,4,27000,108000,credit card,online shop
1597,SUN-49661,2024-02-16,Butter Croissant,desserts,DST-01,4,missing,180000,digital wallet,dine in
1598,SUN-44515,2024-10-22,Cinnamon Roll,desserts,DST-04,4,35000,error,cash,take away
1599,SUN-31008,2024-07-17,unknown,food,FOD-03,4,38000,missing,digital wallet,take away
1600,SUN-35851,2024-12-15,Truffle Fries & Sausage,food,FOD-01,3,10000,30000,credit card,dine in
1601,SUN-31693,2024-07-25,Matcha_Berry_Latte,drinks,DRK-03,1,28000,28000,error,take away
1602,nan,2024-04-10,Lotus Biscoff Cheesecake,missing,DST-03,3,unknown,75000,error,online shop
1603,SUN-34873,2024-10-28,missing,unknown,unknown,2,40000,80000,digital wallet,dine in
1604,SUN-33964,2024-10-11,Matcha_Berry_Latte,nan,DRK-03,4,28000,112000,digital wallet,take away
1605,SUN-45736,2024-10-15,Lemonade_Espresso_Tonic,drinks,DRK-05,3,24000,nan,digital wallet,take away
1606,SUN-33296,2024-06-23,Tiramisu Tres Leches,desserts,DST-05,2,unknown,44000,cash,online shop
1607,SUN-42447,2024-10-13,Cinnamon Roll,desserts,DST-04,missing,35000,error,cash,dine in
1608,error,2024-06-24,Strawberry_Mojito_Mocktail,drinks,DRK-06,3,error,nan,credit card,dine in
1609,SUN-49004,2024-08-26,Earl_Grey_Milk_Tea,drinks,DRK-04,error,24000,72000,cash,unknown
1610,SUN-47089,2024-09-16,Iced_Aren_Latte,drinks,DRK-01,missing,25000,50000,credit card,take away
1611,SUN-43752,2024-05-07,Iced_Aren_Latte,drinks,DRK-01,1,nan,25000,unknown,take away
1612,SUN-42933,2024-04-01,Lotus Biscoff Cheesecake,desserts,DST-03,error,25000,25000,cash,dine in
1613,SUN-33158,2024-01-01,Earl_Grey_Milk_Tea,drinks,DRK-04,4,24000,96000,credit card,dine in
1614,SUN-35562,2024-08-13,Earl_Grey_Milk_Tea,drinks,error,1,24000,error,cash,dine in
1615,SUN-32174,2024-11-21,unknown,desserts,DST-03,4,25000,100000,missing,online shop
1616,SUN-36850,2024-11-24,unknown,drinks,DRK-05,1,unknown,24000,missing,error
1617,SUN-44953,2024-09-19,nan,desserts,DST-03,2,nan,50000,credit card,online shop
1618,SUN-37572,2024-07-28,nan,food,FOD-04,2,42000,84000,digital wallet,unknown
1619,SUN-40932,2024-12-06,Mineral_Water,drinks,DRK-07,1,26000,missing,digital wallet,dine in
1620,SUN-31340,2024-02-06,Hot_Americano,drinks,DRK-02,error,22000,88000,error,missing
1621,SUN-47344,2024-09-16,Iced_Aren_Latte,drinks,DRK-01,4,25000,100000,cash,dine in
1622,error,2024-02-09,Iced_Aren_Latte,drinks,DRK-01,3,25000,75000,digital wallet,dine in
1623,SUN-46238,2024-01-04,Butter Croissant,missing,DST-01,3,45000,135000,missing,online shop
1624,missing,2024-06-18,Nasi Goreng Kampung Premium,food,FOD-02,3,32000,96000,cash,take away
1625,SUN-40021,2024-02-12,unknown,food,FOD-05,4,40000,160000,nan,take away
1626,SUN-37323,2024-06-14,Strawberry_Mojito_Mocktail,drinks,DRK-06,4,27000,108000,digital wallet,take away
1627,SUN-41964,2024-03-06,Strawberry_Mojito_Mocktail,drinks,DRK-06,1,27000,27000,digital wallet,take away
1628,SUN-37765,2024-04-26,Strawberry_Mojito_Mocktail,drinks,DRK-06,2,27000,missing,digital wallet,online shop
1629,nan,2024-05-05,Lotus Biscoff Cheesecake,desserts,DST-03,2,25000,50000,error,error
1630,SUN-44810,2024-10-06,Matcha_Berry_Latte,drinks,DRK-03,3,28000,84000,cash,online shop
1631,SUN-33965,2024-07-01,Iced_Aren_Latte,nan,DRK-01,2,nan,missing,credit card,online shop
1632,nan,2024-09-06,Earl_Grey_Milk_Tea,drinks,DRK-04,3,24000,72000,credit card,nan
1633,SUN-31357,2024-03-26,Matcha_Berry_Latte,drinks,DRK-03,1,28000,28000,nan,take away
1634,SUN-34318,2024-09-17,Fudgy Brownie With Ice Cream,desserts,DST-02,3,18000,54000,cash,take away
1635,SUN-30351,2024-12-30,Lotus Biscoff Cheesecake,desserts,DST-03,missing,25000,75000,cash,take away
1636,SUN-42043,2024-10-06,Fudgy Brownie With Ice Cream,desserts,DST-02,3,18000,54000,credit card,online shop
1637,SUN-33953,2024-01-11,Tiramisu Tres Leches,desserts,DST-05,2,22000,44000,credit card,online shop
1638,SUN-40003,2024-02-06,error,missing,DRK-01,1,25000,25000,cash,online shop
1639,SUN-34095,2024-06-07,Nasi Goreng Kampung Premium,food,FOD-02,error,32000,32000,credit card,online shop
1640,SUN-49523,2024-12-26,Creamy Spaghetti Carbonara,food,FOD-03,2,38000,76000,credit card,online shop
1641,SUN-33536,2024-05-24,Mineral_Water,drinks,DRK-07,error,26000,26000,nan,online shop
1642,SUN-47460,2024-10-29,missing,food,FOD-01,1,10000,10000,cash,online shop
1643,SUN-40609,2024-10-03,Strawberry_Mojito_Mocktail,drinks,DRK-06,4,27000,108000,digital wallet,take away
1644,SUN-47954,2024-07-19,Creamy Spaghetti Carbonara,food,FOD-03,4,38000,152000,digital wallet,dine in
1645,SUN-45883,2024-06-13,Strawberry_Mojito_Mocktail,drinks,DRK-06,3,27000,81000,digital wallet,missing
1646,SUN-46598,2024-05-17,Tiramisu Tres Leches,nan,DST-05,1,22000,22000,cash,online shop
1647,SUN-40284,2024-02-06,Iced_Aren_Latte,missing,DRK-01,1,25000,25000,cash,error
1648,SUN-42267,2024-12-07,Creamy Spaghetti Carbonara,food,FOD-03,4,38000,152000,cash,online shop
1649,SUN-35656,2024-05-05,Strawberry_Mojito_Mocktail,drinks,DRK-06,3,27000,81000,cash,online shop
1650,SUN-34220,2024-04-29,Lotus Biscoff Cheesecake,desserts,DST-03,1,25000,25000,error,online shop
1651,SUN-46692,2024-09-06,Matcha_Berry_Latte,drinks,DRK-03,1,28000,28000,unknown,online shop
1652,SUN-48617,2024-08-09,Tiramisu Tres Leches,desserts,unknown,3,22000,66000,cash,dine in
1653,SUN-35893,2024-11-11,Mineral_Water,drinks,DRK-07,3,nan,78000,nan,online shop
1654,SUN-46035,2024-03-12,Fudgy Brownie With Ice Cream,desserts,DST-02,3,unknown,54000,digital wallet,dine in
1655,SUN-37407,2024-11-22,Tiramisu Tres Leches,desserts,DST-05,3,22000,66000,missing,unknown
1656,SUN-31844,2024-02-02,Matcha_Berry_Latte,nan,DRK-03,1,28000,28000,digital wallet,online shop
1657,SUN-33753,2024-04-06,missing,drinks,DRK-01,1,25000,25000,credit card,dine in
1658,SUN-41890,2024-02-21,Truffle Fries & Sausage,food,FOD-01,1,10000,10000,digital wallet,take away
1659,SUN-35360,2024-11-21,Lemonade_Espresso_Tonic,nan,DRK-05,3,24000,72000,digital wallet,take away
1660,SUN-33256,2024-08-08,error,drinks,DRK-03,3,28000,84000,credit card,take away
1661,SUN-30477,2024-12-03,Creamy Spaghetti Carbonara,food,FOD-03,nan,38000,114000,cash,error
1662,SUN-42984,2024-11-16,Classic_Beef_Burger,food,FOD-05,3,40000,120000,credit card,error
1663,SUN-44636,2024-06-17,Earl_Grey_Milk_Tea,drinks,unknown,4,24000,96000,digital wallet,dine in
1664,SUN-43947,2024-01-23,Grilled Chicken Mentai Rice,food,FOD-04,2,42000,84000,digital wallet,dine in
1665,SUN-30740,2024-06-05,Truffle Fries & Sausage,food,FOD-01,3,10000,30000,cash,take away
1666,SUN-43324,2024-03-02,Creamy Spaghetti Carbonara,food,FOD-03,1,missing,38000,cash,online shop
1667,SUN-38742,2024-05-20,Truffle Fries & Sausage,food,FOD-01,4,10000,40000,digital wallet,dine in
1668,SUN-32395,2024-07-08,Lotus Biscoff Cheesecake,desserts,DST-03,4,25000,100000,error,take away
1669,SUN-41239,2024-09-01,Strawberry_Mojito_Mocktail,drinks,DRK-06,4,27000,108000,credit card,missing
1670,SUN-30560,2024-02-19,Tiramisu Tres Leches,desserts,DST-05,4,22000,88000,nan,dine in
1671,SUN-37720,2024-12-24,Fudgy Brownie With Ice Cream,desserts,DST-02,4,18000,72000,credit card,error
1672,SUN-41616,2024-12-09,Lemonade_Espresso_Tonic,drinks,DRK-05,3,24000,72000,cash,take away
1673,SUN-46922,2024-09-15,missing,drinks,error,2,24000,48000,unknown,missing
1674,SUN-46016,2024-12-23,unknown,food,FOD-03,3,38000,114000,cash,online shop
1675,SUN-37877,2024-07-06,Strawberry_Mojito_Mocktail,drinks,DRK-06,1,27000,27000,digital wallet,unknown
1676,SUN-41474,2024-11-06,missing,drinks,unknown,4,26000,104000,cash,dine in
1677,unknown,2024-04-18,Grilled Chicken Mentai Rice,food,unknown,error,42000,42000,credit card,error
1678,SUN-37978,2024-06-11,Nasi Goreng Kampung Premium,food,FOD-02,4,32000,128000,cash,take away
1679,SUN-47985,2024-12-10,nan,desserts,DST-01,2,45000,error,cash,missing
1680,SUN-36452,2024-05-04,Creamy Spaghetti Carbonara,missing,FOD-03,3,38000,114000,cash,online shop
1681,SUN-38913,2024-08-12,Matcha_Berry_Latte,unknown,DRK-03,1,28000,error,cash,unknown
1682,SUN-30450,2024-10-30,Earl_Grey_Milk_Tea,drinks,DRK-04,1,24000,24000,digital wallet,online shop
1683,SUN-48786,2024-11-08,Matcha_Berry_Latte,drinks,DRK-03,nan,28000,28000,cash,online shop
1684,SUN-32314,2024-01-09,Nasi Goreng Kampung Premium,food,FOD-02,1,32000,32000,cash,online shop
1685,SUN-43510,2024-07-20,Mineral_Water,drinks,DRK-07,3,26000,78000,digital wallet,online shop
1686,SUN-30751,2024-03-30,Classic_Beef_Burger,food,FOD-05,1,40000,40000,digital wallet,dine in
1687,SUN-41679,2024-04-08,error,missing,DST-02,2,18000,36000,cash,dine in
1688,SUN-31482,2024-05-10,Mineral_Water,drinks,DRK-07,1,26000,26000,cash,online shop
1689,SUN-36437,2024-10-19,Classic_Beef_Burger,food,FOD-05,2,40000,80000,cash,online shop
1690,SUN-47236,2024-04-01,Cinnamon Roll,desserts,DST-04,4,35000,140000,digital wallet,take away
1691,SUN-39564,2024-12-22,Lemonade_Espresso_Tonic,drinks,DRK-05,3,24000,72000,credit card,online shop
1692,SUN-35978,2024-04-12,Lemonade_Espresso_Tonic,drinks,DRK-05,4,error,96000,unknown,take away
1693,SUN-30619,2024-05-12,Classic_Beef_Burger,food,FOD-05,4,40000,160000,credit card,dine in
1694,SUN-32316,2024-09-05,Classic_Beef_Burger,nan,FOD-05,1,40000,40000,cash,nan
1695,SUN-49906,2024-10-13,Lemonade_Espresso_Tonic,drinks,DRK-05,4,24000,96000,cash,dine in
1696,SUN-33148,2024-01-18,Cinnamon Roll,desserts,DST-04,1,35000,unknown,cash,dine in
1697,SUN-49363,2024-05-18,Hot_Americano,drinks,DRK-02,2,22000,44000,credit card,online shop
1698,SUN-47331,2024-10-10,Butter Croissant,desserts,DST-01,1,45000,45000,cash,unknown
1699,SUN-36537,2024-10-19,Hot_Americano,drinks,DRK-02,3,22000,66000,cash,take away
1700,SUN-37180,2024-02-21,Nasi Goreng Kampung Premium,food,FOD-02,3,32000,96000,digital wallet,take away
1701,SUN-36998,2024-03-13,error,drinks,DRK-07,4,26000,104000,cash,online shop
1702,SUN-47593,2024-08-25,Cinnamon Roll,desserts,DST-04,nan,35000,105000,missing,dine in
1703,SUN-41830,2024-09-21,Tiramisu Tres Leches,desserts,DST-05,1,nan,nan,cash,unknown
1704,SUN-49107,2024-01-30,missing,nan,FOD-01,4,10000,40000,digital wallet,dine in
1705,SUN-45164,2024-12-02,Lotus Biscoff Cheesecake,desserts,unknown,1,25000,25000,digital wallet,take away
1706,SUN-36510,2024-12-14,Classic_Beef_Burger,food,FOD-05,4,40000,160000,cash,online shop
1707,SUN-38462,2024-04-30,Butter Croissant,missing,DST-01,missing,45000,nan,cash,unknown
1708,SUN-41112,2024-02-21,Creamy Spaghetti Carbonara,unknown,FOD-03,2,38000,error,credit card,dine in
1709,SUN-41335,2024-01-14,Strawberry_Mojito_Mocktail,drinks,DRK-06,2,27000,54000,credit card,online shop
1710,error,2024-04-24,Matcha_Berry_Latte,drinks,DRK-03,2,28000,unknown,cash,dine in
1711,SUN-32974,2024-12-09,Hot_Americano,drinks,DRK-02,1,22000,22000,cash,online shop
1712,SUN-30135,2024-02-13,Grilled Chicken Mentai Rice,missing,FOD-04,4,42000,missing,cash,take away
1713,SUN-30067,2024-07-24,Nasi Goreng Kampung Premium,missing,FOD-02,2,32000,missing,credit card,dine in
1714,SUN-33341,2024-06-28,Strawberry_Mojito_Mocktail,error,DRK-06,4,27000,108000,cash,online shop
1715,SUN-34467,2024-03-28,Iced_Aren_Latte,drinks,DRK-01,1,25000,25000,cash,online shop
1716,SUN-30993,2024-01-22,Matcha_Berry_Latte,drinks,DRK-03,3,28000,84000,error,online shop
1717,SUN-40101,2024-01-16,nan,food,FOD-03,2,missing,76000,credit card,online shop
1718,SUN-36824,2024-02-15,Lemonade_Espresso_Tonic,drinks,DRK-05,4,24000,96000,digital wallet,dine in
1719,SUN-42753,2024-05-06,Fudgy Brownie With Ice Cream,desserts,DST-02,1,18000,18000,digital wallet,online shop
1720,SUN-45922,2024-11-28,Iced_Aren_Latte,drinks,DRK-01,4,25000,100000,digital wallet,error
1721,SUN-37620,2024-07-26,Earl_Grey_Milk_Tea,drinks,DRK-04,1,24000,missing,credit card,nan
1722,SUN-43127,2024-05-21,Lemonade_Espresso_Tonic,drinks,DRK-05,1,24000,24000,digital wallet,online shop
1723,SUN-43049,2024-07-07,Classic_Beef_Burger,food,FOD-05,1,40000,40000,digital wallet,online shop
1724,SUN-45145,2024-08-24,Butter Croissant,desserts,DST-01,2,45000,90000,unknown,take away
1725,nan,2024-04-25,Tiramisu Tres Leches,desserts,DST-05,2,22000,44000,unknown,online shop
1726,SUN-44276,2024-01-17,Lotus Biscoff Cheesecake,desserts,DST-03,2,25000,50000,cash,dine in
1727,SUN-41132,2024-08-13,Matcha_Berry_Latte,drinks,DRK-03,1,missing,28000,cash,take away
1728,SUN-42483,2024-09-13,Cinnamon Roll,desserts,DST-04,3,35000,105000,credit card,dine in
1729,SUN-39134,2024-10-09,Iced_Aren_Latte,drinks,DRK-01,error,25000,50000,digital wallet,take away
1730,SUN-32896,2024-09-27,Iced_Aren_Latte,drinks,DRK-01,2,25000,50000,digital wallet,dine in
1731,SUN-40135,2024-05-28,Hot_Americano,drinks,DRK-02,3,missing,66000,credit card,dine in
1732,SUN-44386,2024-05-05,Earl_Grey_Milk_Tea,drinks,DRK-04,1,error,24000,credit card,online shop
1733,SUN-33184,2024-09-22,Cinnamon Roll,desserts,DST-04,2,nan,70000,digital wallet,unknown
1734,SUN-44637,2024-04-25,Creamy Spaghetti Carbonara,food,FOD-03,4,38000,nan,nan,dine in
1735,SUN-37974,2024-12-09,Butter Croissant,desserts,DST-01,4,45000,180000,credit card,unknown
1736,SUN-42968,2024-10-17,Hot_Americano,drinks,DRK-02,1,22000,22000,cash,online shop
1737,missing,2024-02-06,Mineral_Water,drinks,DRK-07,4,26000,104000,unknown,dine in
1738,SUN-33644,2024-04-16,missing,desserts,unknown,4,35000,140000,credit card,take away
1739,SUN-32267,2024-03-18,Nasi Goreng Kampung Premium,food,FOD-02,2,32000,64000,credit card,take away
1740,error,2024-06-15,Tiramisu Tres Leches,desserts,DST-05,4,22000,88000,credit card,dine in
1741,SUN-35211,2024-08-21,Matcha_Berry_Latte,drinks,DRK-03,1,28000,28000,digital wallet,dine in
1742,SUN-38242,2024-10-24,Nasi Goreng Kampung Premium,food,FOD-02,4,32000,128000,cash,online shop
1743,SUN-43493,2024-09-22,Mineral_Water,drinks,DRK-07,nan,26000,104000,credit card,unknown
1744,SUN-34129,2024-07-12,Grilled Chicken Mentai Rice,food,unknown,3,42000,126000,cash,missing
1745,SUN-39179,2024-11-16,missing,drinks,DRK-02,1,22000,unknown,cash,missing
1746,SUN-31294,2024-04-30,missing,desserts,DST-02,2,18000,36000,digital wallet,dine in
1747,SUN-45178,2024-04-25,Creamy Spaghetti Carbonara,food,FOD-03,2,38000,76000,digital wallet,online shop
1748,SUN-49763,2024-07-03,Matcha_Berry_Latte,drinks,DRK-03,3,28000,unknown,digital wallet,take away
1749,nan,2024-10-27,Strawberry_Mojito_Mocktail,drinks,DRK-06,3,27000,81000,missing,take away
1750,SUN-38765,2024-11-09,Lemonade_Espresso_Tonic,drinks,DRK-05,4,24000,96000,digital wallet,online shop
1751,SUN-30772,2024-12-25,Hot_Americano,drinks,DRK-02,4,22000,88000,cash,take away
1752,SUN-44106,2024-12-12,nan,desserts,DST-01,error,45000,unknown,credit card,online shop
1753,unknown,2024-02-21,error,drinks,DRK-06,2,27000,54000,credit card,take away
1754,SUN-40565,2024-08-13,Hot_Americano,drinks,DRK-02,4,22000,unknown,credit card,online shop
1755,SUN-37440,2024-12-10,Butter Croissant,desserts,DST-01,2,45000,90000,digital wallet,take away
1756,SUN-35597,2024-02-10,Creamy Spaghetti Carbonara,food,FOD-03,nan,38000,114000,digital wallet,dine in
1757,SUN-32161,2024-11-16,Iced_Aren_Latte,drinks,DRK-01,3,25000,75000,cash,online shop
1758,SUN-47282,2024-01-12,Tiramisu Tres Leches,desserts,DST-05,2,22000,44000,digital wallet,take away
1759,SUN-42781,2024-04-21,Butter Croissant,desserts,DST-01,3,error,135000,cash,take away
1760,SUN-41949,2024-02-04,Nasi Goreng Kampung Premium,food,FOD-02,1,32000,32000,cash,take away
1761,SUN-39376,2024-08-12,Tiramisu Tres Leches,desserts,DST-05,1,22000,22000,credit card,online shop
1762,SUN-32538,2024-10-10,Mineral_Water,drinks,DRK-07,1,nan,nan,unknown,online shop
1763,SUN-38286,2024-08-13,Classic_Beef_Burger,food,FOD-05,3,40000,missing,cash,online shop
1764,SUN-45640,2024-05-04,unknown,food,FOD-03,4,missing,152000,digital wallet,online shop
1765,SUN-37431,2024-02-15,Lotus Biscoff Cheesecake,desserts,DST-03,3,25000,75000,unknown,take away
1766,SUN-48655,2024-05-30,Strawberry_Mojito_Mocktail,drinks,DRK-06,3,27000,81000,cash,online shop
1767,SUN-47697,2024-05-16,Fudgy Brownie With Ice Cream,desserts,DST-02,3,18000,missing,error,take away
1768,SUN-45659,2024-09-13,Classic_Beef_Burger,food,FOD-05,4,40000,160000,digital wallet,dine in
1769,SUN-44675,2024-05-04,Strawberry_Mojito_Mocktail,drinks,DRK-06,1,27000,27000,cash,online shop
1770,SUN-43507,2024-01-23,Matcha_Berry_Latte,drinks,DRK-03,3,28000,unknown,digital wallet,take away
1771,SUN-45161,2024-10-12,Hot_Americano,drinks,DRK-02,1,22000,22000,cash,take away
1772,SUN-40071,2024-04-24,Nasi Goreng Kampung Premium,food,FOD-02,3,32000,missing,credit card,online shop
1773,SUN-45184,2024-12-18,Strawberry_Mojito_Mocktail,drinks,DRK-06,4,27000,108000,unknown,online shop
1774,SUN-37396,2024-01-26,Truffle Fries & Sausage,food,FOD-01,4,missing,40000,digital wallet,take away
1775,unknown,2024-01-19,missing,food,FOD-04,4,nan,168000,credit card,take away
1776,SUN-31616,2024-03-06,Creamy Spaghetti Carbonara,food,FOD-03,4,nan,152000,cash,online shop
1777,SUN-36095,2024-10-31,Fudgy Brownie With Ice Cream,desserts,DST-02,4,18000,72000,error,online shop
1778,SUN-44834,2024-08-17,Iced_Aren_Latte,drinks,DRK-01,4,25000,100000,credit card,online shop
1779,nan,2024-08-07,Lotus Biscoff Cheesecake,desserts,DST-03,4,25000,100000,cash,dine in
1780,SUN-44650,2024-08-05,Fudgy Brownie With Ice Cream,desserts,DST-02,2,18000,unknown,credit card,online shop
1781,SUN-35148,2024-09-27,Lotus Biscoff Cheesecake,desserts,DST-03,4,25000,error,digital wallet,online shop
1782,SUN-33474,2024-10-26,error,drinks,missing,4,nan,96000,digital wallet,dine in
1783,SUN-34808,2024-09-18,Earl_Grey_Milk_Tea,drinks,DRK-04,2,error,48000,digital wallet,take away
1784,SUN-48724,2024-07-09,Butter Croissant,desserts,DST-01,4,45000,180000,credit card,take away
1785,SUN-44091,2024-10-12,Matcha_Berry_Latte,drinks,DRK-03,4,28000,112000,credit card,dine in
1786,SUN-41939,2024-10-14,Nasi Goreng Kampung Premium,food,FOD-02,missing,32000,128000,digital wallet,error
1787,SUN-36434,2024-09-27,error,food,FOD-02,3,32000,96000,credit card,take away
1788,SUN-45929,2024-07-12,Cinnamon Roll,desserts,DST-04,4,35000,error,credit card,online shop
1789,SUN-41655,2024-05-29,Strawberry_Mojito_Mocktail,drinks,DRK-06,3,27000,81000,digital wallet,dine in
1790,SUN-46959,2024-02-02,Truffle Fries & Sausage,food,FOD-01,4,10000,missing,missing,online shop
1791,SUN-42319,2024-12-03,Mineral_Water,drinks,DRK-07,3,26000,78000,cash,online shop
1792,SUN-31114,2024-07-07,Cinnamon Roll,desserts,DST-04,4,35000,140000,credit card,take away
1793,SUN-30601,2024-04-11,Lemonade_Espresso_Tonic,drinks,DRK-05,2,24000,nan,credit card,take away
1794,SUN-44843,2024-11-23,Tiramisu Tres Leches,desserts,DST-05,4,nan,88000,nan,online shop
1795,SUN-45597,unknown,missing,food,FOD-02,4,32000,missing,digital wallet,online shop
1796,SUN-45013,2024-03-25,Lemonade_Espresso_Tonic,drinks,DRK-05,2,24000,unknown,cash,dine in
1797,SUN-40364,2024-08-11,error,food,FOD-01,2,10000,20000,credit card,take away
1798,SUN-44613,2024-02-03,Creamy Spaghetti Carbonara,food,FOD-03,3,38000,114000,credit card,dine in
1799,SUN-33523,2024-01-28,Fudgy Brownie With Ice Cream,desserts,DST-02,1,18000,missing,nan,error
1800,SUN-33875,2024-04-16,error,food,FOD-02,4,32000,128000,cash,error
1801,SUN-43296,2024-07-19,Creamy Spaghetti Carbonara,food,FOD-03,1,38000,38000,cash,nan
1802,SUN-31586,2024-06-15,Grilled Chicken Mentai Rice,food,FOD-04,1,42000,42000,digital wallet,online shop
1803,SUN-37472,2024-02-25,Lemonade_Espresso_Tonic,drinks,DRK-05,3,24000,72000,digital wallet,online shop
1804,error,2024-12-04,Classic_Beef_Burger,food,FOD-05,nan,40000,160000,credit card,online shop
1805,SUN-31040,2024-10-25,Hot_Americano,drinks,DRK-02,1,unknown,22000,error,unknown
1806,SUN-32241,2024-07-01,Lotus Biscoff Cheesecake,desserts,DST-03,3,25000,75000,cash,take away
1807,SUN-30892,2024-08-30,Lotus Biscoff Cheesecake,missing,DST-03,4,25000,100000,credit card,dine in
1808,SUN-33337,2024-08-17,Lotus Biscoff Cheesecake,desserts,DST-03,1,25000,25000,missing,take away
1809,SUN-40946,2024-09-12,nan,food,FOD-01,1,unknown,10000,credit card,dine in
1810,nan,2024-08-03,Earl_Grey_Milk_Tea,drinks,DRK-04,2,24000,48000,digital wallet,online shop
1811,SUN-41611,2024-11-27,Fudgy Brownie With Ice Cream,desserts,DST-02,2,18000,36000,digital wallet,online shop
1812,SUN-48784,2024-10-28,Nasi Goreng Kampung Premium,food,FOD-02,3,32000,96000,cash,online shop
1813,SUN-44562,2024-12-06,Mineral_Water,drinks,DRK-07,4,missing,104000,cash,take away
1814,error,2024-02-27,Lotus Biscoff Cheesecake,missing,DST-03,4,25000,100000,error,take away
1815,SUN-34031,2024-10-04,missing,desserts,DST-01,missing,45000,135000,cash,take away
1816,missing,2024-09-07,Fudgy Brownie With Ice Cream,desserts,DST-02,3,18000,54000,digital wallet,online shop
1817,SUN-41117,2024-12-01,Butter Croissant,desserts,DST-01,4,nan,unknown,credit card,take away
1818,SUN-44342,2024-12-23,missing,desserts,DST-02,unknown,18000,72000,digital wallet,nan
1819,nan,2024-12-18,Strawberry_Mojito_Mocktail,drinks,DRK-06,error,27000,108000,digital wallet,take away
1820,SUN-35809,2024-09-25,Grilled Chicken Mentai Rice,food,FOD-04,4,42000,168000,credit card,online shop
1821,SUN-36436,2024-11-01,missing,desserts,DST-02,1,18000,unknown,cash,online shop
1822,SUN-48436,2024-01-30,Iced_Aren_Latte,drinks,DRK-01,error,25000,50000,cash,take away
1823,SUN-45050,2024-01-31,missing,error,nan,1,error,25000,credit card,take away
1824,SUN-34857,2024-06-18,Fudgy Brownie With Ice Cream,desserts,DST-02,4,18000,72000,error,take away
1825,SUN-42748,2024-03-28,Truffle Fries & Sausage,food,FOD-01,2,10000,20000,credit card,dine in
1826,SUN-39217,2024-11-03,Classic_Beef_Burger,food,FOD-05,1,40000,missing,missing,online shop
1827,SUN-49645,2024-10-18,Truffle Fries & Sausage,food,FOD-01,nan,10000,40000,cash,online shop
1828,SUN-49833,2024-06-30,Mineral_Water,drinks,DRK-07,unknown,26000,unknown,cash,dine in
1829,SUN-36177,2024-04-19,Grilled Chicken Mentai Rice,food,FOD-04,2,error,84000,digital wallet,take away
1830,SUN-44020,2024-09-21,Lemonade_Espresso_Tonic,drinks,DRK-05,4,missing,96000,credit card,online shop
1831,SUN-44438,2024-09-16,Tiramisu Tres Leches,desserts,DST-05,unknown,22000,44000,cash,online shop
1832,SUN-47924,2024-05-30,Truffle Fries & Sausage,missing,FOD-01,nan,10000,unknown,cash,take away
1833,SUN-42252,2024-05-14,Lotus Biscoff Cheesecake,missing,error,2,25000,50000,credit card,dine in
1834,SUN-32909,2024-06-30,Earl_Grey_Milk_Tea,drinks,DRK-04,3,24000,72000,credit card,dine in
1835,SUN-32660,2024-08-13,nan,food,FOD-03,2,38000,76000,nan,dine in
1836,SUN-30225,2024-01-07,Lemonade_Espresso_Tonic,drinks,DRK-05,missing,24000,72000,credit card,take away
1837,SUN-34410,2024-12-30,Truffle Fries & Sausage,nan,FOD-01,4,unknown,40000,cash,nan
1838,SUN-41030,2024-08-28,Iced_Aren_Latte,drinks,DRK-01,4,25000,100000,cash,dine in
1839,SUN-49901,2024-10-18,Butter Croissant,desserts,DST-01,1,45000,error,unknown,take away
1840,missing,2024-08-09,unknown,drinks,DRK-02,2,22000,44000,digital wallet,dine in
1841,SUN-43462,2024-05-17,Truffle Fries & Sausage,food,FOD-01,1,10000,10000,digital wallet,take away
1842,SUN-46628,2024-07-26,Matcha_Berry_Latte,drinks,DRK-03,4,28000,112000,digital wallet,nan
1843,SUN-37193,2024-01-22,Lemonade_Espresso_Tonic,drinks,DRK-05,4,24000,96000,digital wallet,online shop
1844,SUN-36416,2024-03-16,Iced_Aren_Latte,drinks,DRK-01,2,25000,error,cash,take away
1845,SUN-32829,2024-09-11,Earl_Grey_Milk_Tea,drinks,DRK-04,3,24000,72000,cash,dine in
1846,SUN-36695,2024-03-25,Earl_Grey_Milk_Tea,drinks,DRK-04,1,24000,24000,cash,error
1847,SUN-34934,2024-06-27,Classic_Beef_Burger,error,FOD-05,3,40000,120000,error,online shop
1848,SUN-48007,2024-01-20,Truffle Fries & Sausage,food,FOD-01,error,10000,40000,cash,dine in
1849,SUN-43770,2024-12-12,Earl_Grey_Milk_Tea,drinks,DRK-04,2,24000,48000,credit card,online shop
1850,SUN-45913,2024-09-26,Cinnamon Roll,desserts,DST-04,1,35000,35000,credit card,take away
1851,SUN-36213,2024-10-16,Truffle Fries & Sausage,food,FOD-01,1,10000,missing,error,dine in
1852,SUN-35059,2024-01-29,nan,desserts,DST-04,2,35000,70000,unknown,dine in
1853,SUN-39177,2024-08-12,Nasi Goreng Kampung Premium,error,FOD-02,unknown,32000,64000,error,dine in
1854,SUN-38684,2024-01-04,Creamy Spaghetti Carbonara,food,FOD-03,error,38000,114000,credit card,dine in
1855,SUN-49881,2024-07-29,Lotus Biscoff Cheesecake,desserts,DST-03,4,25000,100000,credit card,missing
1856,SUN-36027,2024-04-07,Hot_Americano,unknown,DRK-02,2,22000,44000,credit card,take away
1857,SUN-49082,2024-09-05,Fudgy Brownie With Ice Cream,desserts,DST-02,3,18000,missing,digital wallet,take away
1858,SUN-35332,2024-06-13,Earl_Grey_Milk_Tea,drinks,missing,4,24000,96000,credit card,take away
1859,SUN-49663,2024-08-17,error,error,DRK-01,3,25000,75000,cash,online shop
1860,SUN-49839,2024-12-10,Nasi Goreng Kampung Premium,food,FOD-02,3,32000,error,cash,dine in
1861,SUN-34736,2024-03-22,Lotus Biscoff Cheesecake,desserts,DST-03,4,missing,100000,credit card,dine in
1862,SUN-40897,2024-07-21,Tiramisu Tres Leches,desserts,DST-05,4,22000,error,credit card,online shop
1863,SUN-33699,2024-11-03,Cinnamon Roll,desserts,DST-04,4,35000,140000,credit card,online shop
1864,SUN-30371,2024-02-12,Lemonade_Espresso_Tonic,nan,DRK-05,1,24000,24000,credit card,dine in
1865,SUN-35956,2024-04-22,Butter Croissant,nan,DST-01,4,45000,180000,credit card,dine in
1866,SUN-32459,2024-08-13,Fudgy Brownie With Ice Cream,desserts,DST-02,4,18000,72000,missing,take away
1867,SUN-36824,2024-03-08,Butter Croissant,desserts,DST-01,4,45000,180000,digital wallet,online shop
1868,unknown,2024-12-13,Earl_Grey_Milk_Tea,error,nan,2,24000,48000,digital wallet,take away
1869,SUN-38502,2024-05-10,Fudgy Brownie With Ice Cream,error,DST-02,3,unknown,54000,cash,nan
1870,SUN-45630,2024-08-28,missing,drinks,DRK-01,4,25000,100000,digital wallet,take away
1871,SUN-49669,2024-07-23,Lotus Biscoff Cheesecake,desserts,DST-03,2,25000,50000,cash,take away
1872,SUN-49817,2024-03-13,Grilled Chicken Mentai Rice,food,FOD-04,4,42000,168000,credit card,take away
1873,SUN-42149,2024-05-22,Truffle Fries & Sausage,food,FOD-01,3,10000,missing,digital wallet,online shop
1874,SUN-48526,2024-09-04,Classic_Beef_Burger,error,FOD-05,4,40000,unknown,cash,dine in
1875,SUN-33316,2024-01-28,Creamy Spaghetti Carbonara,food,missing,error,38000,76000,cash,online shop
1876,SUN-43362,2024-06-16,Earl_Grey_Milk_Tea,nan,error,2,nan,missing,digital wallet,nan
1877,SUN-41695,2024-08-01,Truffle Fries & Sausage,food,FOD-01,error,10000,40000,cash,take away
1878,SUN-30681,2024-08-20,Nasi Goreng Kampung Premium,food,FOD-02,unknown,32000,32000,unknown,unknown
1879,SUN-47816,2024-09-29,Matcha_Berry_Latte,nan,DRK-03,1,28000,28000,credit card,online shop
1880,SUN-35504,2024-04-20,Matcha_Berry_Latte,drinks,DRK-03,1,28000,28000,digital wallet,online shop
1881,error,2024-11-30,Truffle Fries & Sausage,food,FOD-01,2,10000,missing,credit card,dine in
1882,SUN-38303,2024-01-19,Lotus Biscoff Cheesecake,nan,DST-03,2,25000,50000,cash,error
1883,SUN-34171,2024-01-09,Fudgy Brownie With Ice Cream,desserts,DST-02,4,18000,missing,digital wallet,online shop
1884,SUN-35663,2024-05-01,Hot_Americano,drinks,error,4,22000,error,digital wallet,dine in
1885,SUN-39286,2024-04-18,Classic_Beef_Burger,food,FOD-05,2,40000,80000,credit card,take away
1886,error,2024-08-29,missing,desserts,DST-01,3,nan,135000,credit card,dine in
1887,SUN-42093,2024-03-17,Butter Croissant,desserts,DST-01,3,45000,135000,cash,missing
1888,SUN-47670,2024-11-10,Matcha_Berry_Latte,drinks,DRK-03,2,28000,56000,digital wallet,dine in
1889,SUN-42379,2024-06-16,missing,nan,DRK-04,1,24000,24000,credit card,dine in
1890,SUN-32623,2024-03-12,Grilled Chicken Mentai Rice,food,FOD-04,4,42000,168000,digital wallet,online shop
1891,error,2024-02-18,Butter Croissant,desserts,DST-01,2,45000,90000,digital wallet,online shop
1892,SUN-49566,2024-03-16,Iced_Aren_Latte,drinks,DRK-01,3,25000,75000,credit card,missing
1893,SUN-47686,2024-06-07,Mineral_Water,drinks,DRK-07,4,missing,104000,credit card,online shop
1894,SUN-43607,2024-06-27,Hot_Americano,drinks,DRK-02,3,22000,66000,cash,missing
1895,SUN-39766,2024-08-28,Creamy Spaghetti Carbonara,food,FOD-03,3,38000,114000,missing,error
1896,missing,2024-08-15,missing,food,FOD-05,3,40000,120000,cash,dine in
1897,SUN-34545,2024-03-08,Hot_Americano,drinks,DRK-02,2,22000,44000,credit card,take away
1898,SUN-32735,2024-06-18,unknown,food,FOD-03,error,38000,114000,credit card,online shop
1899,SUN-35111,2024-10-08,error,desserts,error,3,22000,66000,cash,dine in
1900,SUN-37133,2024-03-01,Fudgy Brownie With Ice Cream,desserts,DST-02,4,18000,72000,credit card,dine in
1901,SUN-34171,2024-01-26,Tiramisu Tres Leches,desserts,DST-05,4,22000,88000,cash,dine in
1902,unknown,2024-12-06,Iced_Aren_Latte,drinks,DRK-01,3,25000,75000,digital wallet,take away
1903,SUN-41126,2024-06-21,Mineral_Water,drinks,DRK-07,4,26000,error,credit card,take away
1904,SUN-37188,2024-06-24,missing,food,FOD-01,unknown,10000,10000,cash,take away
1905,SUN-46145,2024-08-19,Strawberry_Mojito_Mocktail,drinks,DRK-06,4,27000,108000,digital wallet,online shop
1906,SUN-39990,2024-07-03,Cinnamon Roll,desserts,nan,4,35000,error,digital wallet,dine in
1907,SUN-41051,2024-11-29,unknown,desserts,DST-02,2,18000,36000,credit card,dine in
1908,SUN-49055,2024-01-17,Tiramisu Tres Leches,desserts,DST-05,3,22000,66000,nan,dine in
1909,SUN-30650,2024-05-09,Hot_Americano,drinks,DRK-02,1,22000,22000,cash,take away
1910,SUN-34028,2024-05-20,Lemonade_Espresso_Tonic,error,DRK-05,3,24000,72000,digital wallet,online shop
1911,SUN-30418,2024-01-24,Iced_Aren_Latte,drinks,DRK-01,3,25000,75000,cash,dine in
1912,SUN-46631,2024-09-20,Nasi Goreng Kampung Premium,food,FOD-02,4,32000,128000,digital wallet,error
1913,SUN-31094,2024-10-24,Butter Croissant,desserts,DST-01,3,45000,135000,digital wallet,take away
1914,SUN-35569,2024-03-19,unknown,food,FOD-02,3,32000,96000,digital wallet,online shop
1915,missing,2024-11-17,Earl_Grey_Milk_Tea,drinks,DRK-04,3,24000,72000,nan,take away
1916,SUN-41221,2024-02-22,error,desserts,DST-03,4,25000,100000,missing,dine in
1917,SUN-41801,2024-06-09,Earl_Grey_Milk_Tea,drinks,DRK-04,1,24000,24000,error,take away
1918,SUN-39842,2024-05-01,missing,desserts,error,1,22000,22000,digital wallet,online shop
1919,SUN-38248,2024-10-20,nan,drinks,DRK-04,2,24000,48000,digital wallet,nan
1920,SUN-37891,2024-12-12,nan,unknown,DRK-02,2,22000,44000,error,online shop
1921,SUN-46944,2024-11-25,Iced_Aren_Latte,drinks,DRK-01,4,25000,100000,digital wallet,missing
1922,SUN-38275,2024-05-22,Grilled Chicken Mentai Rice,food,FOD-04,nan,42000,42000,digital wallet,dine in
1923,nan,2024-02-16,Matcha_Berry_Latte,drinks,DRK-03,2,28000,56000,nan,unknown
1924,missing,2024-04-12,Cinnamon Roll,desserts,DST-04,1,35000,35000,unknown,dine in
1925,SUN-35285,2024-11-18,unknown,drinks,DRK-07,4,26000,104000,digital wallet,online shop
1926,SUN-32870,2024-08-30,nan,food,FOD-05,2,40000,unknown,credit card,online shop
1927,SUN-43354,2024-01-04,Truffle Fries & Sausage,food,FOD-01,1,10000,10000,cash,take away
1928,SUN-40041,2024-03-04,Hot_Americano,drinks,DRK-02,3,22000,66000,digital wallet,take away
1929,SUN-37303,2024-05-26,Iced_Aren_Latte,drinks,unknown,missing,25000,100000,cash,online shop
1930,SUN-48815,2024-03-15,Fudgy Brownie With Ice Cream,desserts,DST-02,2,18000,36000,digital wallet,take away
1931,SUN-37620,2024-06-07,Butter Croissant,desserts,DST-01,1,45000,45000,cash,take away
1932,SUN-40492,2024-08-10,Truffle Fries & Sausage,food,FOD-01,3,10000,30000,digital wallet,online shop
1933,SUN-45449,2024-10-13,Earl_Grey_Milk_Tea,drinks,DRK-04,2,24000,48000,missing,dine in
1934,SUN-43413,2024-08-08,nan,desserts,DST-04,1,35000,nan,credit card,take away
1935,SUN-30830,2024-11-25,Strawberry_Mojito_Mocktail,drinks,DRK-06,error,27000,108000,cash,dine in
1936,SUN-30490,2024-07-01,Earl_Grey_Milk_Tea,drinks,DRK-04,1,24000,24000,unknown,online shop
1937,SUN-34625,2024-12-11,Nasi Goreng Kampung Premium,nan,FOD-02,2,32000,64000,digital wallet,online shop
1938,SUN-30650,2024-12-23,Nasi Goreng Kampung Premium,food,FOD-02,2,32000,64000,digital wallet,dine in
1939,SUN-39425,2024-08-27,Classic_Beef_Burger,food,unknown,1,40000,40000,cash,dine in
1940,SUN-42337,2024-11-16,missing,food,FOD-05,unknown,40000,error,digital wallet,dine in
1941,SUN-47286,2024-11-28,Butter Croissant,desserts,DST-01,4,45000,180000,credit card,unknown
1942,missing,2024-02-05,Nasi Goreng Kampung Premium,food,FOD-02,3,nan,96000,credit card,online shop
1943,SUN-43735,2024-10-19,Lemonade_Espresso_Tonic,drinks,DRK-05,4,24000,96000,cash,dine in
1944,SUN-40137,2024-09-07,unknown,drinks,DRK-06,2,missing,54000,cash,take away
1945,SUN-45689,2024-01-30,Cinnamon Roll,desserts,DST-04,3,35000,105000,digital wallet,online shop
1946,SUN-32444,2024-01-28,Mineral_Water,drinks,error,2,26000,52000,credit card,online shop
1947,SUN-48103,2024-11-10,Iced_Aren_Latte,drinks,DRK-01,1,25000,25000,digital wallet,unknown
1948,nan,2024-03-29,Creamy Spaghetti Carbonara,food,FOD-03,3,38000,nan,digital wallet,take away
1949,SUN-45425,2024-04-27,Nasi Goreng Kampung Premium,unknown,FOD-02,3,32000,96000,unknown,dine in
1950,SUN-48358,2024-07-21,Matcha_Berry_Latte,drinks,DRK-03,1,28000,28000,cash,take away
1951,SUN-39534,2024-07-03,Earl_Grey_Milk_Tea,drinks,missing,missing,24000,48000,digital wallet,online shop
1952,error,2024-06-25,Strawberry_Mojito_Mocktail,drinks,DRK-06,1,27000,27000,cash,take away
1953,SUN-34908,2024-01-29,Lotus Biscoff Cheesecake,desserts,DST-03,1,25000,25000,digital wallet,take away
1954,nan,2024-05-31,Cinnamon Roll,desserts,DST-04,3,35000,105000,credit card,online shop
1955,unknown,2024-09-17,Earl_Grey_Milk_Tea,drinks,DRK-04,4,missing,96000,cash,dine in
1956,SUN-34123,2024-12-16,Matcha_Berry_Latte,drinks,DRK-03,3,28000,84000,cash,error
1957,SUN-37340,2024-07-29,nan,nan,DRK-01,missing,25000,75000,cash,dine in
1958,SUN-37515,2024-08-12,Grilled Chicken Mentai Rice,food,FOD-04,error,42000,168000,credit card,online shop
1959,SUN-35189,2024-07-31,Butter Croissant,desserts,DST-01,2,45000,90000,cash,dine in
1960,SUN-47514,2024-01-01,Grilled Chicken Mentai Rice,food,FOD-04,error,42000,error,digital wallet,online shop
1961,SUN-47832,2024-09-05,Matcha_Berry_Latte,drinks,DRK-03,1,28000,28000,error,take away
1962,missing,2024-09-01,Lotus Biscoff Cheesecake,desserts,DST-03,2,25000,50000,missing,dine in
1963,SUN-40629,2024-06-21,Classic_Beef_Burger,food,FOD-05,2,40000,80000,credit card,missing
1964,SUN-31694,2024-05-02,Butter Croissant,desserts,DST-01,3,45000,135000,credit card,take away
1965,SUN-49031,2024-03-13,Earl_Grey_Milk_Tea,drinks,DRK-04,4,24000,96000,missing,dine in
1966,SUN-37871,2024-08-27,Grilled Chicken Mentai Rice,food,FOD-04,1,nan,42000,cash,online shop
1967,SUN-34231,2024-05-08,Creamy Spaghetti Carbonara,error,nan,2,38000,error,credit card,error
1968,SUN-46340,2024-11-04,Lemonade_Espresso_Tonic,drinks,DRK-05,1,24000,nan,error,error
1969,SUN-39713,2024-04-08,Butter Croissant,desserts,DST-01,2,45000,90000,credit card,dine in
1970,SUN-36285,2024-04-09,Truffle Fries & Sausage,food,FOD-01,2,10000,20000,cash,take away
1971,SUN-46682,2024-03-18,Creamy Spaghetti Carbonara,food,FOD-03,3,38000,114000,cash,take away
1972,SUN-49015,2024-02-18,Truffle Fries & Sausage,food,FOD-01,3,10000,30000,credit card,dine in
1973,SUN-40347,2024-02-17,Tiramisu Tres Leches,desserts,DST-05,2,22000,44000,digital wallet,error
1974,SUN-35849,2024-10-28,Grilled Chicken Mentai Rice,food,FOD-04,2,42000,84000,missing,online shop
1975,SUN-49045,2024-04-11,Earl_Grey_Milk_Tea,drinks,DRK-04,3,24000,72000,credit card,dine in
1976,SUN-39577,2024-07-25,Matcha_Berry_Latte,drinks,error,unknown,28000,112000,cash,online shop
1977,SUN-33718,2024-04-27,Fudgy Brownie With Ice Cream,missing,DST-02,error,18000,72000,cash,dine in
1978,SUN-38231,2024-02-09,Mineral_Water,unknown,DRK-07,2,26000,52000,cash,take away
1979,SUN-42147,2024-09-16,Classic_Beef_Burger,food,FOD-05,2,40000,80000,credit card,take away
1980,SUN-42888,2024-07-29,error,nan,DRK-06,1,27000,27000,credit card,take away
1981,SUN-49595,2024-11-29,Truffle Fries & Sausage,food,FOD-01,2,10000,20000,cash,online shop
1982,nan,2024-07-30,Creamy Spaghetti Carbonara,error,FOD-03,3,38000,114000,unknown,take away
1983,SUN-32088,2024-03-31,missing,desserts,DST-03,3,25000,75000,digital wallet,dine in
1984,SUN-43022,2024-02-12,Cinnamon Roll,desserts,DST-04,nan,35000,140000,cash,take away
1985,SUN-42023,2024-07-26,Truffle Fries & Sausage,food,FOD-01,2,10000,20000,cash,dine in
1986,SUN-42703,2024-04-07,Hot_Americano,drinks,DRK-02,2,22000,44000,cash,dine in
1987,SUN-35032,2024-09-22,Hot_Americano,drinks,DRK-02,1,22000,22000,credit card,online shop
1988,SUN-38931,2024-11-07,Mineral_Water,missing,DRK-07,unknown,26000,52000,digital wallet,take away
1989,unknown,2024-04-02,Truffle Fries & Sausage,food,FOD-01,unknown,10000,10000,credit card,dine in
1990,SUN-38388,2024-09-20,Cinnamon Roll,desserts,DST-04,2,error,70000,digital wallet,online shop
1991,SUN-30396,2024-06-27,Hot_Americano,drinks,DRK-02,3,22000,66000,unknown,online shop
1992,SUN-49775,2024-11-18,Cinnamon Roll,desserts,error,1,unknown,35000,digital wallet,unknown
1993,SUN-30092,2024-11-23,Truffle Fries & Sausage,food,missing,4,10000,40000,digital wallet,online shop
1994,SUN-48135,2024-07-01,Matcha_Berry_Latte,drinks,DRK-03,1,28000,28000,missing,take away
1995,SUN-41785,2024-09-30,Strawberry_Mojito_Mocktail,nan,DRK-06,1,27000,27000,cash,take away
1996,SUN-33895,2024-02-15,Earl_Grey_Milk_Tea,drinks,DRK-04,1,24000,24000,cash,online shop
1997,nan,2024-05-18,Mineral_Water,drinks,DRK-07,4,26000,104000,credit card,online shop
1998,SUN-41589,2024-12-14,Butter Croissant,desserts,DST-01,4,45000,180000,credit card,online shop
1999,SUN-39221,2024-06-13,Classic_Beef_Burger,nan,FOD-05,4,40000,160000,digital wallet,missing
2000,SUN-49606,2024-12-10,nan,desserts,DST-02,nan,18000,54000,digital wallet,take away
2001,SUN-48785,2024-05-21,Hot_Americano,drinks,DRK-02,3,22000,66000,digital wallet,take away
2002,SUN-47916,2024-09-19,Iced_Aren_Latte,drinks,DRK-01,2,25000,50000,missing,dine in
2003,SUN-42415,2024-06-14,Truffle Fries & Sausage,error,FOD-01,4,10000,unknown,missing,online shop
2004,missing,2024-09-09,Fudgy Brownie With Ice Cream,error,error,3,18000,error,digital wallet,take away
2005,SUN-36052,2024-10-23,Earl_Grey_Milk_Tea,drinks,DRK-04,3,24000,72000,error,unknown
2006,SUN-38572,2024-08-04,Fudgy Brownie With Ice Cream,nan,DST-02,2,missing,36000,nan,online shop
2007,SUN-36172,2024-03-14,error,food,nan,3,32000,missing,error,online shop
2008,SUN-31858,2024-09-27,missing,food,FOD-03,4,38000,error,cash,dine in
2009,SUN-37359,2024-07-28,Grilled Chicken Mentai Rice,food,FOD-04,2,42000,84000,digital wallet,online shop
2010,SUN-42576,2024-12-24,Lotus Biscoff Cheesecake,desserts,DST-03,3,25000,75000,digital wallet,online shop
2011,SUN-37113,2024-05-16,Classic_Beef_Burger,food,FOD-05,2,40000,80000,cash,take away
2012,SUN-33490,2024-06-19,Nasi Goreng Kampung Premium,food,FOD-02,4,32000,error,cash,dine in
2013,SUN-45036,2024-09-02,Grilled Chicken Mentai Rice,food,unknown,3,unknown,126000,digital wallet,dine in
2014,SUN-37942,2024-09-24,Strawberry_Mojito_Mocktail,drinks,DRK-06,3,27000,81000,cash,take away
2015,SUN-40398,2024-07-27,Hot_Americano,drinks,DRK-02,1,22000,22000,credit card,take away
2016,SUN-47226,2024-06-08,Fudgy Brownie With Ice Cream,desserts,DST-02,2,18000,36000,missing,dine in
2017,SUN-47806,2024-01-06,Truffle Fries & Sausage,food,FOD-01,3,10000,30000,digital wallet,online shop
2018,SUN-35990,2024-08-23,Grilled Chicken Mentai Rice,food,FOD-04,1,42000,missing,digital wallet,take away
2019,SUN-34656,2024-10-14,Earl_Grey_Milk_Tea,drinks,DRK-04,2,24000,48000,cash,online shop
2020,SUN-43854,2024-04-18,Fudgy Brownie With Ice Cream,desserts,DST-02,2,18000,36000,digital wallet,error
2021,missing,2024-07-28,Fudgy Brownie With Ice Cream,desserts,DST-02,3,error,54000,cash,error
2022,SUN-45624,2024-05-15,Creamy Spaghetti Carbonara,food,missing,1,38000,38000,cash,unknown
2023,SUN-35520,error,Lemonade_Espresso_Tonic,drinks,DRK-05,4,missing,96000,cash,take away
2024,missing,2024-12-14,unknown,desserts,DST-01,2,45000,unknown,digital wallet,take away
2025,SUN-40325,2024-01-19,nan,food,FOD-02,1,32000,32000,credit card,take away
2026,SUN-31699,2024-12-11,Iced_Aren_Latte,drinks,DRK-01,3,25000,75000,digital wallet,take away
2027,missing,2024-01-22,Truffle Fries & Sausage,nan,FOD-01,2,10000,20000,missing,dine in
2028,SUN-30312,2024-02-10,Iced_Aren_Latte,error,DRK-01,1,25000,25000,nan,missing
2029,unknown,2024-11-12,Lotus Biscoff Cheesecake,desserts,DST-03,2,25000,50000,digital wallet,take away
2030,SUN-43227,2024-03-13,Mineral_Water,drinks,DRK-07,2,26000,nan,cash,dine in
2031,SUN-40343,2024-08-03,Iced_Aren_Latte,drinks,DRK-01,error,25000,25000,cash,dine in
2032,SUN-34660,2024-03-06,Truffle Fries & Sausage,food,FOD-01,3,10000,30000,cash,unknown
2033,SUN-38040,2024-06-08,Iced_Aren_Latte,drinks,DRK-01,3,25000,75000,cash,dine in
2034,unknown,2024-12-08,Strawberry_Mojito_Mocktail,nan,DRK-06,2,27000,54000,credit card,missing
2035,SUN-43950,2024-11-17,error,drinks,DRK-03,3,missing,84000,cash,take away
2036,SUN-32607,2024-10-07,Nasi Goreng Kampung Premium,food,FOD-02,missing,32000,96000,digital wallet,take away
2037,SUN-39360,2024-06-12,Grilled Chicken Mentai Rice,food,nan,4,42000,168000,nan,take away
2038,SUN-38609,2024-09-08,Iced_Aren_Latte,drinks,DRK-01,3,25000,nan,error,take away
2039,SUN-34303,2024-01-09,Fudgy Brownie With Ice Cream,desserts,DST-02,3,18000,error,missing,error
2040,SUN-38172,2024-08-24,Truffle Fries & Sausage,food,FOD-01,3,10000,30000,credit card,dine in
2041,SUN-49715,error,error,drinks,DRK-07,2,unknown,52000,digital wallet,online shop
2042,SUN-49646,2024-01-05,Iced_Aren_Latte,missing,missing,1,25000,25000,digital wallet,take away
2043,SUN-47135,2024-07-09,Iced_Aren_Latte,drinks,DRK-01,4,25000,100000,cash,take away
2044,SUN-44775,2024-01-04,Grilled Chicken Mentai Rice,food,FOD-04,2,42000,84000,cash,unknown
2045,SUN-31492,2024-08-20,Nasi Goreng Kampung Premium,food,FOD-02,1,32000,32000,digital wallet,online shop
2046,SUN-33332,2024-10-18,Strawberry_Mojito_Mocktail,drinks,DRK-06,1,27000,27000,digital wallet,take away
2047,SUN-35984,2024-07-10,Truffle Fries & Sausage,food,FOD-01,error,10000,20000,cash,online shop
2048,SUN-44554,2024-04-05,Nasi Goreng Kampung Premium,food,FOD-02,3,32000,96000,digital wallet,online shop
2049,SUN-42634,2024-03-14,Nasi Goreng Kampung Premium,missing,FOD-02,4,32000,unknown,cash,take away
2050,SUN-40018,2024-10-20,Lemonade_Espresso_Tonic,drinks,DRK-05,4,24000,96000,error,missing
2051,SUN-41206,2024-05-27,Earl_Grey_Milk_Tea,drinks,DRK-04,1,24000,24000,credit card,dine in
2052,SUN-38021,2024-03-03,Earl_Grey_Milk_Tea,drinks,DRK-04,3,24000,72000,credit card,online shop
2053,SUN-33879,2024-10-06,Tiramisu Tres Leches,desserts,DST-05,2,22000,44000,cash,nan
2054,SUN-39338,2024-06-20,Cinnamon Roll,desserts,DST-04,1,35000,35000,credit card,dine in
2055,SUN-36710,2024-07-21,missing,drinks,error,4,25000,nan,digital wallet,take away
2056,SUN-37168,2024-12-04,missing,error,DST-04,3,35000,105000,digital wallet,take away
2057,SUN-34107,2024-08-30,Truffle Fries & Sausage,food,FOD-01,2,10000,20000,digital wallet,take away
2058,unknown,2024-03-14,Creamy Spaghetti Carbonara,food,FOD-03,1,38000,unknown,credit card,online shop
2059,SUN-31034,2024-10-18,Classic_Beef_Burger,food,FOD-05,1,40000,40000,credit card,dine in
2060,SUN-40369,2024-07-30,Lotus Biscoff Cheesecake,desserts,DST-03,2,unknown,unknown,cash,take away
2061,SUN-48260,2024-10-11,Nasi Goreng Kampung Premium,food,FOD-02,4,32000,128000,credit card,take away
2062,SUN-31450,2024-10-02,Butter Croissant,desserts,DST-01,4,45000,missing,digital wallet,take away
2063,SUN-38024,2024-04-14,Butter Croissant,desserts,DST-01,1,45000,45000,cash,online shop
2064,SUN-48627,2024-07-25,Iced_Aren_Latte,missing,DRK-01,1,25000,25000,digital wallet,online shop
2065,SUN-31297,2024-04-26,nan,drinks,DRK-01,4,25000,100000,credit card,online shop
2066,SUN-32819,2024-11-07,Tiramisu Tres Leches,desserts,DST-05,2,22000,44000,error,online shop
2067,SUN-39174,2024-04-24,Strawberry_Mojito_Mocktail,missing,DRK-06,2,27000,nan,cash,dine in
2068,SUN-40241,2024-06-25,unknown,food,error,4,32000,128000,digital wallet,online shop
2069,SUN-39722,2024-05-23,Cinnamon Roll,unknown,DST-04,1,35000,35000,credit card,online shop
2070,SUN-30858,2024-12-17,Truffle Fries & Sausage,food,FOD-01,4,10000,missing,credit card,unknown
2071,SUN-45193,2024-09-25,Classic_Beef_Burger,food,FOD-05,error,40000,80000,credit card,take away
2072,SUN-48710,2024-01-11,Mineral_Water,drinks,DRK-07,1,26000,26000,cash,take away
2073,SUN-40489,2024-11-14,Creamy Spaghetti Carbonara,food,FOD-03,error,38000,nan,missing,take away
2074,SUN-45535,2024-11-11,Tiramisu Tres Leches,desserts,DST-05,4,22000,88000,digital wallet,dine in
2075,SUN-43458,2024-02-13,Butter Croissant,desserts,DST-01,4,45000,180000,cash,take away
2076,error,2024-09-29,Tiramisu Tres Leches,desserts,missing,3,22000,66000,credit card,take away
2077,SUN-32876,2024-04-19,Butter Croissant,desserts,DST-01,4,missing,180000,nan,take away
2078,missing,2024-06-18,Tiramisu Tres Leches,desserts,DST-05,2,missing,44000,credit card,missing
2079,SUN-42158,2024-09-03,Mineral_Water,error,DRK-07,2,26000,nan,cash,online shop
2080,SUN-47523,2024-11-18,Tiramisu Tres Leches,desserts,DST-05,1,22000,nan,cash,online shop
2081,SUN-39406,2024-07-15,unknown,drinks,DRK-07,missing,26000,78000,credit card,take away
2082,SUN-30504,2024-11-12,Butter Croissant,error,DST-01,2,45000,90000,digital wallet,online shop
2083,SUN-45933,2024-10-14,Classic_Beef_Burger,food,FOD-05,2,40000,80000,digital wallet,dine in
2084,unknown,2024-03-01,Matcha_Berry_Latte,drinks,DRK-03,1,28000,error,missing,online shop
2085,SUN-49466,2024-08-04,Earl_Grey_Milk_Tea,drinks,DRK-04,4,24000,96000,credit card,online shop
2086,SUN-32554,2024-05-06,Butter Croissant,desserts,DST-01,3,45000,135000,cash,online shop
2087,SUN-41656,2024-11-23,error,desserts,DST-03,missing,25000,error,credit card,dine in
2088,SUN-31180,2024-09-14,Matcha_Berry_Latte,drinks,DRK-03,unknown,28000,56000,credit card,online shop
2089,SUN-37132,2024-10-06,nan,drinks,missing,4,25000,100000,credit card,missing
2090,SUN-32183,2024-11-14,nan,food,FOD-01,1,10000,10000,credit card,take away
2091,SUN-33604,2024-06-13,Mineral_Water,drinks,DRK-07,3,error,78000,credit card,online shop
2092,SUN-39182,2024-07-06,Strawberry_Mojito_Mocktail,drinks,DRK-06,3,27000,81000,cash,take away
2093,SUN-31086,2024-06-10,Lemonade_Espresso_Tonic,drinks,DRK-05,4,24000,96000,credit card,take away
2094,SUN-45355,2024-04-22,Tiramisu Tres Leches,desserts,DST-05,4,22000,88000,credit card,online shop
2095,SUN-31231,2024-03-15,Earl_Grey_Milk_Tea,drinks,DRK-04,2,24000,48000,digital wallet,missing
2096,SUN-39450,2024-07-16,Lemonade_Espresso_Tonic,unknown,DRK-05,3,24000,72000,credit card,online shop
2097,SUN-35982,2024-10-23,Tiramisu Tres Leches,desserts,DST-05,2,22000,44000,credit card,online shop
2098,unknown,2024-05-18,Earl_Grey_Milk_Tea,nan,DRK-04,1,24000,24000,credit card,online shop
2099,SUN-43488,2024-12-14,Tiramisu Tres Leches,desserts,DST-05,missing,22000,44000,credit card,dine in
2100,unknown,2024-01-30,Tiramisu Tres Leches,desserts,DST-05,3,22000,66000,cash,dine in
2101,SUN-43356,2024-11-25,nan,drinks,DRK-02,4,22000,error,cash,online shop
2102,SUN-31603,2024-10-27,Lemonade_Espresso_Tonic,drinks,DRK-05,4,24000,missing,credit card,online shop
2103,SUN-33263,2024-07-26,Mineral_Water,drinks,nan,4,26000,104000,digital wallet,take away
2104,SUN-35958,2024-05-14,unknown,nan,FOD-01,1,error,10000,digital wallet,missing
2105,SUN-32336,2024-11-16,Strawberry_Mojito_Mocktail,drinks,DRK-06,4,27000,108000,credit card,online shop
2106,SUN-33305,2024-10-26,Strawberry_Mojito_Mocktail,drinks,DRK-06,1,27000,27000,digital wallet,online shop
2107,SUN-43549,2024-01-17,Mineral_Water,drinks,DRK-07,2,26000,52000,digital wallet,dine in
2108,SUN-48832,2024-06-13,Butter Croissant,desserts,DST-01,3,45000,135000,unknown,online shop
2109,SUN-31175,2024-04-26,Lemonade_Espresso_Tonic,drinks,DRK-05,4,24000,96000,credit card,error
2110,SUN-38929,2024-04-19,nan,error,DRK-01,3,25000,75000,credit card,take away
2111,missing,2024-01-23,Lotus Biscoff Cheesecake,desserts,DST-03,3,25000,error,digital wallet,online shop
2112,SUN-42267,2024-06-27,Nasi Goreng Kampung Premium,food,FOD-02,4,32000,unknown,unknown,dine in
2113,SUN-42233,2024-07-09,Lotus Biscoff Cheesecake,desserts,DST-03,3,25000,nan,cash,dine in
2114,SUN-47470,2024-05-10,Earl_Grey_Milk_Tea,drinks,DRK-04,1,24000,24000,cash,missing
2115,SUN-39010,2024-01-28,Earl_Grey_Milk_Tea,drinks,DRK-04,1,unknown,24000,credit card,nan
2116,SUN-41969,2024-01-22,Tiramisu Tres Leches,desserts,DST-05,4,22000,error,credit card,take away
2117,SUN-44738,2024-07-14,Iced_Aren_Latte,drinks,DRK-01,1,25000,25000,cash,online shop
2118,missing,2024-03-31,Iced_Aren_Latte,drinks,nan,2,25000,50000,error,online shop
2119,unknown,2024-02-17,Mineral_Water,drinks,DRK-07,3,26000,78000,digital wallet,online shop
2120,SUN-38131,2024-03-16,Classic_Beef_Burger,food,FOD-05,2,unknown,80000,digital wallet,take away
2121,SUN-42531,2024-11-21,Classic_Beef_Burger,food,FOD-05,1,40000,40000,credit card,dine in
2122,SUN-36824,2024-10-19,Grilled Chicken Mentai Rice,food,FOD-04,2,42000,84000,cash,online shop
2123,SUN-49297,2024-10-30,Earl_Grey_Milk_Tea,drinks,DRK-04,3,error,72000,credit card,dine in
2124,SUN-48828,2024-06-11,Lemonade_Espresso_Tonic,drinks,DRK-05,3,24000,72000,nan,error
2125,SUN-32469,2024-05-21,Creamy Spaghetti Carbonara,food,FOD-03,4,38000,152000,cash,take away
2126,missing,2024-07-09,Mineral_Water,drinks,DRK-07,1,26000,26000,digital wallet,dine in
2127,SUN-39028,2024-08-29,Truffle Fries & Sausage,food,FOD-01,3,10000,30000,digital wallet,online shop
2128,SUN-42189,2024-05-23,Truffle Fries & Sausage,food,FOD-01,4,10000,40000,digital wallet,dine in
2129,SUN-38206,2024-08-29,Earl_Grey_Milk_Tea,drinks,DRK-04,3,24000,72000,nan,missing
2130,SUN-43815,2024-10-17,Earl_Grey_Milk_Tea,drinks,DRK-04,4,24000,96000,cash,take away
2131,SUN-48602,2024-08-01,missing,drinks,DRK-03,2,28000,56000,digital wallet,online shop
2132,SUN-42510,2024-04-28,Cinnamon Roll,desserts,error,4,35000,unknown,digital wallet,online shop
2133,SUN-49802,2024-11-19,Iced_Aren_Latte,drinks,DRK-01,1,25000,25000,cash,online shop
2134,SUN-37406,2024-09-22,Hot_Americano,drinks,DRK-02,3,22000,66000,cash,online shop
2135,SUN-41708,2024-08-27,Truffle Fries & Sausage,missing,FOD-01,missing,10000,10000,cash,dine in
2136,SUN-30915,2024-09-23,Butter Croissant,error,DST-01,2,45000,90000,credit card,dine in
2137,SUN-35049,2024-06-06,Matcha_Berry_Latte,drinks,DRK-03,1,28000,28000,nan,take away
2138,SUN-36416,2024-04-26,missing,food,FOD-02,2,32000,64000,cash,dine in
2139,SUN-42980,2024-05-16,Mineral_Water,drinks,DRK-07,1,nan,26000,credit card,dine in
2140,SUN-34005,2024-04-15,Fudgy Brownie With Ice Cream,desserts,DST-02,2,18000,36000,unknown,online shop
2141,SUN-31539,2024-03-14,Classic_Beef_Burger,food,FOD-05,3,40000,120000,digital wallet,dine in
2142,SUN-44596,2024-08-12,Matcha_Berry_Latte,nan,DRK-03,3,28000,84000,digital wallet,online shop
2143,SUN-35760,2024-01-13,Lotus Biscoff Cheesecake,desserts,DST-03,2,25000,nan,nan,missing
2144,SUN-36040,2024-05-13,unknown,food,FOD-04,1,error,42000,cash,dine in
2145,SUN-37565,2024-04-06,Strawberry_Mojito_Mocktail,drinks,DRK-06,1,27000,missing,credit card,online shop
2146,SUN-33719,2024-08-02,nan,desserts,DST-02,nan,18000,54000,digital wallet,take away
2147,SUN-48142,2024-08-08,nan,desserts,DST-02,2,18000,36000,credit card,online shop
2148,SUN-31344,2024-07-01,Cinnamon Roll,missing,nan,1,35000,missing,cash,dine in
2149,SUN-38943,2024-09-27,Lotus Biscoff Cheesecake,desserts,DST-03,2,25000,50000,digital wallet,take away
2150,SUN-49796,2024-05-28,Mineral_Water,drinks,DRK-07,4,26000,104000,error,online shop
2151,SUN-44401,2024-01-01,Classic_Beef_Burger,food,FOD-05,4,40000,160000,credit card,take away
2152,SUN-49462,2024-03-17,Tiramisu Tres Leches,desserts,DST-05,1,22000,22000,nan,online shop
2153,SUN-47425,2024-12-14,Cinnamon Roll,desserts,DST-04,3,35000,105000,credit card,online shop
2154,SUN-39622,2024-08-07,Creamy Spaghetti Carbonara,food,FOD-03,1,38000,38000,digital wallet,take away
2155,SUN-37097,2024-11-30,Iced_Aren_Latte,drinks,DRK-01,1,25000,unknown,missing,dine in
2156,SUN-44270,2024-09-29,Fudgy Brownie With Ice Cream,desserts,DST-02,3,18000,54000,missing,take away
2157,nan,2024-08-21,Cinnamon Roll,desserts,DST-04,2,35000,70000,digital wallet,missing
2158,SUN-39695,2024-09-15,Truffle Fries & Sausage,food,FOD-01,1,10000,10000,cash,dine in
2159,SUN-34514,2024-12-20,Matcha_Berry_Latte,drinks,DRK-03,1,28000,nan,digital wallet,online shop
2160,missing,2024-01-13,error,drinks,DRK-04,error,24000,48000,missing,dine in
2161,SUN-34251,2024-01-20,Iced_Aren_Latte,drinks,DRK-01,4,25000,100000,credit card,online shop
2162,SUN-35188,2024-11-23,Tiramisu Tres Leches,desserts,DST-05,1,22000,22000,credit card,take away
2163,SUN-42064,2024-04-01,Iced_Aren_Latte,drinks,DRK-01,4,25000,100000,credit card,online shop
2164,SUN-30785,2024-06-17,Creamy Spaghetti Carbonara,food,FOD-03,2,38000,76000,cash,take away
2165,SUN-48735,2024-02-06,Lemonade_Espresso_Tonic,error,DRK-05,missing,24000,error,cash,online shop
2166,SUN-41154,2024-08-31,Mineral_Water,drinks,error,4,26000,104000,digital wallet,take away
2167,SUN-40154,2024-09-25,Mineral_Water,missing,DRK-07,3,26000,78000,cash,online shop
2168,SUN-38600,2024-11-03,Fudgy Brownie With Ice Cream,desserts,DST-02,2,18000,36000,cash,dine in
2169,SUN-31409,2024-11-23,Grilled Chicken Mentai Rice,food,FOD-04,3,42000,126000,unknown,dine in
2170,SUN-33087,2024-09-07,Creamy Spaghetti Carbonara,food,FOD-03,unknown,38000,error,credit card,dine in
2171,SUN-37237,unknown,error,drinks,DRK-07,4,26000,missing,credit card,dine in
2172,SUN-40144,2024-11-27,Strawberry_Mojito_Mocktail,drinks,DRK-06,3,27000,81000,credit card,dine in
2173,SUN-40502,2024-08-15,Cinnamon Roll,desserts,DST-04,2,35000,70000,cash,take away
2174,SUN-30191,2024-04-19,Strawberry_Mojito_Mocktail,drinks,DRK-06,3,27000,81000,digital wallet,take away
2175,SUN-48915,2024-05-30,Butter Croissant,desserts,DST-01,1,45000,missing,credit card,dine in
2176,SUN-40450,2024-09-28,Hot_Americano,drinks,DRK-02,3,22000,nan,credit card,online shop
2177,SUN-49064,2024-02-13,Grilled Chicken Mentai Rice,food,FOD-04,3,42000,126000,cash,dine in
2178,SUN-32258,2024-06-30,Cinnamon Roll,desserts,DST-04,4,35000,unknown,error,dine in
2179,SUN-37739,2024-03-11,Strawberry_Mojito_Mocktail,drinks,DRK-06,4,missing,108000,cash,online shop
2180,nan,2024-09-07,Cinnamon Roll,nan,DST-04,1,35000,35000,credit card,dine in
2181,SUN-34459,2024-05-14,Tiramisu Tres Leches,desserts,DST-05,1,22000,22000,digital wallet,missing
2182,SUN-46005,2024-08-05,Grilled Chicken Mentai Rice,food,FOD-04,4,42000,168000,digital wallet,online shop
2183,SUN-49121,2024-03-24,Nasi Goreng Kampung Premium,food,FOD-02,3,32000,96000,digital wallet,online shop
2184,nan,error,Strawberry_Mojito_Mocktail,drinks,DRK-06,1,27000,27000,credit card,take away
2185,SUN-43326,2024-12-22,Nasi Goreng Kampung Premium,food,FOD-02,3,32000,96000,cash,dine in
2186,SUN-40319,2024-01-03,Earl_Grey_Milk_Tea,drinks,DRK-04,3,24000,72000,error,online shop
2187,SUN-31500,unknown,unknown,drinks,unknown,2,22000,44000,digital wallet,online shop
2188,SUN-35386,2024-04-21,nan,food,FOD-03,missing,38000,76000,credit card,take away
2189,SUN-37767,2024-01-15,Classic_Beef_Burger,food,FOD-05,unknown,40000,160000,cash,take away
2190,SUN-30154,2024-01-03,Nasi Goreng Kampung Premium,food,FOD-02,4,32000,128000,digital wallet,missing
2191,SUN-39776,2024-02-27,error,drinks,DRK-01,1,25000,25000,cash,take away
2192,SUN-40010,2024-02-04,Lotus Biscoff Cheesecake,nan,DST-03,2,25000,50000,error,dine in
2193,SUN-38726,2024-01-12,Truffle Fries & Sausage,food,FOD-01,2,10000,20000,digital wallet,dine in
2194,SUN-45852,2024-12-19,unknown,food,FOD-04,1,42000,42000,digital wallet,take away
2195,SUN-30728,2024-01-11,Iced_Aren_Latte,nan,DRK-01,2,25000,50000,cash,take away
2196,SUN-42435,2024-02-03,Grilled Chicken Mentai Rice,food,FOD-04,1,42000,42000,credit card,dine in
2197,error,2024-02-16,unknown,drinks,DRK-03,4,28000,112000,digital wallet,take away
2198,SUN-48947,2024-11-03,unknown,food,FOD-04,1,42000,42000,unknown,online shop
2199,SUN-36867,2024-10-13,Matcha_Berry_Latte,drinks,DRK-03,3,28000,unknown,missing,take away
2200,SUN-36950,2024-03-20,error,food,nan,2,40000,80000,digital wallet,take away
2201,SUN-31754,2024-09-09,Lemonade_Espresso_Tonic,drinks,DRK-05,3,24000,missing,digital wallet,take away
2202,SUN-49227,2024-07-25,Mineral_Water,drinks,DRK-07,3,26000,78000,digital wallet,take away
2203,SUN-38864,2024-01-28,Mineral_Water,drinks,DRK-07,4,unknown,104000,cash,dine in
2204,SUN-47268,2024-03-31,Matcha_Berry_Latte,drinks,DRK-03,3,error,84000,cash,dine in
2205,SUN-37267,2024-07-07,missing,desserts,DST-01,nan,45000,45000,unknown,online shop
2206,SUN-30889,2024-02-11,Lemonade_Espresso_Tonic,drinks,DRK-05,2,missing,48000,cash,dine in
2207,SUN-30393,2024-07-22,error,drinks,DRK-01,3,25000,75000,nan,dine in
2208,SUN-40764,2024-12-08,Matcha_Berry_Latte,drinks,DRK-03,2,28000,nan,credit card,unknown
2209,SUN-46061,2024-11-01,missing,desserts,DST-01,1,missing,45000,digital wallet,take away
2210,missing,2024-03-31,Nasi Goreng Kampung Premium,food,FOD-02,nan,32000,missing,error,take away
2211,SUN-35384,2024-07-19,Cinnamon Roll,desserts,unknown,1,missing,35000,cash,online shop
2212,SUN-45633,2024-06-13,missing,unknown,FOD-05,error,40000,unknown,credit card,take away
2213,SUN-47012,2024-12-18,Cinnamon Roll,desserts,DST-04,nan,35000,105000,digital wallet,online shop
2214,SUN-31461,2024-11-23,Cinnamon Roll,desserts,DST-04,4,35000,140000,digital wallet,online shop
2215,SUN-32722,2024-12-10,Cinnamon Roll,desserts,DST-04,4,35000,140000,cash,nan
2216,SUN-30979,2024-05-21,Strawberry_Mojito_Mocktail,drinks,DRK-06,1,27000,27000,credit card,dine in
2217,SUN-37265,2024-09-01,error,error,error,3,26000,unknown,unknown,take away
2218,SUN-43746,2024-06-18,Grilled Chicken Mentai Rice,food,FOD-04,4,42000,168000,credit card,online shop
2219,SUN-47343,2024-09-26,Cinnamon Roll,desserts,DST-04,3,35000,105000,cash,dine in
2220,SUN-41219,2024-09-13,Strawberry_Mojito_Mocktail,drinks,DRK-06,3,27000,81000,credit card,take away
2221,SUN-35717,2024-10-05,Classic_Beef_Burger,food,FOD-05,4,40000,160000,credit card,take away
2222,SUN-42518,2024-04-30,Classic_Beef_Burger,food,FOD-05,1,40000,error,cash,online shop
2223,SUN-37026,2024-12-26,Earl_Grey_Milk_Tea,drinks,DRK-04,4,24000,96000,digital wallet,unknown
2224,SUN-48679,2024-10-23,Creamy Spaghetti Carbonara,food,FOD-03,4,38000,152000,cash,online shop
2225,SUN-37522,2024-07-31,Butter Croissant,desserts,DST-01,missing,45000,180000,nan,dine in
2226,SUN-33936,2024-03-22,Earl_Grey_Milk_Tea,drinks,DRK-04,1,24000,24000,digital wallet,dine in
2227,SUN-30840,2024-03-01,missing,unknown,DST-05,4,22000,missing,digital wallet,take away
2228,SUN-46834,2024-08-17,Creamy Spaghetti Carbonara,food,FOD-03,unknown,38000,152000,cash,take away
2229,SUN-30645,2024-05-31,Truffle Fries & Sausage,food,FOD-01,2,10000,20000,digital wallet,take away
2230,SUN-35521,2024-08-28,Tiramisu Tres Leches,desserts,DST-05,1,22000,22000,cash,take away
2231,SUN-46899,2024-08-02,Cinnamon Roll,missing,DST-04,4,35000,140000,cash,missing
2232,SUN-42977,2024-02-08,Truffle Fries & Sausage,food,FOD-01,1,10000,10000,credit card,online shop
2233,missing,2024-04-18,Earl_Grey_Milk_Tea,drinks,DRK-04,1,24000,24000,digital wallet,online shop
2234,SUN-35620,2024-11-21,Earl_Grey_Milk_Tea,drinks,DRK-04,3,24000,72000,credit card,nan
2235,SUN-35457,2024-03-21,Cinnamon Roll,desserts,DST-04,4,35000,140000,digital wallet,take away
2236,SUN-31068,2024-07-08,Cinnamon Roll,desserts,DST-04,4,missing,140000,error,take away
2237,SUN-48808,2024-09-23,unknown,desserts,DST-01,2,45000,90000,cash,online shop
2238,SUN-31409,2024-10-03,unknown,unknown,FOD-05,1,40000,40000,cash,online shop
2239,SUN-38847,2024-12-05,Truffle Fries & Sausage,food,FOD-01,4,10000,40000,cash,online shop
2240,SUN-33326,2024-06-22,missing,desserts,error,4,22000,88000,digital wallet,take away
2241,SUN-45536,2024-08-14,missing,drinks,DRK-03,2,28000,56000,digital wallet,online shop
2242,SUN-40346,2024-08-08,Grilled Chicken Mentai Rice,food,FOD-04,1,42000,42000,nan,take away
2243,SUN-35690,2024-05-21,Nasi Goreng Kampung Premium,food,FOD-02,2,32000,64000,digital wallet,take away
2244,SUN-41546,2024-06-20,Cinnamon Roll,desserts,DST-04,2,35000,70000,credit card,dine in
2245,SUN-41053,2024-12-22,Hot_Americano,drinks,DRK-02,2,22000,44000,digital wallet,take away
2246,SUN-34877,2024-05-20,Classic_Beef_Burger,food,FOD-05,3,40000,120000,credit card,dine in
2247,SUN-37603,2024-09-16,Creamy Spaghetti Carbonara,food,FOD-03,missing,38000,76000,credit card,take away
2248,SUN-43713,2024-02-28,Creamy Spaghetti Carbonara,food,FOD-03,error,38000,76000,digital wallet,dine in
2249,SUN-32212,2024-12-23,Cinnamon Roll,desserts,DST-04,missing,35000,35000,error,dine in
2250,SUN-46337,2024-07-07,Butter Croissant,desserts,DST-01,nan,45000,180000,cash,dine in
2251,SUN-37974,2024-12-10,error,unknown,DRK-05,2,24000,48000,cash,dine in
2252,SUN-34429,2024-08-03,Cinnamon Roll,missing,nan,error,35000,35000,credit card,dine in
2253,SUN-44092,2024-06-18,Hot_Americano,drinks,DRK-02,nan,22000,88000,cash,dine in
2254,SUN-39253,2024-11-10,Cinnamon Roll,desserts,DST-04,3,35000,105000,credit card,online shop
2255,error,2024-08-03,unknown,drinks,DRK-06,4,27000,unknown,digital wallet,take away
2256,SUN-48066,2024-07-07,Strawberry_Mojito_Mocktail,drinks,DRK-06,2,error,54000,digital wallet,take away
2257,SUN-42271,2024-05-25,unknown,drinks,DRK-01,1,missing,25000,cash,dine in
2258,SUN-40575,2024-08-25,Matcha_Berry_Latte,drinks,DRK-03,3,28000,84000,credit card,take away
2259,SUN-45241,2024-07-07,Cinnamon Roll,desserts,DST-04,2,35000,70000,cash,take away
2260,SUN-40726,2024-12-15,Grilled Chicken Mentai Rice,food,FOD-04,1,42000,42000,digital wallet,take away
2261,SUN-36655,2024-08-14,Butter Croissant,desserts,DST-01,2,45000,90000,unknown,dine in
2262,SUN-35345,2024-01-24,Nasi Goreng Kampung Premium,food,FOD-02,3,32000,error,cash,dine in
2263,SUN-44940,2024-04-18,Grilled Chicken Mentai Rice,food,FOD-04,unknown,42000,168000,unknown,dine in
2264,SUN-33274,2024-05-28,unknown,desserts,DST-01,4,45000,180000,cash,dine in
2265,SUN-30258,2024-06-05,Tiramisu Tres Leches,desserts,DST-05,3,22000,66000,cash,online shop
2266,SUN-33994,2024-11-25,Matcha_Berry_Latte,drinks,DRK-03,2,missing,56000,credit card,online shop
2267,SUN-46509,2024-10-30,nan,drinks,DRK-01,2,25000,50000,nan,take away
2268,SUN-41625,2024-12-10,Creamy Spaghetti Carbonara,food,FOD-03,2,38000,76000,credit card,online shop
2269,SUN-30492,nan,Strawberry_Mojito_Mocktail,drinks,DRK-06,4,27000,108000,credit card,missing
2270,error,2024-11-24,Creamy Spaghetti Carbonara,food,FOD-03,1,38000,38000,nan,online shop
2271,SUN-31385,2024-02-27,Truffle Fries & Sausage,food,FOD-01,3,10000,30000,cash,dine in
2272,SUN-45731,2024-06-15,Lotus Biscoff Cheesecake,desserts,DST-03,2,25000,50000,digital wallet,nan
2273,SUN-39300,2024-02-14,missing,drinks,DRK-03,1,28000,28000,cash,online shop
2274,SUN-33093,2024-04-10,error,desserts,DST-04,1,35000,unknown,cash,take away
2275,SUN-37420,2024-10-31,Earl_Grey_Milk_Tea,drinks,DRK-04,4,24000,missing,digital wallet,take away
2276,nan,unknown,Iced_Aren_Latte,drinks,DRK-01,1,25000,25000,credit card,take away
2277,SUN-48066,2024-05-07,Iced_Aren_Latte,drinks,DRK-01,2,25000,50000,digital wallet,take away
2278,SUN-37188,2024-08-15,Creamy Spaghetti Carbonara,food,FOD-03,3,38000,114000,digital wallet,error
2279,SUN-42812,2024-12-05,error,food,FOD-04,4,42000,168000,cash,online shop
2280,SUN-42956,2024-01-10,Tiramisu Tres Leches,desserts,DST-05,1,22000,22000,error,take away
2281,SUN-41994,2024-04-25,error,food,FOD-05,missing,40000,120000,credit card,take away
2282,SUN-34622,2024-09-11,Strawberry_Mojito_Mocktail,error,DRK-06,4,27000,108000,credit card,error
2283,SUN-33661,2024-02-09,Classic_Beef_Burger,food,FOD-05,1,40000,40000,cash,dine in
2284,SUN-36763,2024-08-31,nan,drinks,DRK-07,2,26000,nan,missing,dine in
2285,SUN-35985,2024-11-24,Tiramisu Tres Leches,desserts,missing,4,nan,88000,credit card,dine in
2286,SUN-34356,2024-09-19,Creamy Spaghetti Carbonara,food,FOD-03,4,38000,152000,credit card,dine in
2287,SUN-44873,2024-06-01,Fudgy Brownie With Ice Cream,unknown,DST-02,3,18000,54000,cash,dine in
2288,SUN-38719,2024-12-20,Iced_Aren_Latte,drinks,DRK-01,4,25000,100000,digital wallet,dine in
2289,SUN-33178,2024-08-15,Matcha_Berry_Latte,drinks,DRK-03,3,28000,84000,credit card,take away
2290,SUN-37402,2024-01-08,Mineral_Water,unknown,DRK-07,3,unknown,78000,error,nan
2291,SUN-43858,2024-04-27,Lemonade_Espresso_Tonic,drinks,DRK-05,error,24000,48000,credit card,missing
2292,SUN-44216,2024-03-21,nan,desserts,missing,1,35000,35000,credit card,dine in
2293,SUN-38600,2024-08-15,Cinnamon Roll,error,DST-04,3,35000,105000,error,online shop
2294,SUN-38981,2024-05-03,Creamy Spaghetti Carbonara,food,FOD-03,3,38000,114000,cash,dine in
2295,SUN-33684,2024-09-23,Butter Croissant,missing,DST-01,nan,45000,nan,digital wallet,missing
2296,SUN-32088,2024-09-26,Lemonade_Espresso_Tonic,drinks,DRK-05,missing,24000,48000,cash,take away
2297,SUN-48395,2024-12-23,Matcha_Berry_Latte,drinks,DRK-03,3,28000,84000,cash,online shop
2298,SUN-46732,2024-01-05,missing,food,FOD-05,2,40000,80000,credit card,dine in
2299,SUN-33633,2024-01-20,Tiramisu Tres Leches,desserts,DST-05,4,22000,88000,credit card,take away
2300,SUN-31469,2024-12-15,Truffle Fries & Sausage,food,FOD-01,2,10000,20000,credit card,online shop
2301,SUN-33426,2024-12-11,Cinnamon Roll,desserts,DST-04,1,35000,35000,cash,take away
2302,SUN-34705,2024-03-11,Tiramisu Tres Leches,nan,DST-05,4,22000,88000,cash,dine in
2303,SUN-47847,2024-07-22,Fudgy Brownie With Ice Cream,desserts,DST-02,1,18000,nan,nan,online shop
2304,SUN-38316,2024-01-24,Creamy Spaghetti Carbonara,food,unknown,1,unknown,38000,credit card,error
2305,SUN-45116,2024-02-24,Lemonade_Espresso_Tonic,missing,DRK-05,2,24000,48000,credit card,take away
2306,SUN-43766,2024-04-09,Nasi Goreng Kampung Premium,food,unknown,1,32000,32000,cash,take away
2307,SUN-46248,2024-12-19,Lotus Biscoff Cheesecake,desserts,DST-03,3,25000,75000,cash,dine in
2308,SUN-34483,2024-04-03,Cinnamon Roll,desserts,DST-04,3,35000,105000,cash,take away
2309,SUN-32558,2024-10-13,Nasi Goreng Kampung Premium,food,FOD-02,2,error,64000,cash,unknown
2310,SUN-42143,2024-04-11,Strawberry_Mojito_Mocktail,drinks,DRK-06,1,27000,27000,cash,dine in
2311,SUN-33077,2024-03-14,Creamy Spaghetti Carbonara,food,FOD-03,2,38000,76000,digital wallet,dine in
2312,SUN-46239,2024-12-01,Truffle Fries & Sausage,food,FOD-01,2,10000,20000,credit card,dine in
2313,SUN-34705,2024-09-12,Strawberry_Mojito_Mocktail,error,missing,3,error,81000,digital wallet,missing
2314,SUN-30173,2024-05-08,Hot_Americano,drinks,DRK-02,4,22000,88000,digital wallet,online shop
2315,SUN-43404,2024-11-16,Grilled Chicken Mentai Rice,food,FOD-04,4,error,168000,digital wallet,error
2316,SUN-30468,2024-10-15,Fudgy Brownie With Ice Cream,desserts,DST-02,4,18000,72000,digital wallet,dine in
2317,SUN-41281,2024-05-24,Strawberry_Mojito_Mocktail,drinks,DRK-06,1,27000,27000,unknown,take away
2318,SUN-35832,2024-10-24,missing,food,FOD-02,4,32000,error,credit card,take away
2319,SUN-40495,2024-01-20,Cinnamon Roll,desserts,DST-04,2,35000,70000,credit card,take away
2320,SUN-46705,2024-08-17,Butter Croissant,unknown,DST-01,4,45000,180000,digital wallet,online shop
2321,SUN-35549,2024-01-13,Grilled Chicken Mentai Rice,food,FOD-04,3,42000,error,credit card,nan
2322,SUN-46292,2024-07-03,Hot_Americano,drinks,DRK-02,3,nan,66000,credit card,error
2323,SUN-36033,2024-01-12,Iced_Aren_Latte,drinks,DRK-01,missing,25000,25000,cash,dine in
2324,SUN-37659,2024-05-21,unknown,drinks,DRK-01,1,25000,25000,credit card,take away
2325,error,2024-12-21,Strawberry_Mojito_Mocktail,drinks,DRK-06,4,27000,108000,cash,online shop
2326,SUN-36846,2024-08-30,Nasi Goreng Kampung Premium,food,FOD-02,2,32000,64000,credit card,unknown
2327,SUN-49100,2024-07-08,Strawberry_Mojito_Mocktail,drinks,DRK-06,3,27000,81000,digital wallet,take away
2328,SUN-31661,2024-03-08,Cinnamon Roll,error,DST-04,4,35000,140000,credit card,take away
2329,SUN-36385,2024-01-11,Strawberry_Mojito_Mocktail,error,DRK-06,2,27000,54000,digital wallet,take away
2330,SUN-38884,2024-11-01,Lemonade_Espresso_Tonic,drinks,DRK-05,4,24000,96000,credit card,dine in
2331,SUN-39102,2024-01-16,Earl_Grey_Milk_Tea,drinks,DRK-04,2,24000,48000,cash,dine in
2332,SUN-45114,2024-08-06,Matcha_Berry_Latte,drinks,DRK-03,nan,28000,28000,digital wallet,online shop
2333,SUN-30176,2024-08-18,Classic_Beef_Burger,food,FOD-05,1,40000,40000,digital wallet,dine in
2334,SUN-47120,2024-06-09,missing,error,unknown,2,42000,84000,digital wallet,online shop
2335,SUN-41734,2024-10-10,Strawberry_Mojito_Mocktail,drinks,DRK-06,1,27000,missing,digital wallet,dine in
2336,SUN-35817,2024-08-24,Hot_Americano,drinks,DRK-02,4,22000,88000,unknown,nan
2337,SUN-30937,2024-11-17,Butter Croissant,desserts,missing,nan,45000,nan,credit card,dine in
2338,SUN-30682,2024-10-05,Creamy Spaghetti Carbonara,unknown,FOD-03,1,38000,38000,cash,take away
2339,SUN-46688,2024-02-15,Tiramisu Tres Leches,desserts,DST-05,missing,22000,88000,digital wallet,dine in
2340,SUN-49936,2024-04-27,Lemonade_Espresso_Tonic,drinks,DRK-05,4,missing,96000,cash,take away
2341,SUN-40748,2024-06-27,Lotus Biscoff Cheesecake,nan,DST-03,4,25000,unknown,credit card,dine in
2342,SUN-40322,2024-04-28,error,drinks,DRK-07,4,26000,104000,cash,online shop
2343,SUN-33468,2024-04-08,error,food,FOD-04,1,42000,42000,cash,take away
2344,unknown,2024-10-22,Truffle Fries & Sausage,food,nan,3,10000,30000,cash,dine in
2345,SUN-31652,2024-11-27,Iced_Aren_Latte,drinks,DRK-01,1,25000,25000,credit card,online shop
2346,SUN-49302,2024-05-07,Mineral_Water,drinks,DRK-07,2,26000,52000,cash,online shop
2347,SUN-43064,2024-11-23,Mineral_Water,drinks,DRK-07,3,26000,78000,credit card,online shop
2348,SUN-39131,2024-01-03,Creamy Spaghetti Carbonara,food,FOD-03,2,38000,76000,credit card,online shop
2349,SUN-42661,2024-02-29,Cinnamon Roll,desserts,DST-04,3,error,missing,credit card,error
2350,SUN-40381,2024-04-16,nan,drinks,DRK-01,3,unknown,75000,digital wallet,dine in
2351,SUN-30607,2024-12-30,Mineral_Water,drinks,DRK-07,3,26000,78000,digital wallet,online shop
2352,SUN-39212,2024-08-02,Iced_Aren_Latte,nan,DRK-01,nan,25000,100000,cash,take away
2353,SUN-36446,2024-07-12,Creamy Spaghetti Carbonara,food,FOD-03,4,38000,152000,cash,error
2354,SUN-39362,2024-10-16,Lotus Biscoff Cheesecake,desserts,DST-03,1,25000,nan,digital wallet,dine in
2355,SUN-37988,2024-11-22,Lotus Biscoff Cheesecake,desserts,DST-03,4,25000,100000,credit card,take away
2356,SUN-34147,2024-02-16,Creamy Spaghetti Carbonara,food,FOD-03,4,38000,152000,credit card,dine in
2357,unknown,2024-02-20,error,unknown,FOD-01,4,missing,40000,credit card,online shop
2358,SUN-31843,2024-06-19,Lotus Biscoff Cheesecake,desserts,DST-03,3,25000,75000,cash,nan
2359,SUN-36454,2024-04-09,Grilled Chicken Mentai Rice,food,FOD-04,2,42000,84000,digital wallet,dine in
2360,SUN-35125,2024-04-06,Strawberry_Mojito_Mocktail,drinks,DRK-06,2,27000,54000,digital wallet,dine in
2361,SUN-30196,2024-02-18,Cinnamon Roll,desserts,DST-04,2,35000,70000,unknown,dine in
2362,SUN-33216,2024-06-06,error,drinks,DRK-04,2,24000,missing,digital wallet,take away
2363,SUN-43183,2024-05-25,Lotus Biscoff Cheesecake,desserts,DST-03,4,25000,100000,cash,online shop
2364,SUN-30728,2024-07-07,Butter Croissant,desserts,DST-01,3,45000,135000,error,take away
2365,SUN-46576,2024-08-15,Grilled Chicken Mentai Rice,food,FOD-04,3,42000,126000,cash,unknown
2366,SUN-46452,2024-03-18,Cinnamon Roll,desserts,DST-04,3,35000,105000,digital wallet,online shop
2367,SUN-30903,2024-05-03,Butter Croissant,desserts,DST-01,1,45000,45000,credit card,dine in
2368,SUN-31841,2024-10-11,missing,nan,DRK-03,4,28000,112000,digital wallet,online shop
2369,SUN-44449,2024-04-07,Butter Croissant,missing,DST-01,4,45000,180000,credit card,online shop
2370,SUN-37129,2024-04-23,Fudgy Brownie With Ice Cream,desserts,DST-02,2,18000,36000,digital wallet,missing
2371,SUN-39839,2024-10-14,Lotus Biscoff Cheesecake,desserts,DST-03,3,25000,75000,digital wallet,error
2372,SUN-38636,2024-08-14,Classic_Beef_Burger,food,FOD-05,1,missing,40000,digital wallet,online shop
2373,SUN-44452,2024-10-06,Matcha_Berry_Latte,drinks,DRK-03,1,28000,28000,cash,take away
2374,SUN-30020,2024-04-22,Nasi Goreng Kampung Premium,food,FOD-02,4,32000,missing,digital wallet,dine in
2375,SUN-47948,2024-09-02,Strawberry_Mojito_Mocktail,drinks,DRK-06,2,error,54000,credit card,unknown
2376,SUN-48029,2024-12-02,Iced_Aren_Latte,drinks,DRK-01,4,25000,100000,cash,dine in
2377,SUN-46548,2024-08-24,error,food,FOD-04,3,missing,126000,digital wallet,dine in
2378,nan,2024-12-01,Matcha_Berry_Latte,drinks,DRK-03,2,28000,unknown,cash,online shop
2379,nan,2024-12-22,Creamy Spaghetti Carbonara,food,FOD-03,3,unknown,114000,cash,missing
2380,SUN-37647,2024-10-13,Truffle Fries & Sausage,food,FOD-01,2,10000,nan,cash,take away
2381,SUN-38787,2024-12-16,Strawberry_Mojito_Mocktail,drinks,DRK-06,2,27000,54000,error,take away
2382,SUN-32964,2024-09-06,Earl_Grey_Milk_Tea,drinks,DRK-04,3,24000,unknown,digital wallet,online shop
2383,SUN-37320,2024-08-31,Creamy Spaghetti Carbonara,nan,FOD-03,3,unknown,114000,missing,take away
2384,SUN-42448,2024-10-18,Hot_Americano,drinks,DRK-02,error,22000,44000,cash,online shop
2385,SUN-44271,2024-05-07,Mineral_Water,drinks,DRK-07,3,26000,78000,digital wallet,dine in
2386,SUN-40604,2024-02-13,unknown,desserts,DST-01,1,45000,45000,digital wallet,take away
2387,SUN-45133,2024-06-17,error,desserts,DST-04,4,35000,140000,cash,take away
2388,SUN-36160,2024-09-05,Earl_Grey_Milk_Tea,drinks,DRK-04,1,24000,missing,digital wallet,take away
2389,SUN-34918,2024-09-03,Iced_Aren_Latte,drinks,DRK-01,4,25000,100000,digital wallet,online shop
2390,SUN-36443,2024-04-14,Strawberry_Mojito_Mocktail,drinks,DRK-06,3,27000,81000,credit card,online shop
2391,SUN-37999,2024-10-25,Butter Croissant,desserts,DST-01,1,45000,45000,cash,take away
2392,SUN-38304,2024-09-23,Cinnamon Roll,desserts,unknown,1,35000,35000,digital wallet,dine in
2393,SUN-44930,2024-05-18,Grilled Chicken Mentai Rice,food,FOD-04,1,42000,nan,cash,take away
2394,SUN-49391,2024-09-26,Tiramisu Tres Leches,missing,DST-05,1,unknown,missing,digital wallet,online shop
2395,SUN-40998,2024-09-16,Truffle Fries & Sausage,food,FOD-01,4,10000,error,cash,take away
2396,SUN-36834,2024-11-22,nan,desserts,DST-04,4,35000,140000,cash,online shop
2397,SUN-43667,2024-09-20,nan,food,unknown,3,40000,120000,credit card,online shop
2398,SUN-39518,2024-02-01,Lemonade_Espresso_Tonic,nan,DRK-05,3,24000,72000,credit card,take away
2399,SUN-30961,2024-07-13,nan,desserts,DST-01,error,45000,180000,credit card,dine in
2400,SUN-32073,2024-05-31,Truffle Fries & Sausage,food,FOD-01,2,10000,20000,credit card,take away
2401,unknown,2024-08-12,Tiramisu Tres Leches,desserts,DST-05,2,22000,unknown,cash,dine in
2402,SUN-36077,2024-04-24,Strawberry_Mojito_Mocktail,drinks,DRK-06,3,27000,81000,digital wallet,missing
2403,SUN-47687,2024-12-13,Lotus Biscoff Cheesecake,desserts,DST-03,1,25000,unknown,credit card,dine in
2404,SUN-47417,2024-04-07,Nasi Goreng Kampung Premium,food,FOD-02,1,32000,32000,unknown,missing
2405,unknown,2024-03-29,Classic_Beef_Burger,food,FOD-05,1,40000,40000,credit card,take away
2406,SUN-46483,2024-11-18,error,drinks,DRK-01,error,25000,100000,error,dine in
2407,SUN-31489,2024-11-11,Cinnamon Roll,desserts,DST-04,4,35000,140000,credit card,online shop
2408,SUN-47317,2024-03-12,Butter Croissant,desserts,DST-01,2,45000,90000,cash,online shop
2409,SUN-31440,2024-10-09,Earl_Grey_Milk_Tea,drinks,DRK-04,unknown,24000,24000,cash,missing
2410,SUN-34471,2024-11-08,Tiramisu Tres Leches,nan,DST-05,3,unknown,66000,digital wallet,take away
2411,SUN-41089,2024-02-18,Nasi Goreng Kampung Premium,food,FOD-02,3,32000,96000,digital wallet,dine in
2412,SUN-30170,2024-08-23,Tiramisu Tres Leches,desserts,DST-05,2,22000,missing,credit card,take away
2413,SUN-33271,2024-04-03,Mineral_Water,drinks,error,3,26000,78000,cash,online shop
2414,SUN-42358,2024-11-17,Matcha_Berry_Latte,nan,DRK-03,2,missing,unknown,credit card,nan
2415,SUN-34182,2024-03-30,Cinnamon Roll,nan,missing,3,35000,105000,credit card,error
2416,SUN-36724,2024-11-30,missing,desserts,DST-02,3,18000,54000,digital wallet,take away
2417,SUN-40688,2024-07-08,Grilled Chicken Mentai Rice,missing,FOD-04,4,42000,168000,cash,take away
2418,SUN-43788,2024-12-28,missing,drinks,DRK-04,1,24000,24000,digital wallet,online shop
2419,SUN-32012,2024-05-06,Grilled Chicken Mentai Rice,unknown,FOD-04,1,42000,42000,digital wallet,online shop
2420,SUN-42521,2024-10-06,Classic_Beef_Burger,food,FOD-05,error,40000,40000,cash,dine in
2421,SUN-33504,2024-07-20,Grilled Chicken Mentai Rice,unknown,FOD-04,2,42000,84000,credit card,dine in
2422,SUN-31080,2024-06-01,Matcha_Berry_Latte,error,DRK-03,1,28000,28000,error,online shop
2423,SUN-43944,2024-07-22,Fudgy Brownie With Ice Cream,desserts,DST-02,missing,18000,72000,credit card,dine in
2424,SUN-30628,2024-08-14,Lemonade_Espresso_Tonic,drinks,DRK-05,1,24000,24000,digital wallet,take away
2425,SUN-30333,2024-12-28,Cinnamon Roll,desserts,DST-04,nan,35000,35000,digital wallet,dine in
2426,nan,2024-08-14,Strawberry_Mojito_Mocktail,drinks,DRK-06,4,27000,108000,unknown,missing
2427,SUN-41834,2024-07-02,error,drinks,DRK-03,1,28000,28000,cash,online shop
2428,SUN-31964,error,Butter Croissant,desserts,DST-01,3,45000,135000,credit card,online shop
2429,SUN-46930,2024-11-27,error,drinks,DRK-01,1,25000,error,digital wallet,take away
2430,SUN-41824,2024-08-18,Cinnamon Roll,desserts,unknown,4,35000,140000,cash,nan
2431,SUN-30405,2024-12-13,nan,food,FOD-03,4,nan,152000,cash,dine in
2432,unknown,2024-02-19,Nasi Goreng Kampung Premium,error,FOD-02,3,unknown,96000,missing,take away
2433,SUN-36677,2024-11-10,Butter Croissant,desserts,DST-01,4,45000,180000,cash,online shop
2434,SUN-45847,2024-08-21,missing,food,FOD-03,3,38000,114000,digital wallet,dine in
2435,SUN-34935,2024-10-21,Mineral_Water,drinks,DRK-07,missing,26000,26000,credit card,dine in
2436,SUN-36669,2024-07-01,Matcha_Berry_Latte,drinks,DRK-03,4,28000,missing,credit card,dine in
2437,missing,2024-10-13,Matcha_Berry_Latte,drinks,DRK-03,1,28000,28000,unknown,take away
2438,SUN-44991,2024-09-12,missing,desserts,error,4,22000,88000,missing,dine in
2439,SUN-31075,2024-05-23,nan,drinks,DRK-03,3,nan,84000,missing,online shop
2440,SUN-40345,2024-07-19,Lotus Biscoff Cheesecake,desserts,DST-03,2,25000,50000,credit card,take away
2441,missing,2024-10-04,Truffle Fries & Sausage,food,FOD-01,2,10000,20000,credit card,online shop
2442,SUN-39544,2024-08-21,Fudgy Brownie With Ice Cream,desserts,DST-02,missing,18000,72000,cash,take away
2443,SUN-44938,2024-11-01,Lotus Biscoff Cheesecake,desserts,DST-03,1,25000,25000,credit card,dine in
2444,SUN-48014,2024-07-16,Lemonade_Espresso_Tonic,drinks,DRK-05,4,error,96000,credit card,take away
2445,SUN-35380,2024-06-12,Grilled Chicken Mentai Rice,food,FOD-04,nan,42000,unknown,cash,unknown
2446,SUN-42566,2024-11-21,nan,food,FOD-01,4,10000,40000,credit card,online shop
2447,SUN-48909,2024-09-14,unknown,desserts,unknown,2,18000,36000,credit card,dine in
2448,SUN-44261,2024-03-24,Earl_Grey_Milk_Tea,drinks,DRK-04,4,24000,96000,digital wallet,dine in
2449,SUN-45218,2024-03-26,Fudgy Brownie With Ice Cream,desserts,DST-02,2,18000,36000,cash,dine in
2450,SUN-35612,2024-03-12,Creamy Spaghetti Carbonara,food,FOD-03,4,38000,152000,cash,online shop
2451,SUN-36634,2024-02-21,Creamy Spaghetti Carbonara,missing,FOD-03,4,38000,152000,nan,online shop
2452,SUN-30913,2024-08-21,Cinnamon Roll,desserts,DST-04,unknown,35000,105000,cash,take away
2453,SUN-35911,2024-12-17,Iced_Aren_Latte,drinks,DRK-01,3,25000,75000,cash,missing
2454,SUN-42694,2024-07-07,Truffle Fries & Sausage,food,FOD-01,4,error,40000,cash,dine in
2455,SUN-46181,2024-07-23,missing,desserts,DST-02,4,18000,72000,cash,nan
2456,SUN-48755,2024-07-29,Butter Croissant,desserts,DST-01,4,45000,180000,unknown,take away
2457,SUN-31630,2024-10-28,Lemonade_Espresso_Tonic,drinks,DRK-05,4,24000,96000,cash,missing
2458,SUN-44296,2024-04-06,Earl_Grey_Milk_Tea,nan,missing,4,24000,96000,digital wallet,online shop
2459,SUN-38753,2024-12-14,missing,drinks,DRK-07,error,26000,104000,credit card,dine in
2460,SUN-36333,2024-06-11,Earl_Grey_Milk_Tea,drinks,DRK-04,4,24000,96000,digital wallet,unknown
2461,SUN-42828,2024-09-10,nan,desserts,DST-03,2,25000,50000,unknown,take away
2462,SUN-41706,2024-02-07,Matcha_Berry_Latte,drinks,DRK-03,2,28000,56000,digital wallet,online shop
2463,SUN-46651,2024-10-07,Creamy Spaghetti Carbonara,food,FOD-03,3,nan,114000,credit card,take away
2464,SUN-37525,2024-05-21,error,desserts,DST-01,3,45000,135000,missing,dine in
2465,SUN-47885,2024-04-01,Nasi Goreng Kampung Premium,food,FOD-02,3,32000,96000,credit card,take away
2466,SUN-35184,2024-06-04,Cinnamon Roll,desserts,DST-04,missing,35000,35000,credit card,take away
2467,SUN-38340,2024-09-23,Creamy Spaghetti Carbonara,food,FOD-03,1,38000,38000,credit card,dine in
2468,SUN-49271,2024-12-25,Cinnamon Roll,unknown,DST-04,2,35000,unknown,cash,online shop
2469,SUN-48060,2024-11-17,Iced_Aren_Latte,drinks,DRK-01,4,25000,100000,digital wallet,take away
2470,SUN-39426,2024-11-09,Truffle Fries & Sausage,food,FOD-01,2,10000,missing,cash,take away
2471,SUN-45978,2024-03-27,Creamy Spaghetti Carbonara,food,FOD-03,1,38000,38000,cash,take away
2472,SUN-45240,2024-12-16,Iced_Aren_Latte,drinks,DRK-01,3,25000,75000,digital wallet,online shop
2473,SUN-48613,2024-02-14,Cinnamon Roll,desserts,DST-04,3,35000,105000,digital wallet,dine in
2474,SUN-48837,2024-02-24,Matcha_Berry_Latte,drinks,DRK-03,3,nan,unknown,credit card,online shop
2475,SUN-43109,2024-10-11,Truffle Fries & Sausage,food,FOD-01,3,10000,unknown,digital wallet,dine in
2476,SUN-37360,2024-05-15,Strawberry_Mojito_Mocktail,nan,DRK-06,3,nan,nan,credit card,online shop
2477,SUN-41218,2024-01-08,nan,drinks,DRK-03,4,28000,112000,cash,dine in
2478,SUN-34469,2024-10-10,Truffle Fries & Sausage,food,nan,3,missing,30000,missing,online shop
2479,SUN-30581,2024-02-18,Iced_Aren_Latte,drinks,DRK-01,3,25000,75000,cash,missing
2480,SUN-48119,2024-04-01,Classic_Beef_Burger,food,FOD-05,4,40000,160000,digital wallet,dine in
2481,SUN-38935,2024-05-08,Creamy Spaghetti Carbonara,food,FOD-03,3,38000,114000,cash,online shop
2482,SUN-30442,2024-01-01,nan,drinks,DRK-01,2,25000,50000,cash,take away
2483,missing,2024-03-14,Truffle Fries & Sausage,food,nan,4,10000,unknown,digital wallet,online shop
2484,SUN-46708,2024-01-18,Lotus Biscoff Cheesecake,desserts,DST-03,4,25000,100000,credit card,online shop
2485,SUN-45112,2024-12-14,Cinnamon Roll,desserts,DST-04,3,35000,105000,digital wallet,take away
2486,SUN-39145,2024-09-16,Cinnamon Roll,desserts,DST-04,2,35000,70000,cash,online shop
2487,SUN-45171,2024-07-14,Butter Croissant,desserts,DST-01,3,45000,135000,cash,online shop
2488,SUN-48257,2024-02-28,Iced_Aren_Latte,drinks,DRK-01,4,25000,100000,credit card,take away
2489,SUN-46392,2024-04-12,Classic_Beef_Burger,food,FOD-05,unknown,40000,160000,error,take away
2490,unknown,2024-10-13,Matcha_Berry_Latte,drinks,DRK-03,unknown,28000,unknown,digital wallet,online shop
2491,SUN-40852,2024-01-09,Fudgy Brownie With Ice Cream,desserts,DST-02,1,18000,nan,cash,take away
2492,SUN-38520,2024-03-04,Strawberry_Mojito_Mocktail,drinks,missing,3,27000,81000,cash,take away
2493,SUN-47939,2024-07-20,Lotus Biscoff Cheesecake,desserts,DST-03,3,25000,75000,credit card,dine in
2494,SUN-36807,2024-07-08,Strawberry_Mojito_Mocktail,drinks,error,3,27000,81000,unknown,missing
2495,SUN-44225,2024-07-16,Iced_Aren_Latte,drinks,DRK-01,1,unknown,25000,cash,nan
2496,SUN-35415,2024-11-25,missing,food,FOD-04,4,42000,168000,missing,missing
2497,SUN-45747,2024-05-09,Hot_Americano,drinks,DRK-02,1,22000,22000,cash,unknown
2498,SUN-38991,2024-04-02,Hot_Americano,drinks,DRK-02,error,22000,88000,credit card,dine in
2499,SUN-44264,2024-07-07,Nasi Goreng Kampung Premium,food,FOD-02,missing,32000,32000,credit card,dine in
2500,SUN-35293,2024-11-13,Strawberry_Mojito_Mocktail,drinks,DRK-06,4,27000,108000,nan,take away
2501,SUN-38748,2024-07-08,Nasi Goreng Kampung Premium,food,FOD-02,4,32000,128000,digital wallet,unknown
2502,SUN-47773,2024-08-15,Grilled Chicken Mentai Rice,food,FOD-04,3,42000,126000,nan,dine in
2503,SUN-45108,2024-03-14,Lotus Biscoff Cheesecake,desserts,DST-03,2,25000,50000,credit card,online shop
2504,SUN-33609,2024-04-18,Lotus Biscoff Cheesecake,desserts,DST-03,2,25000,50000,digital wallet,dine in
2505,missing,2024-11-21,Fudgy Brownie With Ice Cream,desserts,DST-02,3,unknown,54000,cash,dine in
2506,SUN-32165,2024-03-25,Grilled Chicken Mentai Rice,food,FOD-04,1,42000,42000,credit card,unknown
2507,SUN-44441,2024-06-10,Fudgy Brownie With Ice Cream,desserts,unknown,4,18000,72000,digital wallet,nan
2508,SUN-42430,2024-10-27,Truffle Fries & Sausage,food,FOD-01,missing,10000,30000,credit card,online shop
2509,SUN-47900,2024-05-17,Creamy Spaghetti Carbonara,missing,missing,3,38000,114000,digital wallet,take away
2510,SUN-40015,2024-11-22,Grilled Chicken Mentai Rice,food,FOD-04,1,42000,42000,credit card,dine in
2511,SUN-41339,2024-03-01,error,food,FOD-05,4,40000,unknown,credit card,online shop
2512,SUN-30120,2024-11-16,Butter Croissant,desserts,DST-01,3,45000,missing,missing,take away
2513,SUN-38122,2024-03-27,Strawberry_Mojito_Mocktail,missing,DRK-06,2,27000,54000,cash,dine in
2514,SUN-42134,2024-10-08,Fudgy Brownie With Ice Cream,desserts,DST-02,1,18000,error,nan,take away
2515,SUN-41016,2024-08-24,unknown,desserts,DST-01,3,45000,135000,unknown,take away
2516,SUN-42210,2024-01-15,missing,drinks,DRK-07,4,26000,104000,cash,take away
2517,SUN-33739,2024-04-18,error,food,FOD-05,4,40000,160000,cash,dine in
2518,SUN-42054,2024-08-22,Butter Croissant,desserts,DST-01,1,45000,45000,digital wallet,unknown
2519,missing,2024-03-14,Grilled Chicken Mentai Rice,food,FOD-04,unknown,42000,42000,error,dine in
2520,SUN-33509,2024-01-28,Nasi Goreng Kampung Premium,food,FOD-02,1,32000,32000,nan,dine in
2521,SUN-39230,2024-07-07,Classic_Beef_Burger,food,FOD-05,2,40000,unknown,credit card,take away
2522,SUN-32731,2024-06-13,Matcha_Berry_Latte,drinks,DRK-03,1,28000,28000,credit card,online shop
2523,SUN-35470,2024-09-29,Nasi Goreng Kampung Premium,food,FOD-02,1,32000,32000,digital wallet,online shop
2524,SUN-49451,2024-01-18,Classic_Beef_Burger,food,FOD-05,2,40000,80000,digital wallet,dine in
2525,SUN-30973,2024-04-01,Truffle Fries & Sausage,food,FOD-01,nan,10000,30000,digital wallet,online shop
2526,unknown,2024-08-04,Lemonade_Espresso_Tonic,drinks,DRK-05,1,nan,24000,digital wallet,take away
2527,SUN-33516,2024-05-03,Grilled Chicken Mentai Rice,food,FOD-04,2,42000,84000,cash,online shop
2528,SUN-33239,nan,unknown,food,FOD-02,3,32000,96000,error,take away
2529,SUN-30269,2024-01-01,Fudgy Brownie With Ice Cream,desserts,DST-02,4,18000,72000,nan,unknown
2530,SUN-33924,2024-11-09,Earl_Grey_Milk_Tea,drinks,DRK-04,unknown,24000,72000,cash,online shop
2531,SUN-39806,2024-06-25,Strawberry_Mojito_Mocktail,drinks,DRK-06,2,27000,nan,credit card,online shop
2532,SUN-45209,2024-06-28,Tiramisu Tres Leches,desserts,DST-05,1,22000,22000,credit card,unknown
2533,SUN-43476,2024-11-19,Lemonade_Espresso_Tonic,drinks,DRK-05,1,24000,24000,cash,take away
2534,SUN-47320,2024-03-09,Earl_Grey_Milk_Tea,drinks,DRK-04,2,24000,error,credit card,online shop
2535,SUN-38502,2024-11-27,Mineral_Water,drinks,DRK-07,4,26000,104000,credit card,dine in
2536,SUN-43002,2024-09-27,Mineral_Water,drinks,DRK-07,4,26000,104000,credit card,online shop
2537,SUN-36568,2024-10-18,missing,food,FOD-01,2,10000,20000,credit card,online shop
2538,nan,2024-04-24,Cinnamon Roll,desserts,DST-04,3,35000,unknown,digital wallet,online shop
2539,SUN-37376,2024-03-16,Butter Croissant,desserts,DST-01,1,45000,45000,cash,dine in
2540,SUN-44022,2024-09-19,nan,desserts,DST-03,2,unknown,50000,cash,take away
2541,SUN-46231,2024-05-02,Hot_Americano,drinks,DRK-02,nan,22000,44000,cash,take away
2542,SUN-30963,2024-04-12,unknown,food,FOD-04,4,42000,unknown,credit card,dine in
2543,SUN-41271,nan,Earl_Grey_Milk_Tea,drinks,DRK-04,2,24000,48000,digital wallet,take away
2544,SUN-43311,2024-08-13,Classic_Beef_Burger,food,FOD-05,2,40000,80000,cash,online shop
2545,SUN-42017,2024-07-20,Hot_Americano,drinks,DRK-02,1,22000,22000,error,nan
2546,SUN-45548,2024-04-27,unknown,drinks,DRK-06,2,27000,54000,digital wallet,dine in
2547,SUN-32982,2024-08-31,Mineral_Water,drinks,DRK-07,1,26000,26000,credit card,dine in
2548,SUN-44147,2024-06-15,error,drinks,DRK-03,2,28000,56000,credit card,take away
2549,SUN-32678,2024-03-24,nan,drinks,DRK-01,2,25000,missing,cash,missing
2550,SUN-45923,2024-06-29,missing,food,unknown,2,32000,64000,digital wallet,online shop
2551,SUN-42467,2024-11-30,Tiramisu Tres Leches,nan,DST-05,2,22000,44000,credit card,dine in
2552,SUN-30880,error,error,drinks,DRK-03,1,28000,28000,error,take away
2553,SUN-31398,2024-07-24,error,food,FOD-05,2,40000,80000,missing,dine in
2554,error,2024-02-01,error,drinks,DRK-05,3,24000,72000,digital wallet,take away
2555,SUN-48767,2024-04-03,Nasi Goreng Kampung Premium,food,FOD-02,2,32000,64000,credit card,dine in
2556,nan,2024-01-14,Matcha_Berry_Latte,drinks,nan,1,missing,28000,nan,take away
2557,SUN-34482,2024-04-26,Classic_Beef_Burger,food,FOD-05,2,40000,80000,cash,dine in
2558,SUN-38585,2024-02-10,Earl_Grey_Milk_Tea,drinks,DRK-04,1,24000,24000,digital wallet,online shop
2559,SUN-33027,2024-09-03,Cinnamon Roll,desserts,DST-04,2,35000,70000,unknown,nan
2560,SUN-30023,2024-03-11,Nasi Goreng Kampung Premium,food,FOD-02,4,32000,128000,credit card,dine in
2561,SUN-30960,2024-05-18,Butter Croissant,desserts,DST-01,missing,45000,90000,digital wallet,nan
2562,SUN-46345,2024-11-07,Butter Croissant,unknown,DST-01,3,45000,135000,credit card,dine in
2563,SUN-49105,2024-03-02,Grilled Chicken Mentai Rice,food,FOD-04,3,nan,126000,unknown,online shop
2564,SUN-47791,2024-12-09,Mineral_Water,drinks,DRK-07,4,26000,104000,cash,dine in
2565,SUN-41685,2024-06-21,Cinnamon Roll,desserts,DST-04,4,35000,unknown,credit card,online shop
2566,SUN-44746,2024-07-28,Lotus Biscoff Cheesecake,desserts,DST-03,4,25000,100000,credit card,online shop
2567,SUN-47350,2024-03-18,Hot_Americano,drinks,DRK-02,1,22000,22000,digital wallet,online shop
2568,SUN-36273,2024-02-12,Classic_Beef_Burger,food,FOD-05,1,40000,40000,cash,unknown
2569,SUN-30328,2024-09-06,Creamy Spaghetti Carbonara,food,FOD-03,1,38000,38000,unknown,dine in
2570,SUN-40698,2024-12-01,Cinnamon Roll,desserts,DST-04,1,35000,nan,cash,dine in
2571,SUN-45387,2024-06-04,Mineral_Water,drinks,DRK-07,unknown,26000,26000,credit card,take away
2572,SUN-41125,2024-03-13,Lotus Biscoff Cheesecake,desserts,DST-03,1,25000,25000,credit card,dine in
2573,SUN-42220,2024-04-06,unknown,error,DRK-06,2,unknown,54000,cash,online shop
2574,SUN-31796,2024-09-18,Lemonade_Espresso_Tonic,drinks,DRK-05,3,24000,72000,cash,dine in
2575,SUN-41272,2024-02-26,unknown,food,FOD-04,2,42000,84000,credit card,take away
2576,SUN-34483,2024-02-26,Truffle Fries & Sausage,food,FOD-01,1,10000,10000,cash,missing
2577,SUN-31297,2024-02-13,Fudgy Brownie With Ice Cream,desserts,DST-02,3,18000,54000,cash,online shop
2578,missing,nan,Fudgy Brownie With Ice Cream,desserts,error,3,18000,54000,credit card,dine in
2579,SUN-48977,2024-02-19,Matcha_Berry_Latte,drinks,DRK-03,3,28000,84000,credit card,take away
2580,SUN-44376,2024-02-01,Earl_Grey_Milk_Tea,drinks,DRK-04,4,unknown,96000,credit card,dine in
2581,SUN-31477,2024-05-15,Truffle Fries & Sausage,food,FOD-01,4,10000,40000,credit card,take away
2582,SUN-49780,2024-03-08,Truffle Fries & Sausage,food,FOD-01,2,10000,20000,digital wallet,online shop
2583,SUN-32005,2024-05-21,Hot_Americano,drinks,DRK-02,3,22000,66000,cash,online shop
2584,SUN-47213,2024-05-17,Mineral_Water,drinks,DRK-07,1,nan,26000,digital wallet,take away
2585,SUN-42474,2024-10-12,Earl_Grey_Milk_Tea,drinks,DRK-04,3,24000,72000,cash,nan
2586,SUN-38699,2024-04-18,Lotus Biscoff Cheesecake,desserts,DST-03,3,25000,75000,digital wallet,dine in
2587,SUN-47405,2024-05-03,nan,drinks,DRK-07,4,26000,error,digital wallet,online shop
2588,SUN-35226,2024-05-31,Earl_Grey_Milk_Tea,drinks,DRK-04,2,24000,48000,credit card,take away
2589,nan,2024-01-10,Nasi Goreng Kampung Premium,food,FOD-02,3,32000,96000,digital wallet,take away
2590,missing,2024-04-23,Lemonade_Espresso_Tonic,drinks,DRK-05,1,24000,24000,credit card,error
2591,SUN-33884,2024-04-15,Tiramisu Tres Leches,desserts,DST-05,2,unknown,44000,digital wallet,nan
2592,SUN-36278,2024-09-03,Grilled Chicken Mentai Rice,food,FOD-04,4,missing,168000,nan,online shop
2593,error,2024-01-25,Lotus Biscoff Cheesecake,desserts,DST-03,2,25000,50000,credit card,online shop
2594,SUN-34351,2024-02-14,Cinnamon Roll,error,unknown,2,35000,70000,cash,online shop
2595,SUN-45332,2024-05-02,Earl_Grey_Milk_Tea,drinks,DRK-04,1,24000,unknown,credit card,online shop
2596,missing,2024-03-23,Tiramisu Tres Leches,desserts,error,1,22000,22000,digital wallet,take away
2597,SUN-32541,2024-07-02,Classic_Beef_Burger,food,FOD-05,4,40000,160000,credit card,online shop
2598,SUN-49256,2024-07-06,Classic_Beef_Burger,food,FOD-05,1,40000,40000,credit card,take away
2599,SUN-38763,2024-04-11,Classic_Beef_Burger,food,FOD-05,4,40000,nan,cash,missing
2600,SUN-46086,2024-01-16,Earl_Grey_Milk_Tea,drinks,unknown,1,missing,24000,credit card,nan
2601,SUN-39407,2024-02-04,Lotus Biscoff Cheesecake,desserts,DST-03,2,nan,nan,cash,take away
2602,SUN-42309,2024-01-12,Lotus Biscoff Cheesecake,desserts,DST-03,1,25000,25000,credit card,dine in
2603,SUN-32308,2024-08-04,nan,unknown,DRK-03,4,28000,112000,credit card,take away
2604,SUN-45733,2024-08-08,Iced_Aren_Latte,drinks,DRK-01,nan,25000,100000,credit card,online shop
2605,SUN-34311,2024-10-23,Fudgy Brownie With Ice Cream,desserts,DST-02,4,18000,72000,credit card,dine in
2606,SUN-45758,2024-09-12,Hot_Americano,drinks,DRK-02,4,22000,88000,cash,online shop
2607,SUN-40427,2024-10-22,Tiramisu Tres Leches,unknown,DST-05,2,error,44000,digital wallet,online shop
2608,SUN-42371,2024-08-04,Iced_Aren_Latte,drinks,DRK-01,1,25000,25000,cash,online shop
2609,SUN-37420,2024-05-23,Iced_Aren_Latte,drinks,DRK-01,4,25000,missing,digital wallet,nan
2610,SUN-30454,2024-05-25,Classic_Beef_Burger,food,FOD-05,unknown,40000,80000,credit card,take away
2611,SUN-35992,2024-06-14,Classic_Beef_Burger,missing,FOD-05,4,error,160000,cash,dine in
2612,SUN-30168,2024-04-18,Matcha_Berry_Latte,drinks,DRK-03,4,28000,112000,credit card,online shop
2613,SUN-39611,unknown,Lemonade_Espresso_Tonic,drinks,DRK-05,2,24000,48000,credit card,take away
2614,SUN-38718,2024-02-17,Lotus Biscoff Cheesecake,desserts,DST-03,1,25000,nan,digital wallet,take away
2615,SUN-47443,2024-07-29,error,drinks,DRK-06,2,27000,54000,cash,dine in
2616,SUN-37414,2024-09-15,Nasi Goreng Kampung Premium,food,FOD-02,4,32000,128000,cash,take away
2617,SUN-34299,2024-04-18,nan,drinks,DRK-07,1,26000,26000,digital wallet,dine in
2618,SUN-30942,2024-01-11,Butter Croissant,desserts,DST-01,unknown,45000,135000,credit card,online shop
2619,SUN-42652,2024-11-10,unknown,drinks,DRK-02,1,22000,22000,credit card,online shop
2620,SUN-36220,2024-02-21,Hot_Americano,drinks,DRK-02,4,22000,88000,digital wallet,take away
2621,SUN-36060,2024-12-21,Lotus Biscoff Cheesecake,desserts,DST-03,2,unknown,50000,credit card,take away
2622,SUN-39247,2024-12-13,missing,nan,DRK-01,4,25000,nan,unknown,online shop
2623,SUN-30599,2024-10-24,Lotus Biscoff Cheesecake,desserts,DST-03,1,25000,25000,credit card,dine in
2624,SUN-41326,2024-12-28,Fudgy Brownie With Ice Cream,desserts,DST-02,1,18000,18000,digital wallet,unknown
2625,SUN-39506,2024-08-24,Nasi Goreng Kampung Premium,error,FOD-02,missing,32000,32000,cash,unknown
2626,SUN-34193,2024-03-03,unknown,drinks,DRK-04,2,24000,48000,credit card,online shop
2627,SUN-44400,2024-11-28,unknown,desserts,DST-04,nan,35000,error,nan,dine in
2628,SUN-44077,2024-10-15,Mineral_Water,drinks,DRK-07,2,26000,52000,cash,online shop
2629,SUN-49560,2024-11-22,Earl_Grey_Milk_Tea,drinks,DRK-04,4,24000,96000,cash,nan
2630,SUN-48844,2024-07-24,Cinnamon Roll,desserts,DST-04,3,35000,105000,credit card,unknown
2631,SUN-49593,2024-05-26,Grilled Chicken Mentai Rice,food,FOD-04,3,missing,126000,credit card,online shop
2632,SUN-31383,2024-12-31,Hot_Americano,error,DRK-02,3,22000,66000,digital wallet,take away
2633,SUN-40457,2024-11-22,Cinnamon Roll,desserts,DST-04,4,35000,140000,credit card,online shop
2634,SUN-30157,2024-06-04,Cinnamon Roll,desserts,DST-04,2,35000,70000,digital wallet,dine in
2635,SUN-39991,2024-09-11,Tiramisu Tres Leches,desserts,DST-05,4,22000,88000,cash,take away
2636,SUN-38930,2024-12-14,Lemonade_Espresso_Tonic,drinks,error,1,24000,24000,cash,dine in
2637,nan,2024-04-25,Butter Croissant,desserts,DST-01,3,45000,135000,error,dine in
2638,SUN-44736,2024-03-11,Iced_Aren_Latte,drinks,DRK-01,2,25000,50000,credit card,unknown
2639,SUN-30992,2024-10-14,error,drinks,DRK-03,3,28000,error,credit card,take away
2640,SUN-35631,2024-03-18,Matcha_Berry_Latte,drinks,DRK-03,error,28000,112000,digital wallet,dine in
2641,SUN-35699,2024-04-11,Fudgy Brownie With Ice Cream,desserts,DST-02,2,missing,36000,unknown,take away
2642,SUN-43144,2024-11-25,Hot_Americano,drinks,DRK-02,2,22000,44000,credit card,dine in
2643,SUN-35089,2024-01-25,nan,drinks,DRK-07,2,26000,missing,cash,dine in
2644,SUN-38629,2024-01-28,Grilled Chicken Mentai Rice,food,FOD-04,unknown,42000,84000,cash,take away
2645,SUN-31349,2024-02-23,Tiramisu Tres Leches,desserts,DST-05,2,22000,44000,missing,dine in
2646,SUN-47109,2024-06-14,Lotus Biscoff Cheesecake,desserts,DST-03,4,25000,unknown,cash,dine in
2647,SUN-36872,2024-01-18,Truffle Fries & Sausage,food,FOD-01,1,10000,10000,digital wallet,unknown
2648,SUN-43599,2024-04-29,Earl_Grey_Milk_Tea,drinks,DRK-04,4,24000,96000,digital wallet,dine in
2649,SUN-34621,2024-01-25,Fudgy Brownie With Ice Cream,desserts,DST-02,2,18000,36000,digital wallet,online shop
2650,SUN-44268,2024-09-09,missing,desserts,DST-01,nan,45000,135000,cash,online shop
2651,SUN-39818,2024-03-10,Fudgy Brownie With Ice Cream,desserts,DST-02,3,unknown,54000,credit card,online shop
2652,SUN-46226,2024-06-02,Mineral_Water,drinks,error,2,26000,52000,digital wallet,dine in
2653,SUN-42779,2024-02-11,Tiramisu Tres Leches,desserts,DST-05,3,22000,66000,cash,online shop
2654,SUN-49426,2024-05-31,Fudgy Brownie With Ice Cream,missing,DST-02,2,18000,error,digital wallet,online shop
2655,SUN-46688,2024-06-15,Mineral_Water,drinks,DRK-07,3,26000,78000,digital wallet,dine in
2656,SUN-48643,2024-10-25,Nasi Goreng Kampung Premium,food,FOD-02,3,32000,96000,unknown,error
2657,SUN-49158,2024-02-25,Truffle Fries & Sausage,food,FOD-01,2,10000,20000,error,take away
2658,SUN-49570,2024-08-24,Lemonade_Espresso_Tonic,drinks,DRK-05,unknown,24000,24000,credit card,dine in
2659,SUN-45621,2024-10-07,Lemonade_Espresso_Tonic,drinks,DRK-05,1,24000,24000,digital wallet,online shop
2660,SUN-45099,2024-12-14,nan,error,DRK-04,3,24000,72000,credit card,dine in
2661,SUN-45372,2024-08-23,Truffle Fries & Sausage,food,FOD-01,1,10000,10000,digital wallet,dine in
2662,SUN-35037,2024-04-18,Nasi Goreng Kampung Premium,food,FOD-02,2,32000,64000,digital wallet,dine in
2663,SUN-37040,2024-04-03,error,drinks,DRK-03,2,28000,56000,digital wallet,nan
2664,SUN-39651,2024-03-16,Lotus Biscoff Cheesecake,desserts,DST-03,1,25000,25000,cash,dine in
2665,nan,2024-12-06,Creamy Spaghetti Carbonara,food,FOD-03,error,38000,114000,cash,take away
2666,SUN-34226,2024-11-25,unknown,missing,DRK-04,4,24000,96000,digital wallet,online shop
2667,SUN-34840,2024-02-03,Classic_Beef_Burger,food,FOD-05,2,40000,80000,credit card,take away
2668,SUN-35632,2024-09-02,Butter Croissant,desserts,DST-01,1,45000,45000,digital wallet,dine in
2669,SUN-49652,2024-03-30,Strawberry_Mojito_Mocktail,drinks,DRK-06,3,27000,81000,cash,online shop
2670,SUN-45426,2024-11-28,Lotus Biscoff Cheesecake,desserts,DST-03,2,25000,nan,nan,take away
2671,SUN-44743,2024-05-14,unknown,drinks,DRK-06,1,27000,27000,nan,dine in
2672,SUN-45237,2024-09-02,Strawberry_Mojito_Mocktail,drinks,DRK-06,2,27000,54000,credit card,take away
2673,error,2024-11-24,Fudgy Brownie With Ice Cream,error,DST-02,2,18000,36000,digital wallet,online shop
2674,SUN-45419,2024-02-14,Grilled Chicken Mentai Rice,error,FOD-04,2,nan,84000,credit card,take away
2675,SUN-30811,2024-07-24,unknown,nan,FOD-04,1,42000,unknown,credit card,online shop
2676,SUN-42190,2024-06-27,error,drinks,DRK-02,4,unknown,88000,credit card,take away
2677,SUN-37620,2024-09-09,Strawberry_Mojito_Mocktail,drinks,DRK-06,3,27000,81000,credit card,error
2678,SUN-44252,2024-01-08,error,desserts,DST-02,2,18000,36000,cash,dine in
2679,SUN-45423,2024-08-31,nan,food,FOD-05,4,40000,160000,digital wallet,dine in
2680,SUN-43028,unknown,Mineral_Water,drinks,DRK-07,3,26000,78000,missing,online shop
2681,SUN-47814,2024-11-18,Hot_Americano,drinks,DRK-02,4,22000,88000,cash,dine in
2682,SUN-40087,2024-10-31,Iced_Aren_Latte,drinks,DRK-01,2,25000,50000,cash,dine in
2683,SUN-32611,2024-04-12,Strawberry_Mojito_Mocktail,unknown,DRK-06,4,27000,108000,cash,take away
2684,SUN-32638,2024-05-08,Butter Croissant,desserts,DST-01,2,45000,90000,cash,take away
2685,SUN-35147,2024-10-13,Mineral_Water,error,unknown,1,unknown,26000,credit card,online shop
2686,SUN-45163,2024-04-08,Cinnamon Roll,desserts,DST-04,2,35000,70000,cash,dine in
2687,unknown,2024-01-17,error,desserts,DST-02,4,18000,72000,cash,online shop
2688,error,2024-02-16,Mineral_Water,drinks,DRK-07,3,26000,78000,digital wallet,online shop
2689,missing,2024-03-23,Lotus Biscoff Cheesecake,desserts,DST-03,unknown,25000,75000,digital wallet,dine in
2690,SUN-40794,2024-12-12,Grilled Chicken Mentai Rice,food,FOD-04,4,42000,168000,digital wallet,nan
2691,SUN-39213,2024-05-30,Fudgy Brownie With Ice Cream,desserts,DST-02,1,18000,18000,cash,online shop
2692,SUN-35556,2024-08-12,nan,nan,DST-01,nan,45000,90000,cash,dine in
2693,SUN-46931,2024-05-02,Grilled Chicken Mentai Rice,food,FOD-04,1,42000,unknown,cash,dine in
2694,SUN-32783,2024-03-18,Cinnamon Roll,desserts,DST-04,missing,35000,35000,cash,online shop
2695,SUN-44910,2024-01-30,Nasi Goreng Kampung Premium,food,FOD-02,1,32000,32000,cash,take away
2696,SUN-37237,2024-04-22,Classic_Beef_Burger,food,FOD-05,3,40000,120000,cash,dine in
2697,SUN-41533,2024-12-07,missing,food,FOD-05,3,40000,120000,cash,take away
2698,SUN-37975,2024-11-19,Grilled Chicken Mentai Rice,food,FOD-04,4,42000,168000,missing,dine in
2699,SUN-41624,2024-09-20,Nasi Goreng Kampung Premium,food,FOD-02,3,32000,error,credit card,missing
2700,SUN-42016,2024-03-01,nan,food,FOD-04,3,42000,126000,cash,take away
2701,SUN-38073,2024-06-03,Butter Croissant,desserts,DST-01,unknown,45000,180000,digital wallet,nan
2702,unknown,2024-10-28,unknown,desserts,DST-01,2,45000,90000,digital wallet,take away
2703,SUN-47065,2024-04-19,missing,drinks,DRK-01,3,25000,unknown,digital wallet,dine in
2704,SUN-31530,2024-06-11,Strawberry_Mojito_Mocktail,drinks,DRK-06,4,27000,108000,digital wallet,take away
2705,SUN-41918,2024-02-02,Truffle Fries & Sausage,food,FOD-01,3,10000,30000,credit card,take away
2706,SUN-30115,2024-02-03,nan,drinks,DRK-05,4,24000,96000,cash,online shop
2707,SUN-42038,2024-10-30,Hot_Americano,missing,DRK-02,1,22000,22000,credit card,error
2708,SUN-34169,2024-12-11,missing,food,FOD-01,4,error,40000,cash,online shop
2709,SUN-32957,2024-04-06,Tiramisu Tres Leches,desserts,DST-05,3,22000,66000,credit card,online shop
2710,SUN-32972,2024-10-21,Creamy Spaghetti Carbonara,food,FOD-03,4,38000,152000,cash,dine in
2711,missing,2024-12-12,Fudgy Brownie With Ice Cream,desserts,DST-02,1,18000,18000,unknown,online shop
2712,SUN-32023,2024-06-13,Classic_Beef_Burger,food,FOD-05,2,40000,80000,credit card,online shop
2713,nan,2024-04-11,Strawberry_Mojito_Mocktail,drinks,DRK-06,3,27000,81000,digital wallet,unknown
2714,SUN-37178,2024-03-08,Earl_Grey_Milk_Tea,error,DRK-04,1,24000,24000,digital wallet,online shop
2715,SUN-31100,2024-12-26,Earl_Grey_Milk_Tea,drinks,DRK-04,1,24000,missing,credit card,error
2716,missing,2024-07-25,Strawberry_Mojito_Mocktail,drinks,DRK-06,4,27000,108000,cash,dine in
2717,error,2024-10-30,Creamy Spaghetti Carbonara,food,FOD-03,error,38000,38000,digital wallet,dine in
2718,SUN-41760,2024-09-17,Creamy Spaghetti Carbonara,food,FOD-03,1,38000,missing,credit card,online shop
2719,nan,2024-09-16,Cinnamon Roll,desserts,DST-04,4,35000,140000,digital wallet,take away
2720,SUN-33893,2024-07-03,Nasi Goreng Kampung Premium,food,FOD-02,1,32000,32000,credit card,unknown
2721,SUN-44512,2024-12-26,Butter Croissant,unknown,DST-01,4,45000,180000,credit card,unknown
2722,SUN-40025,2024-04-22,Strawberry_Mojito_Mocktail,drinks,DRK-06,3,27000,81000,digital wallet,online shop
2723,SUN-40083,2024-06-24,Classic_Beef_Burger,error,FOD-05,error,40000,120000,digital wallet,dine in
2724,SUN-45031,2024-10-27,Cinnamon Roll,desserts,DST-04,2,35000,70000,credit card,error
2725,SUN-36235,2024-05-08,Lemonade_Espresso_Tonic,drinks,DRK-05,1,24000,24000,cash,dine in
2726,SUN-31213,2024-11-16,unknown,desserts,DST-02,1,18000,18000,credit card,dine in
2727,nan,2024-02-04,Matcha_Berry_Latte,drinks,DRK-03,2,unknown,56000,credit card,online shop
2728,SUN-43206,2024-03-24,Earl_Grey_Milk_Tea,drinks,DRK-04,1,24000,24000,credit card,online shop
2729,SUN-42301,2024-11-12,Nasi Goreng Kampung Premium,food,FOD-02,2,32000,64000,credit card,take away
2730,error,2024-04-14,Nasi Goreng Kampung Premium,food,FOD-02,4,32000,128000,nan,online shop
2731,SUN-34940,2024-02-15,Earl_Grey_Milk_Tea,drinks,missing,1,nan,24000,credit card,online shop
2732,SUN-42189,2024-07-23,Tiramisu Tres Leches,desserts,unknown,1,unknown,22000,cash,dine in
2733,SUN-46203,2024-01-29,nan,food,FOD-04,1,missing,error,digital wallet,take away
2734,SUN-33163,2024-03-07,Grilled Chicken Mentai Rice,food,FOD-04,1,42000,42000,missing,online shop
2735,SUN-42153,2024-07-31,Iced_Aren_Latte,drinks,DRK-01,1,25000,nan,credit card,dine in
2736,SUN-33833,2024-05-22,Mineral_Water,missing,DRK-07,unknown,26000,52000,digital wallet,online shop
2737,SUN-37162,2024-01-26,error,food,FOD-03,4,38000,152000,digital wallet,online shop
2738,SUN-45066,2024-11-11,Strawberry_Mojito_Mocktail,drinks,DRK-06,4,27000,108000,credit card,online shop
2739,SUN-42058,2024-02-24,missing,drinks,DRK-03,1,28000,28000,digital wallet,dine in
2740,SUN-41346,2024-03-22,Fudgy Brownie With Ice Cream,desserts,DST-02,1,18000,18000,credit card,dine in
2741,SUN-42360,2024-04-20,Fudgy Brownie With Ice Cream,desserts,DST-02,2,18000,missing,digital wallet,error
2742,SUN-46013,2024-11-23,Creamy Spaghetti Carbonara,unknown,FOD-03,1,38000,38000,credit card,dine in
2743,SUN-35854,2024-04-08,Hot_Americano,drinks,DRK-02,1,22000,22000,digital wallet,online shop
2744,SUN-49464,2024-11-20,Earl_Grey_Milk_Tea,drinks,DRK-04,1,24000,24000,cash,online shop
2745,SUN-43311,2024-02-07,Lemonade_Espresso_Tonic,drinks,DRK-05,nan,24000,72000,digital wallet,dine in
2746,SUN-33149,2024-06-05,Hot_Americano,drinks,DRK-02,1,22000,22000,digital wallet,online shop
2747,SUN-33566,2024-06-29,nan,drinks,DRK-06,3,27000,81000,credit card,online shop
2748,SUN-41779,2024-01-19,Cinnamon Roll,desserts,DST-04,3,35000,105000,cash,dine in
2749,SUN-31708,2024-05-12,Grilled Chicken Mentai Rice,food,FOD-04,4,42000,168000,cash,take away
2750,SUN-36059,2024-07-27,Lemonade_Espresso_Tonic,drinks,DRK-05,2,24000,48000,credit card,unknown
2751,SUN-43907,2024-06-04,Hot_Americano,drinks,DRK-02,1,22000,22000,digital wallet,take away
2752,SUN-34341,2024-10-28,Fudgy Brownie With Ice Cream,desserts,DST-02,4,18000,72000,cash,online shop
2753,SUN-40491,2024-08-26,Mineral_Water,drinks,DRK-07,1,26000,26000,digital wallet,nan
2754,SUN-30724,2024-10-16,Tiramisu Tres Leches,nan,DST-05,3,nan,66000,cash,take away
2755,SUN-46469,2024-03-31,Grilled Chicken Mentai Rice,food,FOD-04,3,error,126000,missing,online shop
2756,SUN-45001,2024-04-07,Fudgy Brownie With Ice Cream,desserts,DST-02,4,18000,72000,cash,error
2757,SUN-35314,2024-11-08,unknown,drinks,DRK-02,3,22000,66000,cash,online shop
2758,SUN-35273,2024-10-26,Strawberry_Mojito_Mocktail,drinks,DRK-06,2,nan,error,credit card,online shop
2759,SUN-41991,2024-02-06,Grilled Chicken Mentai Rice,food,FOD-04,4,42000,168000,credit card,take away
2760,SUN-37673,2024-12-12,Strawberry_Mojito_Mocktail,drinks,DRK-06,1,27000,missing,unknown,take away
2761,SUN-44735,2024-05-20,Nasi Goreng Kampung Premium,food,unknown,1,32000,error,cash,online shop
2762,SUN-34901,2024-08-30,unknown,food,FOD-03,error,38000,114000,credit card,dine in
2763,error,2024-09-09,Lotus Biscoff Cheesecake,desserts,DST-03,2,error,50000,credit card,take away
2764,SUN-44597,2024-08-17,Truffle Fries & Sausage,food,FOD-01,2,10000,20000,nan,online shop
2765,SUN-48466,2024-08-15,Cinnamon Roll,desserts,unknown,2,35000,70000,cash,dine in
2766,SUN-30222,2024-11-22,Classic_Beef_Burger,nan,nan,1,40000,40000,digital wallet,take away
2767,SUN-37251,2024-09-16,Butter Croissant,desserts,DST-01,3,45000,error,credit card,online shop
2768,SUN-34851,2024-09-15,Grilled Chicken Mentai Rice,food,FOD-04,2,42000,84000,cash,take away
2769,SUN-46544,2024-12-12,Cinnamon Roll,desserts,nan,2,35000,70000,unknown,take away
2770,SUN-37700,2024-04-08,Lemonade_Espresso_Tonic,drinks,DRK-05,3,24000,72000,digital wallet,take away
2771,SUN-49642,2024-05-28,missing,drinks,missing,3,24000,72000,error,missing
2772,SUN-32404,2024-12-01,Tiramisu Tres Leches,missing,DST-05,error,22000,88000,credit card,dine in
2773,SUN-41971,2024-06-08,Classic_Beef_Burger,food,FOD-05,1,40000,40000,digital wallet,dine in
2774,SUN-41486,2024-08-11,nan,food,FOD-04,2,42000,nan,digital wallet,missing
2775,SUN-39132,2024-12-15,Iced_Aren_Latte,drinks,nan,1,25000,25000,digital wallet,dine in
2776,missing,2024-10-26,Lemonade_Espresso_Tonic,drinks,DRK-05,1,24000,24000,credit card,online shop
2777,SUN-35101,2024-03-26,Matcha_Berry_Latte,drinks,DRK-03,2,28000,56000,credit card,take away
2778,SUN-45719,2024-03-20,Matcha_Berry_Latte,missing,DRK-03,2,28000,56000,digital wallet,nan
2779,SUN-39639,2024-02-05,Creamy Spaghetti Carbonara,food,FOD-03,1,38000,38000,digital wallet,take away
2780,SUN-47959,2024-08-19,Hot_Americano,drinks,DRK-02,1,nan,22000,digital wallet,unknown
2781,SUN-40789,2024-09-13,Hot_Americano,drinks,DRK-02,2,22000,44000,credit card,take away
2782,SUN-32801,2024-07-23,Tiramisu Tres Leches,missing,DST-05,4,22000,88000,cash,online shop
2783,SUN-39836,2024-11-03,Truffle Fries & Sausage,food,FOD-01,3,10000,30000,credit card,online shop
2784,SUN-49351,2024-03-30,Strawberry_Mojito_Mocktail,drinks,DRK-06,4,27000,nan,cash,error
2785,SUN-49123,2024-04-03,Strawberry_Mojito_Mocktail,unknown,DRK-06,1,27000,27000,digital wallet,take away
2786,SUN-40990,2024-01-18,Strawberry_Mojito_Mocktail,drinks,DRK-06,2,27000,54000,credit card,dine in
2787,SUN-31930,2024-01-22,Grilled Chicken Mentai Rice,food,FOD-04,unknown,42000,84000,digital wallet,dine in
2788,SUN-33644,2024-01-04,Cinnamon Roll,desserts,DST-04,4,35000,140000,credit card,dine in
2789,SUN-40427,2024-09-04,Earl_Grey_Milk_Tea,drinks,DRK-04,3,24000,72000,nan,dine in
2790,SUN-36980,2024-03-19,Lotus Biscoff Cheesecake,error,DST-03,3,25000,75000,error,take away
2791,unknown,2024-11-18,Lemonade_Espresso_Tonic,drinks,DRK-05,3,24000,72000,digital wallet,online shop
2792,SUN-40293,2024-11-25,Lotus Biscoff Cheesecake,desserts,DST-03,3,25000,75000,credit card,dine in
2793,SUN-33343,2024-11-13,Classic_Beef_Burger,food,FOD-05,1,40000,40000,cash,error
2794,SUN-31134,2024-08-12,Fudgy Brownie With Ice Cream,desserts,DST-02,3,missing,54000,digital wallet,online shop
2795,SUN-45059,2024-02-14,Mineral_Water,drinks,DRK-07,4,26000,104000,missing,take away
2796,SUN-46618,2024-08-03,Strawberry_Mojito_Mocktail,drinks,error,4,27000,108000,credit card,take away
2797,SUN-33319,2024-05-14,nan,drinks,DRK-04,3,24000,72000,cash,dine in
2798,SUN-46644,2024-03-21,Truffle Fries & Sausage,food,missing,1,10000,10000,credit card,dine in
2799,SUN-30174,2024-07-13,Classic_Beef_Burger,food,unknown,2,40000,80000,missing,missing
2800,SUN-42593,2024-05-17,Butter Croissant,desserts,DST-01,4,error,180000,cash,nan
2801,SUN-37405,2024-01-28,unknown,desserts,DST-01,2,45000,missing,cash,take away
2802,SUN-30851,2024-07-09,Butter Croissant,desserts,DST-01,1,45000,45000,credit card,dine in
2803,SUN-45613,2024-04-20,Tiramisu Tres Leches,desserts,DST-05,3,nan,66000,unknown,dine in
2804,SUN-37488,2024-04-29,Lemonade_Espresso_Tonic,drinks,DRK-05,1,24000,24000,credit card,take away
2805,SUN-31955,2024-05-12,Strawberry_Mojito_Mocktail,drinks,DRK-06,4,27000,108000,digital wallet,online shop
2806,SUN-36721,2024-09-04,nan,desserts,unknown,4,25000,100000,credit card,online shop
2807,unknown,2024-03-29,Classic_Beef_Burger,food,FOD-05,1,40000,40000,missing,dine in
2808,nan,2024-08-14,Iced_Aren_Latte,drinks,nan,3,25000,75000,digital wallet,take away
2809,SUN-39847,2024-06-25,Earl_Grey_Milk_Tea,drinks,DRK-04,error,24000,96000,digital wallet,dine in
2810,SUN-36702,2024-09-22,Butter Croissant,desserts,DST-01,2,45000,90000,cash,take away
2811,SUN-49237,2024-07-14,Grilled Chicken Mentai Rice,food,FOD-04,2,42000,missing,digital wallet,dine in
2812,SUN-44717,2024-01-06,error,food,FOD-01,4,10000,40000,digital wallet,take away
2813,SUN-38763,2024-08-16,Lemonade_Espresso_Tonic,drinks,DRK-05,4,24000,96000,digital wallet,dine in
2814,SUN-46273,2024-10-04,Iced_Aren_Latte,drinks,DRK-01,1,25000,25000,credit card,take away
2815,SUN-41295,2024-10-30,Truffle Fries & Sausage,food,FOD-01,unknown,10000,40000,missing,take away
2816,SUN-33808,2024-02-06,unknown,drinks,DRK-01,error,25000,missing,unknown,online shop
2817,SUN-31037,2024-04-22,Matcha_Berry_Latte,drinks,DRK-03,2,28000,56000,digital wallet,take away
2818,SUN-49034,2024-07-28,Lotus Biscoff Cheesecake,desserts,unknown,3,25000,75000,nan,online shop
2819,SUN-41306,2024-07-23,unknown,desserts,DST-04,2,35000,70000,unknown,online shop
2820,error,2024-10-29,Fudgy Brownie With Ice Cream,desserts,DST-02,4,error,72000,credit card,take away
2821,SUN-37471,2024-02-24,Strawberry_Mojito_Mocktail,drinks,DRK-06,2,27000,missing,digital wallet,online shop
2822,SUN-41847,2024-01-28,Hot_Americano,error,DRK-02,4,22000,88000,digital wallet,online shop
2823,unknown,2024-08-01,Matcha_Berry_Latte,drinks,DRK-03,4,28000,112000,credit card,take away
2824,SUN-45369,2024-07-18,Lotus Biscoff Cheesecake,desserts,DST-03,missing,25000,75000,cash,dine in
2825,SUN-39418,2024-02-16,Fudgy Brownie With Ice Cream,desserts,DST-02,1,18000,missing,cash,take away
2826,SUN-33811,2024-07-22,Classic_Beef_Burger,food,FOD-05,2,40000,nan,cash,dine in
2827,SUN-32233,2024-09-12,Strawberry_Mojito_Mocktail,drinks,DRK-06,3,27000,81000,credit card,take away
2828,SUN-40317,nan,Iced_Aren_Latte,drinks,DRK-01,unknown,25000,unknown,credit card,dine in
2829,SUN-34671,2024-03-16,missing,desserts,DST-04,3,35000,105000,cash,take away
2830,SUN-31746,2024-12-26,Matcha_Berry_Latte,nan,DRK-03,4,28000,112000,cash,missing
2831,SUN-38858,2024-06-10,Creamy Spaghetti Carbonara,food,FOD-03,3,38000,114000,digital wallet,online shop
2832,SUN-38633,2024-06-17,nan,drinks,DRK-07,4,26000,104000,digital wallet,take away
2833,SUN-35568,2024-11-27,Truffle Fries & Sausage,food,FOD-01,1,10000,missing,credit card,online shop
2834,SUN-46319,2024-02-02,Mineral_Water,drinks,DRK-07,1,26000,26000,cash,take away
2835,SUN-44423,2024-03-12,Lemonade_Espresso_Tonic,drinks,DRK-05,3,24000,72000,digital wallet,nan
2836,SUN-34989,2024-09-24,Nasi Goreng Kampung Premium,food,FOD-02,3,32000,96000,digital wallet,error
2837,SUN-36994,2024-02-16,error,drinks,DRK-01,2,25000,50000,digital wallet,take away
2838,SUN-45538,2024-01-20,Grilled Chicken Mentai Rice,food,FOD-04,1,42000,nan,credit card,online shop
2839,SUN-35126,2024-09-25,Butter Croissant,missing,DST-01,2,45000,90000,error,take away
2840,nan,2024-04-20,Classic_Beef_Burger,food,FOD-05,1,40000,40000,credit card,dine in
2841,SUN-36227,2024-08-04,Strawberry_Mojito_Mocktail,drinks,DRK-06,4,unknown,108000,credit card,online shop
2842,SUN-42680,2024-07-02,Strawberry_Mojito_Mocktail,drinks,error,3,27000,81000,cash,take away
2843,SUN-49635,2024-11-16,Matcha_Berry_Latte,drinks,DRK-03,1,28000,28000,cash,dine in
2844,SUN-31531,2024-06-04,Nasi Goreng Kampung Premium,food,error,3,32000,unknown,error,online shop
2845,SUN-32401,2024-02-25,Lemonade_Espresso_Tonic,drinks,DRK-05,3,24000,72000,credit card,dine in
2846,SUN-32751,2024-08-24,Matcha_Berry_Latte,drinks,DRK-03,1,28000,unknown,cash,dine in
2847,SUN-37834,nan,Truffle Fries & Sausage,food,FOD-01,1,10000,10000,digital wallet,take away
2848,SUN-49243,2024-05-05,Tiramisu Tres Leches,unknown,DST-05,3,22000,missing,cash,take away
2849,SUN-47021,2024-08-19,missing,unknown,FOD-03,4,38000,152000,credit card,online shop
2850,SUN-45783,2024-01-15,Tiramisu Tres Leches,desserts,DST-05,1,22000,22000,credit card,online shop
2851,SUN-30438,2024-12-10,Strawberry_Mojito_Mocktail,drinks,DRK-06,3,unknown,81000,unknown,unknown
2852,SUN-46636,2024-11-23,Iced_Aren_Latte,drinks,DRK-01,1,error,25000,cash,dine in
2853,SUN-34331,2024-03-09,Truffle Fries & Sausage,food,FOD-01,2,10000,20000,credit card,take away
2854,SUN-34308,2024-02-02,Butter Croissant,desserts,DST-01,3,45000,135000,credit card,online shop
2855,SUN-47809,2024-11-11,missing,desserts,unknown,1,45000,45000,credit card,dine in
2856,SUN-49254,2024-06-10,Lemonade_Espresso_Tonic,drinks,DRK-05,missing,24000,48000,digital wallet,dine in
2857,SUN-39511,2024-08-21,nan,drinks,DRK-06,unknown,27000,81000,digital wallet,dine in
2858,SUN-36189,2024-05-14,Classic_Beef_Burger,food,FOD-05,1,40000,40000,cash,dine in
2859,SUN-44315,2024-07-27,Grilled Chicken Mentai Rice,food,FOD-04,unknown,42000,168000,digital wallet,dine in
2860,SUN-48246,2024-06-02,Lemonade_Espresso_Tonic,drinks,DRK-05,3,24000,72000,credit card,take away
2861,SUN-48367,2024-11-25,Classic_Beef_Burger,error,FOD-05,1,40000,40000,cash,take away
2862,SUN-36822,2024-10-08,Lotus Biscoff Cheesecake,desserts,DST-03,2,25000,50000,credit card,online shop
2863,SUN-46983,2024-11-22,Fudgy Brownie With Ice Cream,desserts,DST-02,3,18000,54000,credit card,online shop
2864,SUN-40044,2024-03-22,Grilled Chicken Mentai Rice,food,FOD-04,1,42000,unknown,digital wallet,online shop
2865,SUN-45312,2024-12-07,Butter Croissant,desserts,DST-01,1,45000,45000,cash,online shop
2866,SUN-39555,2024-08-04,Earl_Grey_Milk_Tea,drinks,unknown,1,error,24000,credit card,take away
2867,SUN-35309,2024-12-01,Classic_Beef_Burger,food,FOD-05,error,40000,40000,cash,dine in
2868,SUN-31516,2024-10-18,Lemonade_Espresso_Tonic,drinks,DRK-05,4,24000,96000,digital wallet,online shop
2869,SUN-48818,2024-06-03,Hot_Americano,drinks,DRK-02,4,unknown,88000,digital wallet,online shop
2870,nan,2024-09-14,Tiramisu Tres Leches,nan,nan,3,22000,error,cash,online shop
2871,SUN-45346,2024-07-27,Classic_Beef_Burger,food,FOD-05,1,40000,40000,digital wallet,dine in
2872,SUN-37491,2024-09-15,Strawberry_Mojito_Mocktail,missing,DRK-06,4,27000,108000,cash,take away
2873,SUN-33709,2024-11-22,Tiramisu Tres Leches,desserts,missing,3,22000,66000,missing,take away
2874,SUN-44361,2024-01-14,Cinnamon Roll,desserts,DST-04,3,unknown,105000,digital wallet,error
2875,SUN-44786,2024-02-28,Creamy Spaghetti Carbonara,food,unknown,1,38000,38000,cash,dine in
2876,SUN-48862,2024-12-08,Fudgy Brownie With Ice Cream,desserts,DST-02,2,18000,36000,credit card,dine in
2877,SUN-37968,2024-01-14,Cinnamon Roll,missing,DST-04,3,nan,105000,cash,online shop
2878,SUN-34318,2024-08-16,Hot_Americano,drinks,DRK-02,1,22000,22000,error,online shop
2879,SUN-34432,2024-03-03,Hot_Americano,drinks,DRK-02,3,22000,66000,credit card,online shop
2880,SUN-48896,2024-07-09,Mineral_Water,drinks,missing,3,26000,78000,cash,dine in
2881,nan,2024-06-25,Strawberry_Mojito_Mocktail,drinks,DRK-06,1,27000,27000,credit card,online shop
2882,SUN-40527,2024-01-16,Iced_Aren_Latte,drinks,DRK-01,missing,25000,25000,cash,dine in
2883,SUN-41413,2024-03-28,Nasi Goreng Kampung Premium,food,FOD-02,4,32000,128000,digital wallet,online shop
2884,SUN-36516,2024-03-18,Classic_Beef_Burger,food,FOD-05,1,40000,40000,cash,dine in
2885,SUN-30272,2024-07-20,Strawberry_Mojito_Mocktail,drinks,DRK-06,1,27000,27000,nan,dine in
2886,SUN-39466,2024-11-16,Mineral_Water,drinks,DRK-07,4,26000,104000,credit card,take away
2887,SUN-47396,2024-04-15,Earl_Grey_Milk_Tea,drinks,DRK-04,2,24000,48000,cash,online shop
2888,SUN-46192,2024-04-28,Hot_Americano,drinks,DRK-02,2,22000,44000,cash,take away
2889,SUN-45337,2024-03-29,Creamy Spaghetti Carbonara,food,missing,1,38000,38000,cash,online shop
2890,SUN-37997,2024-10-10,error,desserts,DST-04,nan,35000,70000,digital wallet,dine in
2891,SUN-33289,2024-04-03,nan,drinks,DRK-01,4,25000,100000,unknown,dine in
2892,SUN-40543,2024-03-27,Classic_Beef_Burger,food,FOD-05,1,40000,40000,digital wallet,online shop
2893,SUN-34661,2024-03-17,Cinnamon Roll,desserts,DST-04,2,35000,70000,unknown,online shop
2894,SUN-45251,2024-07-13,Lotus Biscoff Cheesecake,desserts,DST-03,2,25000,50000,cash,take away
2895,SUN-42330,2024-12-29,Lotus Biscoff Cheesecake,desserts,DST-03,2,missing,50000,cash,unknown
2896,SUN-33457,2024-11-01,nan,desserts,DST-04,missing,35000,35000,digital wallet,unknown
2897,SUN-35679,2024-05-15,Cinnamon Roll,desserts,DST-04,1,35000,35000,digital wallet,dine in
2898,SUN-38367,2024-11-26,Hot_Americano,drinks,unknown,4,22000,88000,nan,unknown
2899,SUN-42529,2024-04-26,Butter Croissant,desserts,DST-01,error,45000,180000,cash,dine in
2900,SUN-39617,2024-10-06,Truffle Fries & Sausage,error,FOD-01,unknown,10000,20000,credit card,dine in
2901,missing,2024-01-18,Matcha_Berry_Latte,drinks,DRK-03,unknown,28000,28000,credit card,dine in
2902,error,2024-11-08,Matcha_Berry_Latte,drinks,DRK-03,2,28000,56000,credit card,dine in
2903,SUN-44278,2024-06-09,Hot_Americano,drinks,unknown,2,22000,44000,cash,take away
2904,SUN-37709,2024-11-08,nan,desserts,DST-01,4,45000,180000,credit card,dine in
2905,SUN-36999,2024-09-30,Strawberry_Mojito_Mocktail,drinks,unknown,3,27000,81000,unknown,unknown
2906,SUN-38116,2024-07-24,error,desserts,DST-03,1,missing,25000,cash,dine in
2907,SUN-45424,2024-03-16,Creamy Spaghetti Carbonara,food,FOD-03,2,38000,76000,cash,take away
2908,missing,2024-10-05,unknown,drinks,DRK-06,1,27000,unknown,credit card,online shop
2909,SUN-39003,2024-12-13,Nasi Goreng Kampung Premium,food,FOD-02,3,32000,96000,unknown,dine in
2910,SUN-37598,2024-05-24,Butter Croissant,desserts,DST-01,unknown,45000,90000,digital wallet,online shop
2911,SUN-38694,2024-09-21,Tiramisu Tres Leches,missing,DST-05,2,22000,missing,digital wallet,take away
2912,SUN-36847,2024-04-04,Nasi Goreng Kampung Premium,missing,FOD-02,4,32000,128000,digital wallet,take away
2913,SUN-30982,2024-10-19,Iced_Aren_Latte,error,DRK-01,4,error,100000,credit card,take away
2914,SUN-44206,2024-10-29,Grilled Chicken Mentai Rice,food,FOD-04,3,42000,126000,cash,online shop
2915,SUN-44517,2024-07-30,Tiramisu Tres Leches,desserts,DST-05,1,22000,22000,credit card,take away
2916,nan,2024-11-16,Mineral_Water,drinks,DRK-07,missing,26000,104000,cash,dine in
2917,SUN-44302,2024-10-30,Lotus Biscoff Cheesecake,desserts,DST-03,1,25000,25000,digital wallet,dine in
2918,SUN-30742,2024-01-02,error,desserts,DST-02,1,18000,18000,unknown,dine in
2919,SUN-35565,2024-03-07,Cinnamon Roll,desserts,DST-04,1,35000,35000,digital wallet,take away
2920,nan,2024-12-18,Hot_Americano,drinks,DRK-02,2,22000,44000,digital wallet,take away
2921,SUN-45747,2024-06-30,Mineral_Water,drinks,error,3,26000,78000,credit card,take away
2922,SUN-32232,2024-06-30,error,error,DST-03,missing,25000,unknown,cash,online shop
2923,SUN-49891,2024-01-12,unknown,desserts,DST-01,3,45000,unknown,credit card,take away
2924,SUN-32655,2024-01-31,Cinnamon Roll,desserts,DST-04,4,35000,missing,credit card,dine in
2925,SUN-48176,2024-07-22,Hot_Americano,drinks,DRK-02,4,22000,unknown,cash,missing
2926,SUN-36602,2024-12-30,missing,error,DST-02,2,18000,36000,cash,take away
2927,SUN-48850,2024-05-05,Truffle Fries & Sausage,food,FOD-01,4,missing,40000,cash,online shop
2928,SUN-30559,2024-08-09,Grilled Chicken Mentai Rice,food,FOD-04,3,42000,126000,credit card,online shop
2929,SUN-46049,2024-07-24,Nasi Goreng Kampung Premium,food,FOD-02,2,32000,nan,credit card,take away
2930,SUN-45763,2024-03-24,Cinnamon Roll,desserts,DST-04,1,35000,35000,credit card,dine in
2931,SUN-34852,2024-11-17,Creamy Spaghetti Carbonara,food,FOD-03,4,38000,152000,digital wallet,dine in
2932,SUN-43809,2024-01-28,Matcha_Berry_Latte,drinks,DRK-03,1,28000,error,credit card,online shop
2933,error,2024-05-30,Lemonade_Espresso_Tonic,nan,DRK-05,2,24000,error,missing,online shop
2934,SUN-34269,2024-03-29,Matcha_Berry_Latte,drinks,DRK-03,4,28000,112000,credit card,take away
2935,SUN-47698,2024-07-20,Matcha_Berry_Latte,drinks,DRK-03,2,28000,56000,digital wallet,online shop
2936,SUN-48244,2024-09-02,Strawberry_Mojito_Mocktail,drinks,DRK-06,3,27000,81000,cash,dine in
2937,SUN-37012,2024-12-20,Truffle Fries & Sausage,food,unknown,1,10000,10000,unknown,online shop
2938,SUN-36041,2024-03-10,Classic_Beef_Burger,food,FOD-05,3,missing,120000,credit card,dine in
2939,SUN-45205,2024-08-05,Lotus Biscoff Cheesecake,unknown,DST-03,4,25000,error,missing,error
2940,SUN-45789,2024-09-11,Matcha_Berry_Latte,drinks,unknown,1,28000,28000,credit card,dine in
2941,SUN-31451,2024-10-30,unknown,drinks,DRK-04,2,24000,48000,missing,take away
2942,SUN-38435,2024-10-22,Grilled Chicken Mentai Rice,food,FOD-04,4,42000,168000,credit card,dine in
2943,unknown,2024-09-10,Hot_Americano,drinks,unknown,3,22000,66000,nan,nan
2944,SUN-40621,2024-07-26,Mineral_Water,drinks,DRK-07,3,26000,78000,digital wallet,take away
2945,SUN-34653,2024-03-17,Classic_Beef_Burger,food,FOD-05,3,40000,nan,credit card,take away
2946,SUN-46792,2024-06-23,Butter Croissant,desserts,DST-01,missing,45000,45000,digital wallet,error
2947,SUN-39368,2024-11-29,unknown,drinks,DRK-04,4,24000,96000,credit card,online shop
2948,SUN-45824,2024-08-29,Nasi Goreng Kampung Premium,food,FOD-02,2,missing,64000,credit card,take away
2949,error,2024-05-10,Cinnamon Roll,desserts,DST-04,2,35000,70000,credit card,online shop
2950,SUN-38516,2024-02-11,Fudgy Brownie With Ice Cream,desserts,DST-02,3,error,54000,digital wallet,unknown
2951,SUN-34106,2024-11-10,Truffle Fries & Sausage,food,FOD-01,3,10000,30000,cash,take away
2952,SUN-35028,2024-06-11,Grilled Chicken Mentai Rice,food,FOD-04,nan,42000,42000,unknown,take away
2953,SUN-30128,2024-06-10,Earl_Grey_Milk_Tea,drinks,DRK-04,4,missing,96000,missing,dine in
2954,SUN-31566,2024-11-29,Butter Croissant,desserts,DST-01,2,45000,unknown,error,dine in
2955,SUN-31675,2024-03-25,Earl_Grey_Milk_Tea,drinks,DRK-04,1,24000,24000,digital wallet,dine in
2956,unknown,2024-04-24,Grilled Chicken Mentai Rice,food,FOD-04,4,42000,168000,cash,unknown
2957,SUN-37290,2024-08-21,Classic_Beef_Burger,food,missing,4,error,160000,credit card,dine in
2958,SUN-43426,2024-08-23,Strawberry_Mojito_Mocktail,drinks,missing,4,27000,108000,error,missing
2959,SUN-39959,2024-03-19,Matcha_Berry_Latte,drinks,DRK-03,3,28000,84000,credit card,error
2960,SUN-37852,2024-02-13,Strawberry_Mojito_Mocktail,drinks,missing,3,27000,81000,digital wallet,online shop
2961,SUN-34169,2024-09-19,Hot_Americano,drinks,DRK-02,1,missing,22000,cash,dine in
2962,SUN-35602,2024-06-26,Cinnamon Roll,desserts,DST-04,3,35000,105000,credit card,online shop
2963,SUN-33037,2024-01-15,Classic_Beef_Burger,food,FOD-05,4,40000,160000,cash,dine in
2964,missing,2024-05-04,Classic_Beef_Burger,error,FOD-05,2,40000,80000,error,dine in
2965,SUN-32978,2024-08-11,Earl_Grey_Milk_Tea,missing,DRK-04,2,24000,48000,cash,dine in
2966,SUN-30733,2024-11-25,Mineral_Water,drinks,DRK-07,2,26000,nan,credit card,take away
2967,SUN-42709,2024-09-19,Hot_Americano,drinks,DRK-02,2,missing,44000,credit card,dine in
2968,SUN-34213,2024-01-21,Hot_Americano,drinks,DRK-02,unknown,22000,22000,digital wallet,dine in
2969,SUN-46612,2024-03-18,Iced_Aren_Latte,drinks,DRK-01,nan,25000,100000,unknown,missing
2970,error,2024-04-05,Truffle Fries & Sausage,food,FOD-01,3,10000,30000,credit card,nan
2971,SUN-48060,2024-01-23,Tiramisu Tres Leches,desserts,DST-05,4,22000,88000,digital wallet,dine in
2972,SUN-46911,2024-06-22,Mineral_Water,nan,missing,1,26000,unknown,digital wallet,nan
2973,nan,2024-08-15,Lotus Biscoff Cheesecake,desserts,DST-03,1,25000,25000,digital wallet,online shop
2974,SUN-30903,2024-02-02,Classic_Beef_Burger,food,FOD-05,1,error,40000,nan,dine in
2975,SUN-38232,2024-12-06,Lemonade_Espresso_Tonic,drinks,DRK-05,nan,24000,unknown,digital wallet,take away
2976,SUN-48506,2024-11-26,Butter Croissant,desserts,DST-01,3,missing,135000,digital wallet,take away
2977,SUN-37123,2024-12-07,Tiramisu Tres Leches,missing,DST-05,3,22000,missing,cash,take away
2978,SUN-40419,2024-01-29,Tiramisu Tres Leches,desserts,DST-05,3,22000,66000,cash,take away
2979,SUN-37931,2024-03-23,Matcha_Berry_Latte,drinks,DRK-03,3,28000,84000,credit card,error
2980,SUN-44292,2024-08-31,Truffle Fries & Sausage,food,FOD-01,missing,10000,10000,cash,online shop
2981,SUN-37774,2024-12-21,Tiramisu Tres Leches,nan,DST-05,2,22000,44000,credit card,nan
2982,SUN-35742,2024-11-29,Classic_Beef_Burger,food,missing,1,40000,40000,cash,dine in
2983,SUN-44348,2024-03-07,Butter Croissant,desserts,DST-01,3,45000,135000,cash,online shop
2984,SUN-42494,2024-11-29,missing,desserts,DST-04,2,35000,70000,nan,online shop
2985,SUN-46729,2024-07-06,Earl_Grey_Milk_Tea,drinks,DRK-04,4,24000,96000,cash,error
2986,SUN-48360,2024-03-16,Strawberry_Mojito_Mocktail,drinks,DRK-06,2,error,nan,credit card,dine in
2987,SUN-45306,2024-02-29,Creamy Spaghetti Carbonara,food,FOD-03,4,38000,152000,error,error
2988,missing,2024-10-14,Hot_Americano,error,DRK-02,3,22000,66000,credit card,take away
2989,nan,2024-10-14,Creamy Spaghetti Carbonara,food,FOD-03,3,nan,114000,cash,online shop
2990,SUN-32738,2024-11-30,Creamy Spaghetti Carbonara,food,FOD-03,2,38000,76000,unknown,take away
2991,SUN-38152,2024-12-04,Nasi Goreng Kampung Premium,food,FOD-02,4,32000,128000,cash,take away
2992,SUN-38267,2024-08-19,Grilled Chicken Mentai Rice,food,FOD-04,3,42000,nan,digital wallet,dine in
2993,SUN-42310,2024-04-28,Truffle Fries & Sausage,food,FOD-01,4,10000,40000,credit card,online shop
2994,SUN-44398,2024-06-27,Hot_Americano,drinks,DRK-02,3,22000,66000,cash,error
2995,SUN-33898,2024-12-16,Classic_Beef_Burger,unknown,FOD-05,4,40000,160000,nan,dine in
2996,SUN-35174,2024-09-29,Nasi Goreng Kampung Premium,food,FOD-02,4,32000,128000,credit card,online shop
2997,SUN-30059,2024-08-30,missing,unknown,FOD-03,1,38000,38000,credit card,take away
2998,unknown,2024-06-07,error,food,FOD-04,1,42000,42000,digital wallet,dine in
2999,SUN-38224,2024-09-29,error,drinks,DRK-04,3,24000,72000,cash,take away
3000,SUN-49382,2024-11-29,Lotus Biscoff Cheesecake,desserts,DST-03,unknown,25000,75000,credit card,nan
3001,SUN-35193,2024-10-13,Mineral_Water,drinks,DRK-07,3,26000,78000,nan,online shop
3002,SUN-49592,2024-04-15,Hot_Americano,drinks,nan,3,22000,unknown,cash,take away
3003,SUN-48796,2024-12-14,Truffle Fries & Sausage,food,FOD-01,error,10000,error,digital wallet,take away
3004,SUN-47044,2024-11-19,Iced_Aren_Latte,drinks,DRK-01,error,25000,50000,digital wallet,dine in
3005,SUN-39584,2024-08-31,Classic_Beef_Burger,food,FOD-05,3,40000,120000,credit card,online shop
3006,SUN-34775,2024-05-15,Cinnamon Roll,desserts,DST-04,4,35000,140000,credit card,dine in
3007,SUN-32317,2024-09-03,Nasi Goreng Kampung Premium,food,FOD-02,3,32000,96000,digital wallet,online shop
3008,SUN-45986,2024-06-15,Iced_Aren_Latte,drinks,DRK-01,3,25000,75000,credit card,dine in
3009,SUN-47158,2024-04-05,Butter Croissant,desserts,nan,3,45000,135000,digital wallet,take away
3010,SUN-38871,2024-03-01,Nasi Goreng Kampung Premium,food,FOD-02,2,missing,64000,cash,nan
3011,SUN-32316,2024-12-01,Truffle Fries & Sausage,food,FOD-01,1,missing,missing,cash,dine in
3012,SUN-32098,2024-01-09,Mineral_Water,drinks,DRK-07,3,26000,missing,digital wallet,online shop
3013,SUN-35217,2024-10-07,unknown,drinks,DRK-02,1,22000,22000,cash,online shop
3014,SUN-32459,2024-10-01,Earl_Grey_Milk_Tea,drinks,DRK-04,2,unknown,48000,credit card,nan
3015,SUN-39401,2024-12-11,Lotus Biscoff Cheesecake,desserts,unknown,1,25000,nan,digital wallet,online shop
3016,SUN-39436,2024-01-12,nan,food,FOD-02,2,32000,64000,error,take away
3017,SUN-34241,2024-08-20,Grilled Chicken Mentai Rice,food,FOD-04,1,42000,42000,credit card,nan
3018,SUN-32292,2024-09-11,Tiramisu Tres Leches,desserts,DST-05,error,22000,88000,unknown,online shop
3019,SUN-39796,2024-03-25,Hot_Americano,drinks,DRK-02,2,22000,44000,digital wallet,dine in
3020,SUN-48381,2024-04-01,Classic_Beef_Burger,food,FOD-05,4,40000,160000,credit card,online shop
3021,SUN-43067,2024-08-22,nan,food,FOD-05,1,missing,40000,credit card,dine in
3022,SUN-49036,2024-03-27,Mineral_Water,drinks,DRK-07,2,26000,52000,digital wallet,dine in
3023,SUN-31776,2024-07-21,missing,desserts,DST-02,3,18000,nan,cash,online shop
3024,SUN-41347,2024-05-27,nan,drinks,DRK-01,2,25000,50000,cash,online shop
3025,SUN-32064,2024-03-06,Classic_Beef_Burger,food,FOD-05,3,40000,120000,credit card,dine in
3026,nan,2024-12-21,Tiramisu Tres Leches,unknown,unknown,2,22000,44000,cash,nan
3027,SUN-46614,2024-04-22,Grilled Chicken Mentai Rice,food,unknown,2,42000,84000,cash,online shop
3028,SUN-36032,2024-05-13,Fudgy Brownie With Ice Cream,desserts,DST-02,1,18000,18000,credit card,dine in
3029,SUN-48088,2024-12-21,Fudgy Brownie With Ice Cream,desserts,DST-02,1,18000,18000,error,nan
3030,SUN-44523,2024-12-03,Truffle Fries & Sausage,food,FOD-01,nan,10000,40000,unknown,take away
3031,unknown,2024-12-26,Iced_Aren_Latte,drinks,DRK-01,3,25000,error,error,missing
3032,SUN-30908,2024-06-08,Strawberry_Mojito_Mocktail,drinks,DRK-06,4,27000,108000,cash,online shop
3033,SUN-45676,2024-07-15,Lotus Biscoff Cheesecake,desserts,DST-03,1,25000,25000,unknown,dine in
3034,SUN-42335,2024-08-10,Fudgy Brownie With Ice Cream,desserts,DST-02,3,18000,54000,cash,online shop
3035,SUN-30041,2024-05-18,Nasi Goreng Kampung Premium,food,FOD-02,1,32000,32000,cash,online shop
3036,SUN-45233,2024-12-09,Mineral_Water,drinks,DRK-07,4,26000,104000,credit card,online shop
3037,nan,2024-09-20,Matcha_Berry_Latte,drinks,DRK-03,4,28000,112000,cash,dine in
3038,SUN-39202,2024-01-25,Hot_Americano,drinks,DRK-02,1,22000,22000,digital wallet,take away
3039,unknown,2024-01-14,Lotus Biscoff Cheesecake,desserts,DST-03,4,25000,100000,credit card,online shop
3040,SUN-42027,2024-01-20,Matcha_Berry_Latte,drinks,DRK-03,error,28000,28000,cash,take away
3041,SUN-40925,2024-12-07,unknown,drinks,DRK-06,1,27000,27000,cash,nan
3042,SUN-43880,2024-05-18,Nasi Goreng Kampung Premium,food,FOD-02,error,32000,missing,credit card,online shop
3043,SUN-37421,2024-06-10,Mineral_Water,drinks,DRK-07,3,26000,nan,digital wallet,online shop
3044,SUN-42770,unknown,unknown,desserts,missing,1,35000,35000,credit card,take away
3045,SUN-43699,2024-01-30,error,food,FOD-04,1,42000,42000,credit card,dine in
3046,SUN-45012,2024-07-30,Fudgy Brownie With Ice Cream,desserts,DST-02,4,18000,72000,credit card,unknown
3047,missing,2024-05-28,Matcha_Berry_Latte,error,DRK-03,3,28000,84000,cash,online shop
3048,SUN-44526,2024-05-10,Grilled Chicken Mentai Rice,food,FOD-04,3,42000,126000,cash,dine in
3049,unknown,2024-10-02,Classic_Beef_Burger,food,FOD-05,3,40000,120000,credit card,take away
3050,SUN-48262,2024-12-17,nan,food,FOD-01,error,10000,20000,digital wallet,unknown
3051,SUN-43425,2024-01-08,Classic_Beef_Burger,food,FOD-05,3,40000,unknown,error,dine in
3052,SUN-40487,2024-05-09,Creamy Spaghetti Carbonara,food,FOD-03,3,38000,114000,cash,online shop
3053,SUN-45112,2024-11-19,Nasi Goreng Kampung Premium,food,FOD-02,4,nan,128000,digital wallet,nan
3054,SUN-38442,2024-07-24,Cinnamon Roll,error,error,1,35000,35000,nan,take away
3055,SUN-36630,2024-05-13,Creamy Spaghetti Carbonara,food,error,3,38000,114000,digital wallet,take away
3056,missing,2024-08-19,Mineral_Water,drinks,DRK-07,4,26000,104000,missing,unknown
3057,SUN-37208,2024-06-24,Lotus Biscoff Cheesecake,desserts,DST-03,1,nan,25000,credit card,take away
3058,SUN-42996,2024-10-05,Strawberry_Mojito_Mocktail,error,DRK-06,1,27000,nan,digital wallet,take away
3059,SUN-30029,2024-04-27,error,drinks,DRK-04,4,error,nan,credit card,nan
3060,SUN-40149,2024-12-01,Earl_Grey_Milk_Tea,drinks,DRK-04,4,24000,96000,cash,dine in
3061,SUN-48536,2024-08-05,missing,desserts,DST-02,2,18000,36000,cash,take away
3062,SUN-49353,2024-01-18,Tiramisu Tres Leches,desserts,DST-05,unknown,22000,88000,credit card,dine in
3063,SUN-33616,2024-05-08,Truffle Fries & Sausage,food,FOD-01,3,10000,unknown,digital wallet,online shop
3064,SUN-37615,2024-06-28,Mineral_Water,drinks,DRK-07,1,26000,26000,credit card,dine in
3065,SUN-40858,error,Fudgy Brownie With Ice Cream,desserts,DST-02,2,18000,36000,credit card,dine in
3066,SUN-30866,2024-08-18,Classic_Beef_Burger,food,FOD-05,2,40000,80000,digital wallet,online shop
3067,SUN-47960,2024-07-13,Mineral_Water,drinks,DRK-07,4,26000,nan,error,take away
3068,SUN-44012,2024-10-14,Hot_Americano,drinks,DRK-02,3,missing,66000,digital wallet,missing
3069,SUN-35387,2024-05-27,Creamy Spaghetti Carbonara,error,FOD-03,1,38000,38000,credit card,online shop
3070,SUN-47916,2024-08-21,Mineral_Water,drinks,DRK-07,2,26000,52000,credit card,online shop
3071,SUN-31847,2024-11-16,nan,desserts,error,2,18000,36000,digital wallet,online shop
3072,SUN-44115,2024-07-19,Nasi Goreng Kampung Premium,food,FOD-02,4,32000,128000,credit card,take away
3073,SUN-49576,2024-05-04,Creamy Spaghetti Carbonara,food,FOD-03,2,nan,76000,credit card,dine in
3074,SUN-49496,2024-08-08,unknown,desserts,DST-05,4,22000,88000,cash,take away
3075,unknown,2024-02-14,Mineral_Water,drinks,missing,3,26000,78000,credit card,online shop
3076,SUN-35651,2024-10-11,Matcha_Berry_Latte,drinks,DRK-03,2,28000,56000,credit card,missing
3077,SUN-42716,2024-09-07,Lemonade_Espresso_Tonic,drinks,DRK-05,4,24000,96000,credit card,dine in
3078,SUN-36353,2024-05-15,Hot_Americano,drinks,DRK-02,3,22000,nan,credit card,online shop
3079,SUN-45296,2024-10-07,Mineral_Water,drinks,DRK-07,2,26000,52000,digital wallet,dine in
3080,SUN-37665,2024-10-22,Truffle Fries & Sausage,food,FOD-01,1,10000,10000,cash,online shop
3081,SUN-42392,2024-12-08,Cinnamon Roll,desserts,DST-04,2,35000,error,missing,dine in
3082,SUN-45807,2024-12-11,Mineral_Water,drinks,DRK-07,1,26000,26000,cash,unknown
3083,SUN-36367,2024-05-18,Mineral_Water,drinks,DRK-07,3,26000,78000,digital wallet,take away
3084,SUN-38840,2024-01-28,Lotus Biscoff Cheesecake,desserts,DST-03,1,25000,25000,cash,dine in
3085,SUN-41880,2024-06-13,Lotus Biscoff Cheesecake,desserts,nan,1,25000,25000,credit card,dine in
3086,nan,2024-04-17,error,food,FOD-02,3,32000,96000,cash,online shop
3087,SUN-48357,2024-09-25,Lemonade_Espresso_Tonic,drinks,DRK-05,3,24000,72000,nan,dine in
3088,SUN-35607,2024-12-12,Nasi Goreng Kampung Premium,food,FOD-02,4,32000,128000,credit card,online shop
3089,SUN-32539,2024-06-07,Strawberry_Mojito_Mocktail,drinks,DRK-06,2,27000,54000,cash,online shop
3090,SUN-40491,2024-07-10,Fudgy Brownie With Ice Cream,desserts,DST-02,2,nan,36000,cash,take away
3091,SUN-37726,2024-12-31,Matcha_Berry_Latte,drinks,DRK-03,3,28000,missing,credit card,dine in
3092,SUN-38658,2024-08-05,Truffle Fries & Sausage,food,FOD-01,4,10000,40000,digital wallet,take away
3093,nan,2024-06-24,Earl_Grey_Milk_Tea,drinks,DRK-04,3,24000,72000,digital wallet,take away
3094,SUN-44338,2024-10-30,Mineral_Water,drinks,DRK-07,4,26000,104000,cash,dine in
3095,SUN-49572,2024-03-04,nan,drinks,DRK-01,3,25000,75000,cash,online shop
3096,SUN-45531,2024-12-15,Butter Croissant,desserts,DST-01,1,45000,45000,credit card,online shop
3097,SUN-31681,2024-10-16,Fudgy Brownie With Ice Cream,desserts,DST-02,2,18000,36000,cash,error
3098,SUN-37396,2024-10-17,missing,food,FOD-01,1,10000,10000,missing,online shop
3099,SUN-32502,2024-02-09,Nasi Goreng Kampung Premium,unknown,FOD-02,1,32000,32000,digital wallet,dine in
3100,SUN-40361,2024-07-20,Classic_Beef_Burger,food,FOD-05,2,40000,80000,cash,dine in
3101,SUN-42895,2024-05-07,Iced_Aren_Latte,drinks,DRK-01,1,25000,25000,cash,nan
3102,SUN-32368,2024-04-28,Grilled Chicken Mentai Rice,food,FOD-04,4,42000,168000,cash,online shop
3103,SUN-34241,2024-03-03,Nasi Goreng Kampung Premium,food,FOD-02,3,missing,96000,cash,online shop
3104,SUN-41477,2024-10-18,Truffle Fries & Sausage,food,unknown,2,10000,20000,cash,dine in
3105,SUN-33928,2024-10-10,Nasi Goreng Kampung Premium,missing,FOD-02,1,32000,32000,cash,error
3106,nan,2024-08-27,Butter Croissant,desserts,DST-01,1,45000,45000,credit card,take away
3107,SUN-46418,2024-10-30,missing,desserts,DST-02,1,18000,18000,cash,dine in
3108,missing,2024-02-17,Strawberry_Mojito_Mocktail,drinks,DRK-06,4,27000,108000,credit card,dine in
3109,SUN-46753,2024-10-04,error,nan,DRK-06,2,27000,unknown,digital wallet,online shop
3110,SUN-38818,2024-03-26,unknown,food,FOD-05,3,40000,120000,digital wallet,online shop
3111,SUN-35367,2024-06-05,Butter Croissant,desserts,DST-01,2,unknown,90000,digital wallet,dine in
3112,nan,2024-03-29,Strawberry_Mojito_Mocktail,drinks,DRK-06,4,27000,108000,credit card,online shop
3113,SUN-49957,2024-10-08,Fudgy Brownie With Ice Cream,desserts,DST-02,3,unknown,54000,missing,online shop
3114,SUN-39187,2024-02-15,Iced_Aren_Latte,drinks,DRK-01,3,nan,75000,missing,online shop
3115,SUN-42930,2024-11-26,error,unknown,DRK-03,2,28000,error,credit card,take away
3116,SUN-32338,2024-02-11,Earl_Grey_Milk_Tea,nan,DRK-04,3,24000,72000,cash,take away
3117,SUN-38305,2024-04-29,Matcha_Berry_Latte,drinks,unknown,2,28000,56000,error,take away
3118,SUN-42810,2024-11-06,Matcha_Berry_Latte,drinks,DRK-03,4,28000,112000,cash,dine in
3119,SUN-46963,2024-05-05,Lemonade_Espresso_Tonic,drinks,DRK-05,3,24000,72000,digital wallet,dine in
3120,error,2024-03-22,error,desserts,DST-05,3,22000,66000,credit card,take away
3121,SUN-35253,2024-11-06,Lotus Biscoff Cheesecake,desserts,DST-03,3,25000,75000,digital wallet,dine in
3122,SUN-47531,2024-12-21,Nasi Goreng Kampung Premium,missing,FOD-02,3,32000,96000,digital wallet,take away
3123,unknown,2024-11-08,nan,error,DST-02,error,18000,18000,cash,error
3124,SUN-39808,2024-10-10,Lotus Biscoff Cheesecake,desserts,unknown,4,25000,100000,cash,online shop
3125,SUN-47396,2024-05-01,Iced_Aren_Latte,drinks,DRK-01,3,25000,75000,cash,online shop
3126,SUN-44774,2024-06-12,Grilled Chicken Mentai Rice,food,FOD-04,1,nan,42000,credit card,dine in
3127,SUN-49787,2024-08-09,error,desserts,DST-02,4,error,unknown,unknown,online shop
3128,SUN-40258,2024-01-20,Nasi Goreng Kampung Premium,food,FOD-02,2,32000,64000,credit card,online shop
3129,SUN-44291,2024-08-12,Strawberry_Mojito_Mocktail,drinks,DRK-06,4,27000,108000,digital wallet,online shop
3130,SUN-43291,2024-01-24,Matcha_Berry_Latte,drinks,missing,2,28000,56000,credit card,online shop
3131,SUN-35768,2024-01-08,Butter Croissant,desserts,DST-01,4,45000,error,credit card,online shop
3132,SUN-35571,2024-03-12,Matcha_Berry_Latte,drinks,DRK-03,3,missing,84000,cash,take away
3133,SUN-46247,2024-08-07,error,drinks,DRK-06,2,27000,54000,cash,dine in
3134,SUN-32543,2024-07-20,Classic_Beef_Burger,food,FOD-05,error,40000,80000,digital wallet,take away
3135,SUN-35750,2024-11-21,Creamy Spaghetti Carbonara,food,FOD-03,4,38000,152000,digital wallet,online shop
3136,SUN-30479,2024-01-16,Classic_Beef_Burger,food,FOD-05,3,40000,120000,credit card,take away
3137,SUN-38454,2024-10-22,Nasi Goreng Kampung Premium,food,FOD-02,1,32000,32000,cash,online shop
3138,SUN-41594,2024-04-23,Fudgy Brownie With Ice Cream,nan,DST-02,3,18000,54000,credit card,take away
3139,SUN-43807,2024-10-23,Fudgy Brownie With Ice Cream,desserts,DST-02,missing,18000,36000,cash,dine in
3140,SUN-39526,2024-07-26,Cinnamon Roll,nan,DST-04,3,35000,error,credit card,take away
3141,SUN-31660,2024-11-26,error,drinks,DRK-05,1,24000,24000,digital wallet,online shop
3142,SUN-45518,2024-12-03,Fudgy Brownie With Ice Cream,desserts,DST-02,4,18000,72000,credit card,take away
3143,SUN-48133,2024-08-15,Hot_Americano,drinks,DRK-02,3,22000,66000,digital wallet,dine in
3144,SUN-37835,2024-11-30,Nasi Goreng Kampung Premium,food,FOD-02,4,32000,128000,credit card,take away
3145,SUN-48975,2024-10-19,Fudgy Brownie With Ice Cream,desserts,DST-02,3,nan,54000,unknown,dine in
3146,SUN-48288,2024-06-14,error,desserts,DST-02,2,18000,36000,digital wallet,dine in
3147,missing,2024-12-18,Cinnamon Roll,desserts,DST-04,3,35000,105000,unknown,online shop
3148,SUN-38434,2024-11-05,Iced_Aren_Latte,drinks,DRK-01,2,25000,50000,cash,error
3149,nan,2024-10-30,Hot_Americano,drinks,DRK-02,missing,22000,22000,digital wallet,dine in
3150,SUN-41838,2024-03-12,Hot_Americano,drinks,DRK-02,4,22000,88000,cash,dine in
3151,SUN-41097,2024-08-01,Matcha_Berry_Latte,drinks,DRK-03,4,28000,112000,digital wallet,dine in
3152,SUN-49594,2024-03-08,Nasi Goreng Kampung Premium,food,FOD-02,4,nan,128000,credit card,take away
3153,error,2024-05-20,Earl_Grey_Milk_Tea,drinks,DRK-04,2,24000,48000,digital wallet,take away
3154,SUN-34006,2024-02-27,nan,desserts,DST-01,1,45000,45000,cash,take away
3155,SUN-31194,2024-07-28,Lemonade_Espresso_Tonic,drinks,DRK-05,3,24000,72000,digital wallet,missing
3156,SUN-47850,2024-09-09,Nasi Goreng Kampung Premium,food,FOD-02,1,32000,32000,credit card,online shop
3157,SUN-31128,2024-10-31,Fudgy Brownie With Ice Cream,desserts,DST-02,4,unknown,72000,cash,online shop
3158,SUN-32907,2024-06-20,error,error,DST-01,3,45000,135000,digital wallet,missing
3159,SUN-39341,2024-12-17,Lotus Biscoff Cheesecake,desserts,DST-03,4,25000,100000,credit card,take away
3160,SUN-31862,2024-08-10,Fudgy Brownie With Ice Cream,desserts,DST-02,4,18000,unknown,digital wallet,take away
3161,SUN-42030,2024-02-11,Matcha_Berry_Latte,drinks,DRK-03,3,28000,84000,credit card,online shop
3162,missing,2024-07-22,Mineral_Water,missing,DRK-07,2,26000,52000,cash,online shop
3163,SUN-30945,2024-08-30,Lemonade_Espresso_Tonic,drinks,DRK-05,3,24000,72000,credit card,online shop
3164,SUN-34076,2024-10-18,error,food,FOD-05,4,40000,160000,credit card,dine in
3165,SUN-43759,2024-07-06,Lemonade_Espresso_Tonic,drinks,DRK-05,1,24000,24000,credit card,dine in
3166,SUN-40581,2024-11-24,Hot_Americano,drinks,DRK-02,2,error,44000,missing,online shop
3167,SUN-44048,2024-04-09,Lemonade_Espresso_Tonic,drinks,DRK-05,missing,24000,48000,digital wallet,online shop
3168,SUN-48386,2024-10-24,Creamy Spaghetti Carbonara,food,FOD-03,3,38000,nan,cash,dine in
3169,SUN-42996,2024-03-19,Matcha_Berry_Latte,drinks,DRK-03,4,28000,112000,credit card,online shop
3170,SUN-35971,2024-04-23,Tiramisu Tres Leches,desserts,DST-05,2,22000,44000,cash,dine in
3171,SUN-38486,2024-10-29,Creamy Spaghetti Carbonara,food,FOD-03,3,38000,114000,credit card,take away
3172,SUN-48284,2024-04-05,Lotus Biscoff Cheesecake,desserts,DST-03,2,25000,50000,digital wallet,take away
3173,SUN-39841,2024-03-14,Cinnamon Roll,desserts,error,unknown,35000,105000,digital wallet,unknown
3174,SUN-41547,2024-06-26,Lotus Biscoff Cheesecake,missing,DST-03,4,25000,100000,cash,take away
3175,SUN-48148,2024-11-29,Butter Croissant,unknown,DST-01,3,nan,nan,cash,online shop
3176,SUN-31412,2024-04-15,unknown,food,FOD-04,2,42000,84000,credit card,dine in
3177,SUN-36559,2024-08-29,Iced_Aren_Latte,drinks,DRK-01,2,25000,50000,cash,dine in
3178,SUN-41436,2024-10-29,missing,food,FOD-04,4,42000,168000,credit card,unknown
3179,SUN-38821,2024-02-25,unknown,error,FOD-01,4,10000,40000,digital wallet,take away
3180,SUN-30257,2024-05-20,Classic_Beef_Burger,food,FOD-05,missing,40000,160000,digital wallet,online shop
3181,SUN-45225,2024-10-07,Lemonade_Espresso_Tonic,drinks,DRK-05,2,error,48000,nan,dine in
3182,SUN-46046,2024-12-12,Classic_Beef_Burger,food,FOD-05,2,40000,80000,digital wallet,dine in
3183,SUN-36306,2024-07-07,Tiramisu Tres Leches,desserts,DST-05,1,22000,22000,credit card,online shop
3184,SUN-38923,2024-03-16,Cinnamon Roll,desserts,error,2,35000,error,cash,dine in
3185,SUN-35080,2024-07-20,Truffle Fries & Sausage,food,FOD-01,3,10000,30000,nan,online shop
3186,SUN-32077,error,Creamy Spaghetti Carbonara,food,FOD-03,1,38000,38000,credit card,dine in
3187,SUN-46741,2024-11-03,Grilled Chicken Mentai Rice,food,FOD-04,1,42000,42000,error,dine in
3188,SUN-49202,2024-10-19,Cinnamon Roll,desserts,DST-04,4,35000,nan,cash,nan
3189,SUN-34555,2024-12-25,Lotus Biscoff Cheesecake,desserts,DST-03,4,25000,100000,digital wallet,online shop
3190,SUN-47439,2024-08-22,Mineral_Water,error,DRK-07,error,26000,unknown,cash,take away
3191,SUN-42251,2024-05-18,Mineral_Water,drinks,DRK-07,3,26000,78000,cash,online shop
3192,SUN-44352,2024-04-10,Iced_Aren_Latte,drinks,DRK-01,1,25000,25000,digital wallet,error
3193,SUN-48399,2024-09-16,Grilled Chicken Mentai Rice,food,FOD-04,1,42000,42000,cash,online shop
3194,SUN-32362,2024-03-01,nan,error,FOD-01,unknown,10000,30000,credit card,take away
3195,SUN-33461,2024-02-07,Fudgy Brownie With Ice Cream,desserts,DST-02,1,error,18000,digital wallet,take away
3196,SUN-48317,2024-04-20,Creamy Spaghetti Carbonara,food,FOD-03,1,38000,38000,credit card,dine in
3197,SUN-49598,2024-07-09,nan,drinks,DRK-04,3,24000,72000,cash,take away
3198,error,2024-11-07,Hot_Americano,drinks,nan,2,22000,missing,cash,online shop
3199,SUN-47955,2024-07-12,Matcha_Berry_Latte,drinks,DRK-03,1,28000,28000,credit card,take away
3200,SUN-43468,2024-05-08,Grilled Chicken Mentai Rice,food,error,4,42000,168000,digital wallet,online shop
3201,SUN-41116,2024-01-24,Hot_Americano,drinks,DRK-02,1,22000,22000,digital wallet,online shop
3202,SUN-43032,2024-06-16,Cinnamon Roll,desserts,DST-04,error,35000,35000,digital wallet,take away
3203,SUN-44617,2024-06-07,Tiramisu Tres Leches,desserts,DST-05,nan,22000,unknown,credit card,take away
3204,SUN-48907,2024-09-11,Mineral_Water,drinks,DRK-07,3,26000,missing,digital wallet,online shop
3205,SUN-43549,2024-09-30,Lemonade_Espresso_Tonic,drinks,DRK-05,2,24000,48000,unknown,dine in
3206,SUN-44980,2024-05-26,Mineral_Water,drinks,DRK-07,1,26000,26000,cash,take away
3207,SUN-30278,2024-01-16,Lemonade_Espresso_Tonic,drinks,DRK-05,4,24000,96000,cash,dine in
3208,SUN-43326,2024-03-29,Creamy Spaghetti Carbonara,food,FOD-03,4,38000,152000,missing,online shop
3209,SUN-39677,2024-04-22,error,food,FOD-02,1,error,32000,cash,take away
3210,nan,2024-06-17,nan,drinks,DRK-06,4,27000,108000,missing,dine in
3211,SUN-49212,2024-09-02,Lemonade_Espresso_Tonic,drinks,DRK-05,4,24000,96000,digital wallet,take away
3212,SUN-31160,2024-04-29,nan,desserts,DST-04,1,35000,error,cash,online shop
3213,SUN-38853,2024-02-09,Mineral_Water,drinks,DRK-07,2,missing,52000,cash,online shop
3214,SUN-39672,2024-10-25,missing,desserts,DST-01,missing,45000,135000,cash,online shop
3215,nan,2024-10-07,Earl_Grey_Milk_Tea,drinks,DRK-04,4,24000,96000,cash,take away
3216,SUN-46728,2024-04-27,Earl_Grey_Milk_Tea,missing,DRK-04,2,24000,48000,credit card,online shop
3217,SUN-43221,2024-06-25,Lemonade_Espresso_Tonic,drinks,DRK-05,1,24000,24000,cash,dine in
3218,SUN-34857,2024-03-09,Nasi Goreng Kampung Premium,food,FOD-02,nan,32000,96000,cash,take away
3219,SUN-36383,2024-12-15,Butter Croissant,desserts,DST-01,1,45000,45000,cash,take away
3220,SUN-44308,2024-02-26,Lemonade_Espresso_Tonic,drinks,DRK-05,1,24000,unknown,cash,error
3221,SUN-44321,2024-08-31,Fudgy Brownie With Ice Cream,desserts,DST-02,2,18000,36000,cash,take away
3222,SUN-33033,2024-02-29,Classic_Beef_Burger,food,FOD-05,4,40000,160000,unknown,online shop
3223,SUN-35223,2024-07-14,Lemonade_Espresso_Tonic,drinks,DRK-05,1,24000,24000,digital wallet,dine in
3224,SUN-45221,2024-02-01,Hot_Americano,drinks,missing,nan,22000,66000,cash,unknown
3225,SUN-35870,missing,unknown,desserts,nan,2,22000,44000,error,online shop
3226,SUN-33874,2024-03-11,Nasi Goreng Kampung Premium,food,FOD-02,3,32000,error,credit card,take away
3227,SUN-38648,2024-07-22,Grilled Chicken Mentai Rice,food,FOD-04,4,42000,missing,credit card,dine in
3228,SUN-37045,2024-04-28,Mineral_Water,drinks,DRK-07,3,26000,unknown,cash,take away
3229,SUN-48010,2024-04-17,Grilled Chicken Mentai Rice,food,FOD-04,4,error,168000,cash,online shop
3230,SUN-37235,2024-09-27,Lemonade_Espresso_Tonic,drinks,DRK-05,2,unknown,48000,cash,dine in
3231,nan,2024-08-06,Nasi Goreng Kampung Premium,food,FOD-02,1,unknown,32000,credit card,take away
3232,SUN-34882,2024-09-15,Earl_Grey_Milk_Tea,error,DRK-04,4,missing,96000,cash,dine in
3233,SUN-45393,2024-03-22,nan,unknown,DST-02,2,18000,missing,digital wallet,take away
3234,error,2024-04-07,Iced_Aren_Latte,unknown,DRK-01,3,nan,error,nan,take away
3235,SUN-43824,2024-06-08,Creamy Spaghetti Carbonara,food,FOD-03,2,unknown,76000,digital wallet,dine in
3236,SUN-47457,2024-11-28,error,food,FOD-04,1,42000,unknown,credit card,unknown
3237,SUN-39305,2024-05-27,Truffle Fries & Sausage,food,FOD-01,1,10000,10000,error,online shop
3238,SUN-44623,2024-05-26,Grilled Chicken Mentai Rice,missing,FOD-04,3,42000,126000,digital wallet,online shop
3239,SUN-42650,2024-12-28,Creamy Spaghetti Carbonara,food,FOD-03,2,38000,76000,digital wallet,dine in
3240,SUN-30645,2024-11-01,Cinnamon Roll,desserts,DST-04,3,unknown,105000,credit card,dine in
3241,SUN-31696,2024-07-14,Creamy Spaghetti Carbonara,food,FOD-03,error,38000,38000,unknown,online shop
3242,SUN-35122,2024-04-07,Classic_Beef_Burger,food,FOD-05,1,40000,40000,error,dine in
3243,nan,2024-04-15,Fudgy Brownie With Ice Cream,desserts,DST-02,1,18000,18000,nan,take away
3244,SUN-46741,2024-10-05,Earl_Grey_Milk_Tea,drinks,DRK-04,4,missing,96000,digital wallet,online shop
3245,SUN-30863,2024-03-24,Mineral_Water,drinks,DRK-07,1,error,26000,credit card,error
3246,SUN-37864,2024-12-25,Earl_Grey_Milk_Tea,drinks,missing,4,24000,96000,digital wallet,online shop
3247,SUN-37020,2024-10-23,nan,nan,DST-02,2,18000,36000,digital wallet,missing
3248,nan,2024-11-16,error,drinks,DRK-02,3,22000,66000,digital wallet,dine in
3249,nan,2024-08-22,Lemonade_Espresso_Tonic,drinks,DRK-05,missing,24000,96000,digital wallet,take away
3250,SUN-39170,2024-09-28,Hot_Americano,drinks,DRK-02,missing,22000,44000,cash,online shop
3251,SUN-46100,2024-01-07,Nasi Goreng Kampung Premium,food,FOD-02,1,missing,32000,cash,online shop
3252,SUN-48214,2024-06-02,unknown,desserts,DST-02,3,18000,unknown,digital wallet,dine in
3253,SUN-42960,2024-06-09,Iced_Aren_Latte,missing,DRK-01,4,error,100000,error,dine in
3254,SUN-48577,2024-04-14,Cinnamon Roll,desserts,DST-04,4,35000,140000,cash,take away
3255,SUN-46661,2024-01-28,nan,food,FOD-03,2,error,76000,cash,online shop
3256,SUN-49905,2024-07-15,Mineral_Water,drinks,DRK-07,3,26000,missing,credit card,online shop
3257,SUN-43182,2024-10-06,error,desserts,DST-02,3,18000,54000,digital wallet,nan
3258,SUN-44752,2024-05-28,Lemonade_Espresso_Tonic,drinks,DRK-05,1,24000,24000,digital wallet,dine in
3259,SUN-43720,2024-12-11,Lotus Biscoff Cheesecake,nan,DST-03,4,25000,100000,cash,error
3260,SUN-49864,2024-08-01,Creamy Spaghetti Carbonara,food,FOD-03,1,38000,38000,credit card,dine in
3261,SUN-41179,2024-10-31,Mineral_Water,drinks,DRK-07,3,26000,78000,digital wallet,dine in
3262,SUN-46679,2024-11-16,unknown,food,FOD-05,3,40000,120000,credit card,dine in
3263,missing,2024-03-25,Hot_Americano,drinks,DRK-02,3,22000,66000,cash,missing
3264,SUN-35870,2024-06-15,Strawberry_Mojito_Mocktail,drinks,DRK-06,2,27000,54000,cash,take away
3265,error,2024-03-07,Creamy Spaghetti Carbonara,food,FOD-03,3,38000,114000,digital wallet,take away
3266,SUN-46482,2024-01-15,Lotus Biscoff Cheesecake,desserts,DST-03,missing,25000,100000,error,dine in
3267,SUN-44381,2024-10-25,Iced_Aren_Latte,drinks,nan,4,25000,100000,error,take away
3268,SUN-41551,2024-11-02,Iced_Aren_Latte,drinks,DRK-01,1,25000,missing,cash,take away
3269,SUN-33308,2024-12-25,Creamy Spaghetti Carbonara,food,FOD-03,4,38000,missing,digital wallet,take away
3270,SUN-46045,2024-03-03,Earl_Grey_Milk_Tea,drinks,DRK-04,3,24000,72000,cash,unknown
3271,SUN-35479,2024-01-17,Lemonade_Espresso_Tonic,drinks,DRK-05,2,24000,nan,credit card,dine in
3272,SUN-49294,2024-04-10,Matcha_Berry_Latte,drinks,DRK-03,4,missing,112000,credit card,take away
3273,SUN-33884,2024-01-11,nan,drinks,DRK-02,2,22000,44000,digital wallet,take away
3274,missing,2024-07-22,Nasi Goreng Kampung Premium,food,FOD-02,2,32000,64000,digital wallet,missing
3275,SUN-43255,2024-10-15,Butter Croissant,desserts,DST-01,1,45000,45000,digital wallet,take away
3276,SUN-39811,2024-05-19,Iced_Aren_Latte,drinks,DRK-01,2,25000,missing,nan,nan
3277,SUN-39519,2024-08-19,Hot_Americano,drinks,DRK-02,3,22000,66000,cash,online shop
3278,SUN-39402,2024-03-18,Earl_Grey_Milk_Tea,drinks,DRK-04,2,24000,48000,credit card,take away
3279,SUN-32508,2024-12-30,Mineral_Water,drinks,DRK-07,1,26000,26000,credit card,dine in
3280,nan,2024-03-29,Iced_Aren_Latte,drinks,DRK-01,4,nan,100000,digital wallet,take away
3281,SUN-47093,2024-08-04,Iced_Aren_Latte,drinks,DRK-01,1,unknown,25000,credit card,take away
3282,SUN-31935,2024-10-12,Creamy Spaghetti Carbonara,food,FOD-03,1,38000,38000,cash,error
3283,SUN-41575,2024-07-03,Nasi Goreng Kampung Premium,food,FOD-02,4,32000,missing,digital wallet,take away
3284,missing,2024-08-07,Butter Croissant,desserts,DST-01,4,45000,180000,credit card,error
3285,SUN-39475,2024-08-02,Hot_Americano,drinks,missing,3,22000,66000,cash,unknown
3286,SUN-43492,2024-03-27,Mineral_Water,drinks,DRK-07,3,26000,78000,digital wallet,online shop
3287,SUN-32144,2024-10-14,Cinnamon Roll,desserts,DST-04,3,35000,error,credit card,dine in
3288,SUN-39023,2024-02-28,unknown,drinks,DRK-03,2,28000,56000,credit card,online shop
3289,missing,2024-11-24,Tiramisu Tres Leches,desserts,DST-05,4,22000,88000,cash,online shop
3290,SUN-40245,2024-09-15,Earl_Grey_Milk_Tea,drinks,DRK-04,1,24000,24000,digital wallet,take away
3291,SUN-33176,2024-11-20,Mineral_Water,drinks,DRK-07,3,26000,78000,missing,dine in
3292,SUN-34902,2024-12-10,Iced_Aren_Latte,drinks,DRK-01,missing,25000,75000,cash,dine in
3293,SUN-33844,2024-08-25,Butter Croissant,desserts,DST-01,error,45000,90000,credit card,dine in
3294,SUN-31403,2024-05-06,error,drinks,DRK-07,3,26000,78000,credit card,error
3295,SUN-44075,2024-04-10,Fudgy Brownie With Ice Cream,desserts,DST-02,3,18000,54000,cash,take away
3296,SUN-36106,2024-07-03,error,drinks,DRK-07,error,26000,104000,credit card,dine in
3297,SUN-36214,2024-02-15,Truffle Fries & Sausage,food,FOD-01,3,10000,30000,cash,online shop
3298,SUN-37996,2024-08-23,Nasi Goreng Kampung Premium,food,FOD-02,4,32000,128000,cash,online shop
3299,nan,2024-08-23,Mineral_Water,drinks,DRK-07,1,26000,26000,digital wallet,dine in
3300,SUN-44464,2024-04-04,Fudgy Brownie With Ice Cream,desserts,DST-02,3,18000,54000,digital wallet,unknown
3301,SUN-42563,2024-08-19,Mineral_Water,drinks,DRK-07,2,26000,52000,digital wallet,unknown
3302,SUN-49910,2024-06-13,Fudgy Brownie With Ice Cream,desserts,DST-02,2,18000,36000,missing,online shop
3303,SUN-43957,2024-03-03,Earl_Grey_Milk_Tea,drinks,DRK-04,3,24000,72000,nan,take away
3304,SUN-33472,2024-04-16,Nasi Goreng Kampung Premium,missing,FOD-02,2,32000,64000,unknown,dine in
3305,SUN-35011,2024-06-14,Mineral_Water,drinks,DRK-07,1,26000,26000,cash,dine in
3306,SUN-42440,2024-08-29,Tiramisu Tres Leches,desserts,DST-05,3,22000,66000,cash,online shop
3307,nan,unknown,Cinnamon Roll,desserts,DST-04,4,35000,error,cash,take away
3308,SUN-40280,2024-01-26,Mineral_Water,drinks,DRK-07,1,26000,26000,credit card,dine in
3309,SUN-37176,2024-07-03,error,drinks,DRK-02,1,22000,22000,missing,online shop
3310,SUN-40572,2024-05-26,Iced_Aren_Latte,missing,DRK-01,2,25000,error,credit card,nan
3311,SUN-30035,2024-08-27,Creamy Spaghetti Carbonara,food,FOD-03,4,38000,unknown,credit card,missing
3312,SUN-43326,2024-05-19,Hot_Americano,drinks,DRK-02,1,22000,22000,cash,take away
3313,SUN-32671,2024-07-30,Strawberry_Mojito_Mocktail,drinks,DRK-06,4,error,nan,credit card,dine in
3314,SUN-30888,2024-03-01,missing,desserts,DST-05,2,22000,error,digital wallet,online shop
3315,SUN-39839,2024-01-16,Strawberry_Mojito_Mocktail,drinks,DRK-06,3,27000,81000,credit card,error
3316,SUN-44716,2024-05-09,Hot_Americano,drinks,DRK-02,2,22000,44000,digital wallet,take away
3317,SUN-37543,2024-09-21,Iced_Aren_Latte,drinks,DRK-01,1,25000,25000,cash,take away
3318,SUN-38103,2024-11-03,Classic_Beef_Burger,food,FOD-05,3,40000,error,cash,dine in
3319,SUN-32020,2024-04-30,Butter Croissant,unknown,DST-01,4,nan,error,digital wallet,error
3320,SUN-43460,2024-05-31,missing,unknown,DRK-07,1,26000,26000,digital wallet,online shop
3321,SUN-46129,2024-07-18,Butter Croissant,desserts,DST-01,2,45000,90000,credit card,take away
3322,unknown,2024-02-16,Fudgy Brownie With Ice Cream,desserts,DST-02,3,18000,54000,digital wallet,take away
3323,SUN-31147,2024-08-06,Butter Croissant,desserts,DST-01,3,45000,135000,digital wallet,dine in
3324,nan,2024-05-30,Classic_Beef_Burger,food,FOD-05,4,40000,160000,digital wallet,online shop
3325,SUN-40287,2024-02-10,Fudgy Brownie With Ice Cream,desserts,nan,2,unknown,36000,credit card,online shop
3326,SUN-43898,2024-10-09,error,drinks,error,4,26000,104000,digital wallet,take away
3327,SUN-42801,2024-09-27,Classic_Beef_Burger,food,FOD-05,1,40000,40000,digital wallet,take away
3328,SUN-49998,2024-05-11,Fudgy Brownie With Ice Cream,desserts,DST-02,error,18000,36000,digital wallet,dine in
3329,SUN-35120,2024-07-12,Mineral_Water,drinks,DRK-07,4,26000,104000,cash,dine in
3330,SUN-32978,2024-09-01,Nasi Goreng Kampung Premium,unknown,FOD-02,4,32000,128000,credit card,online shop
3331,SUN-47269,2024-03-11,Butter Croissant,desserts,DST-01,1,45000,unknown,cash,online shop
3332,SUN-45370,2024-12-20,Matcha_Berry_Latte,drinks,DRK-03,2,28000,56000,digital wallet,online shop
3333,SUN-48863,2024-03-22,error,drinks,DRK-02,1,22000,22000,error,error
3334,SUN-44731,2024-04-07,error,food,FOD-03,2,error,76000,unknown,dine in
3335,SUN-31704,2024-08-09,Matcha_Berry_Latte,drinks,DRK-03,4,28000,error,error,online shop
3336,unknown,2024-01-28,Butter Croissant,desserts,DST-01,1,45000,45000,digital wallet,take away
3337,SUN-30783,2024-10-30,error,error,FOD-05,4,40000,160000,cash,dine in
3338,SUN-33323,2024-06-16,Mineral_Water,drinks,missing,4,26000,104000,credit card,online shop
3339,SUN-30990,2024-11-03,Lotus Biscoff Cheesecake,desserts,DST-03,2,25000,50000,digital wallet,online shop
3340,SUN-43668,2024-08-19,missing,desserts,DST-03,1,25000,25000,credit card,take away
3341,SUN-44413,2024-06-21,unknown,drinks,DRK-05,2,24000,48000,nan,nan
3342,SUN-31662,2024-02-25,Classic_Beef_Burger,food,FOD-05,2,40000,80000,cash,dine in
3343,SUN-32548,2024-04-09,Mineral_Water,missing,DRK-07,3,26000,78000,credit card,dine in
3344,SUN-47411,2024-10-07,Lemonade_Espresso_Tonic,drinks,DRK-05,4,24000,96000,cash,take away
3345,SUN-33907,2024-05-30,Earl_Grey_Milk_Tea,drinks,DRK-04,3,24000,72000,cash,online shop
3346,SUN-39514,2024-11-11,Tiramisu Tres Leches,unknown,DST-05,missing,22000,44000,credit card,online shop
3347,SUN-35624,2024-07-25,Butter Croissant,desserts,DST-01,3,45000,135000,credit card,online shop
3348,SUN-42243,2024-03-05,Matcha_Berry_Latte,drinks,DRK-03,1,28000,missing,credit card,unknown
3349,SUN-44836,2024-10-07,Lotus Biscoff Cheesecake,desserts,DST-03,2,25000,error,digital wallet,nan
3350,SUN-41960,2024-04-08,missing,drinks,DRK-07,error,26000,52000,digital wallet,online shop
3351,SUN-47451,2024-01-11,Fudgy Brownie With Ice Cream,desserts,DST-02,4,18000,72000,cash,take away
3352,SUN-33655,2024-08-23,Classic_Beef_Burger,food,FOD-05,1,40000,40000,error,dine in
3353,SUN-35078,2024-07-20,Strawberry_Mojito_Mocktail,missing,DRK-06,nan,27000,nan,digital wallet,online shop
3354,SUN-31441,2024-05-29,Cinnamon Roll,desserts,DST-04,3,35000,missing,digital wallet,take away
3355,SUN-32018,2024-08-31,Nasi Goreng Kampung Premium,food,FOD-02,3,32000,96000,credit card,take away
3356,SUN-49538,2024-01-17,Creamy Spaghetti Carbonara,unknown,FOD-03,1,38000,38000,credit card,nan
3357,SUN-40804,2024-01-24,Matcha_Berry_Latte,drinks,nan,1,28000,28000,credit card,take away
3358,missing,2024-12-18,Lotus Biscoff Cheesecake,desserts,DST-03,2,25000,50000,credit card,take away
3359,SUN-36692,2024-12-21,missing,desserts,DST-03,2,25000,50000,digital wallet,dine in
3360,SUN-41087,2024-08-03,Mineral_Water,drinks,DRK-07,1,26000,26000,nan,take away
3361,SUN-40618,2024-12-16,error,drinks,DRK-01,2,25000,50000,cash,online shop
3362,SUN-44768,2024-02-29,Lemonade_Espresso_Tonic,drinks,DRK-05,2,24000,48000,digital wallet,take away
3363,SUN-45901,2024-11-18,Strawberry_Mojito_Mocktail,drinks,DRK-06,4,27000,108000,cash,take away
3364,SUN-39291,2024-07-23,Grilled Chicken Mentai Rice,food,nan,3,42000,126000,digital wallet,dine in
3365,SUN-45077,2024-12-07,Nasi Goreng Kampung Premium,food,FOD-02,3,unknown,96000,digital wallet,online shop
3366,SUN-43520,2024-06-29,unknown,drinks,DRK-07,3,26000,78000,digital wallet,take away
3367,SUN-40341,2024-02-26,Fudgy Brownie With Ice Cream,desserts,DST-02,2,18000,36000,credit card,dine in
3368,SUN-35455,2024-02-09,Earl_Grey_Milk_Tea,drinks,DRK-04,3,24000,72000,credit card,take away
3369,SUN-48341,2024-11-30,Lotus Biscoff Cheesecake,desserts,DST-03,3,25000,75000,digital wallet,take away
3370,SUN-46374,2024-04-10,Strawberry_Mojito_Mocktail,drinks,DRK-06,4,27000,108000,digital wallet,missing
3371,error,2024-04-27,Truffle Fries & Sausage,food,FOD-01,2,10000,20000,nan,online shop
3372,SUN-33976,2024-05-23,Matcha_Berry_Latte,drinks,DRK-03,1,28000,28000,cash,dine in
3373,SUN-42984,2024-05-14,error,food,FOD-01,3,10000,30000,cash,dine in
3374,SUN-35651,2024-05-27,Mineral_Water,drinks,DRK-07,4,26000,104000,unknown,dine in
3375,SUN-41263,2024-01-21,missing,drinks,DRK-01,1,25000,25000,digital wallet,online shop
3376,SUN-38759,2024-12-04,Grilled Chicken Mentai Rice,food,FOD-04,missing,42000,42000,credit card,online shop
3377,SUN-37039,2024-11-29,error,drinks,DRK-05,2,24000,48000,cash,dine in
3378,SUN-32363,2024-10-25,missing,desserts,DST-01,4,45000,error,cash,online shop
3379,SUN-39093,2024-09-01,Creamy Spaghetti Carbonara,food,FOD-03,2,38000,76000,digital wallet,online shop
3380,SUN-40711,2024-06-02,Matcha_Berry_Latte,drinks,DRK-03,4,28000,missing,nan,online shop
3381,SUN-45897,2024-12-04,Cinnamon Roll,desserts,DST-04,1,35000,35000,credit card,dine in
3382,SUN-41033,2024-03-18,nan,drinks,DRK-02,4,22000,88000,cash,take away
3383,SUN-34204,2024-12-30,nan,drinks,DRK-03,1,error,28000,cash,take away
3384,SUN-46967,2024-09-10,Nasi Goreng Kampung Premium,food,FOD-02,4,32000,128000,credit card,unknown
3385,SUN-41914,2024-09-23,missing,food,missing,unknown,10000,30000,digital wallet,take away
3386,SUN-34443,2024-09-07,Matcha_Berry_Latte,drinks,DRK-03,3,28000,84000,nan,missing
3387,error,2024-08-10,Strawberry_Mojito_Mocktail,drinks,DRK-06,1,27000,nan,credit card,dine in
3388,SUN-34523,2024-02-17,Creamy Spaghetti Carbonara,food,FOD-03,4,38000,152000,digital wallet,dine in
3389,SUN-39052,2024-08-03,unknown,desserts,DST-05,4,22000,88000,digital wallet,take away
3390,SUN-35449,2024-11-18,nan,food,FOD-01,unknown,10000,10000,credit card,online shop
3391,SUN-33497,2024-03-01,Hot_Americano,drinks,DRK-02,1,22000,22000,cash,dine in
3392,nan,2024-03-09,Truffle Fries & Sausage,food,FOD-01,unknown,10000,40000,credit card,dine in
3393,SUN-33353,2024-06-18,Grilled Chicken Mentai Rice,food,FOD-04,1,42000,42000,digital wallet,dine in
3394,SUN-31064,2024-12-02,Lemonade_Espresso_Tonic,drinks,DRK-05,1,24000,24000,digital wallet,dine in
3395,SUN-36053,2024-08-01,Truffle Fries & Sausage,food,FOD-01,3,10000,30000,unknown,take away
3396,SUN-48837,2024-12-22,missing,food,FOD-03,2,38000,76000,digital wallet,dine in
3397,SUN-47463,2024-06-08,Fudgy Brownie With Ice Cream,desserts,DST-02,1,18000,18000,cash,unknown
3398,missing,2024-01-05,error,drinks,DRK-07,4,26000,104000,cash,dine in
3399,SUN-46734,2024-11-16,Butter Croissant,desserts,DST-01,2,45000,90000,digital wallet,dine in
3400,SUN-49368,2024-01-07,Truffle Fries & Sausage,food,FOD-01,error,10000,20000,digital wallet,take away
3401,SUN-47597,2024-06-18,Nasi Goreng Kampung Premium,food,unknown,2,32000,nan,error,dine in
3402,SUN-37764,2024-11-03,Earl_Grey_Milk_Tea,drinks,DRK-04,2,24000,48000,missing,online shop
3403,SUN-43118,2024-01-20,nan,desserts,DST-03,2,missing,missing,digital wallet,online shop
3404,SUN-42269,2024-10-17,Matcha_Berry_Latte,drinks,nan,1,unknown,28000,cash,take away
3405,SUN-43809,2024-03-19,Creamy Spaghetti Carbonara,food,FOD-03,1,38000,38000,cash,take away
3406,SUN-36435,2024-08-23,nan,food,FOD-05,1,40000,40000,credit card,dine in
3407,SUN-46484,2024-07-20,Lotus Biscoff Cheesecake,desserts,DST-03,4,error,100000,error,dine in
3408,SUN-41456,2024-10-17,Iced_Aren_Latte,error,DRK-01,unknown,25000,100000,digital wallet,online shop
3409,missing,2024-09-27,Creamy Spaghetti Carbonara,food,FOD-03,unknown,38000,76000,digital wallet,take away
3410,SUN-30875,2024-10-02,Cinnamon Roll,desserts,DST-04,3,35000,105000,unknown,missing
3411,unknown,2024-11-25,Fudgy Brownie With Ice Cream,desserts,DST-02,1,18000,18000,digital wallet,online shop
3412,SUN-39191,2024-12-25,Iced_Aren_Latte,drinks,DRK-01,4,25000,100000,digital wallet,take away
3413,SUN-39747,2024-06-03,nan,desserts,nan,4,nan,180000,missing,online shop
3414,SUN-42807,2024-09-04,Cinnamon Roll,desserts,DST-04,3,35000,105000,credit card,online shop
3415,SUN-31684,2024-09-07,Tiramisu Tres Leches,desserts,DST-05,1,22000,22000,cash,online shop
3416,SUN-43434,2024-12-11,unknown,food,FOD-01,2,10000,20000,cash,take away
3417,SUN-43116,2024-02-11,Lemonade_Espresso_Tonic,drinks,DRK-05,error,24000,72000,cash,dine in
3418,SUN-44483,2024-03-24,nan,food,FOD-03,unknown,38000,error,credit card,take away
3419,SUN-31438,2024-05-30,nan,drinks,DRK-05,3,24000,72000,cash,dine in
3420,SUN-30664,2024-10-04,Fudgy Brownie With Ice Cream,desserts,nan,4,18000,72000,credit card,error
3421,SUN-38095,2024-05-04,Tiramisu Tres Leches,desserts,DST-05,3,22000,66000,digital wallet,take away
3422,SUN-35473,2024-07-24,Strawberry_Mojito_Mocktail,drinks,DRK-06,1,27000,27000,credit card,take away
3423,SUN-49594,2024-12-30,error,desserts,DST-01,4,45000,180000,cash,online shop
3424,nan,2024-03-24,Butter Croissant,desserts,DST-01,nan,45000,90000,missing,online shop
3425,SUN-33527,2024-02-23,Creamy Spaghetti Carbonara,food,FOD-03,1,38000,38000,cash,error
3426,SUN-46440,2024-10-08,Butter Croissant,desserts,DST-01,4,45000,180000,digital wallet,online shop
3427,SUN-44713,2024-08-15,Classic_Beef_Burger,food,FOD-05,missing,40000,error,nan,unknown
3428,SUN-46488,2024-10-17,Tiramisu Tres Leches,desserts,DST-05,2,22000,44000,cash,online shop
3429,SUN-39683,2024-09-24,Mineral_Water,drinks,DRK-07,2,26000,52000,cash,dine in
3430,nan,2024-08-24,nan,drinks,DRK-04,error,24000,error,credit card,online shop
3431,SUN-45701,2024-01-04,Hot_Americano,drinks,DRK-02,2,22000,44000,credit card,online shop
3432,SUN-32463,2024-05-09,Lotus Biscoff Cheesecake,desserts,DST-03,4,25000,unknown,credit card,error
3433,SUN-41749,2024-07-03,Mineral_Water,drinks,DRK-07,1,26000,unknown,digital wallet,online shop
3434,SUN-37205,2024-05-29,nan,food,FOD-03,1,38000,38000,credit card,online shop
3435,SUN-42948,2024-11-10,Fudgy Brownie With Ice Cream,desserts,DST-02,4,18000,72000,cash,online shop
3436,SUN-43039,2024-02-20,Butter Croissant,desserts,DST-01,2,45000,90000,digital wallet,dine in
3437,SUN-42836,2024-04-16,Tiramisu Tres Leches,desserts,DST-05,1,22000,22000,cash,dine in
3438,SUN-36617,2024-03-08,Strawberry_Mojito_Mocktail,drinks,nan,3,27000,81000,credit card,take away
3439,SUN-31643,2024-08-20,Tiramisu Tres Leches,desserts,DST-05,2,22000,44000,cash,online shop
3440,SUN-41599,2024-02-02,unknown,drinks,DRK-04,unknown,24000,96000,credit card,nan
3441,SUN-37222,2024-08-05,missing,missing,FOD-01,3,10000,30000,digital wallet,take away
3442,SUN-43965,2024-03-19,Mineral_Water,drinks,DRK-07,4,26000,104000,cash,online shop
3443,SUN-49825,2024-12-12,Hot_Americano,drinks,DRK-02,1,22000,unknown,unknown,online shop
3444,SUN-43394,2024-03-18,missing,drinks,DRK-01,3,25000,missing,cash,error
3445,SUN-49973,2024-11-11,Matcha_Berry_Latte,drinks,DRK-03,4,28000,112000,digital wallet,online shop
3446,SUN-47107,2024-01-04,Strawberry_Mojito_Mocktail,drinks,DRK-06,3,27000,81000,digital wallet,online shop
3447,SUN-48312,2024-03-31,Iced_Aren_Latte,drinks,DRK-01,2,missing,50000,digital wallet,online shop
3448,SUN-35509,2024-08-18,Lotus Biscoff Cheesecake,missing,DST-03,3,25000,missing,credit card,dine in
3449,SUN-40568,2024-04-08,Lemonade_Espresso_Tonic,drinks,DRK-05,2,24000,48000,credit card,take away
3450,SUN-43542,2024-04-21,Creamy Spaghetti Carbonara,food,FOD-03,1,38000,nan,credit card,error
3451,SUN-49003,2024-09-15,Cinnamon Roll,desserts,DST-04,error,35000,35000,credit card,online shop
3452,SUN-45228,2024-02-29,Butter Croissant,desserts,DST-01,3,missing,135000,cash,nan
3453,SUN-42104,nan,Earl_Grey_Milk_Tea,drinks,DRK-04,2,24000,48000,credit card,nan
3454,SUN-45438,2024-04-07,nan,unknown,unknown,4,35000,140000,cash,error
3455,SUN-39640,2024-03-05,Matcha_Berry_Latte,drinks,unknown,2,28000,56000,digital wallet,take away
3456,SUN-47735,2024-09-24,Lotus Biscoff Cheesecake,desserts,DST-03,4,25000,100000,cash,dine in
3457,missing,2024-12-12,Earl_Grey_Milk_Tea,nan,DRK-04,3,24000,72000,digital wallet,online shop
3458,missing,2024-01-31,Mineral_Water,drinks,DRK-07,4,26000,104000,credit card,online shop
3459,SUN-41499,2024-10-25,Nasi Goreng Kampung Premium,food,FOD-02,1,32000,32000,missing,dine in
3460,SUN-49043,2024-03-17,missing,drinks,DRK-03,3,28000,84000,missing,missing
3461,SUN-46937,2024-04-10,Lotus Biscoff Cheesecake,desserts,DST-03,2,missing,unknown,digital wallet,online shop
3462,SUN-37900,2024-10-14,Lotus Biscoff Cheesecake,desserts,DST-03,unknown,25000,75000,credit card,dine in
3463,missing,2024-07-19,Tiramisu Tres Leches,desserts,DST-05,2,22000,44000,cash,online shop
3464,SUN-39067,2024-02-06,Cinnamon Roll,desserts,DST-04,1,35000,35000,cash,take away
3465,SUN-30020,2024-05-09,Butter Croissant,desserts,DST-01,4,45000,180000,cash,dine in
3466,SUN-43195,2024-12-12,Strawberry_Mojito_Mocktail,drinks,DRK-06,nan,27000,54000,credit card,dine in
3467,SUN-30487,2024-03-19,missing,desserts,DST-03,3,nan,75000,cash,dine in
3468,SUN-32062,2024-03-20,Matcha_Berry_Latte,drinks,DRK-03,1,28000,28000,credit card,dine in
3469,SUN-35192,2024-06-13,unknown,missing,FOD-03,3,38000,114000,cash,online shop
3470,SUN-48947,2024-05-04,error,food,FOD-05,4,missing,160000,cash,online shop
3471,SUN-36404,2024-03-12,Iced_Aren_Latte,drinks,DRK-01,2,25000,50000,cash,online shop
3472,SUN-38195,2024-02-03,Earl_Grey_Milk_Tea,drinks,DRK-04,unknown,24000,96000,credit card,take away
3473,SUN-41512,2024-03-13,Butter Croissant,missing,DST-01,missing,45000,90000,cash,take away
3474,SUN-36416,unknown,Mineral_Water,drinks,DRK-07,4,26000,104000,digital wallet,dine in
3475,SUN-48634,2024-07-21,Mineral_Water,nan,DRK-07,4,26000,104000,cash,online shop
3476,SUN-45590,2024-07-03,Nasi Goreng Kampung Premium,food,FOD-02,error,32000,64000,digital wallet,online shop
3477,SUN-39811,2024-09-08,Mineral_Water,drinks,DRK-07,2,nan,52000,unknown,dine in
3478,SUN-35320,2024-02-27,Classic_Beef_Burger,food,FOD-05,1,40000,40000,cash,dine in
3479,SUN-37228,2024-02-12,Grilled Chicken Mentai Rice,food,FOD-04,nan,42000,168000,credit card,missing
3480,SUN-44698,2024-05-02,Matcha_Berry_Latte,drinks,DRK-03,2,28000,56000,digital wallet,dine in
3481,SUN-34000,2024-08-18,Tiramisu Tres Leches,desserts,DST-05,3,22000,66000,missing,take away
3482,SUN-48880,2024-10-27,Hot_Americano,drinks,DRK-02,unknown,22000,44000,credit card,online shop
3483,SUN-34081,2024-12-11,Creamy Spaghetti Carbonara,food,missing,4,38000,152000,digital wallet,dine in
3484,SUN-36510,2024-01-12,Tiramisu Tres Leches,desserts,DST-05,4,22000,88000,digital wallet,online shop
3485,SUN-47662,2024-10-27,Nasi Goreng Kampung Premium,food,FOD-02,3,32000,error,nan,online shop
3486,SUN-33434,2024-03-25,Iced_Aren_Latte,drinks,DRK-01,3,missing,75000,nan,online shop
3487,SUN-44603,2024-10-14,Fudgy Brownie With Ice Cream,unknown,DST-02,4,18000,72000,cash,dine in
3488,SUN-45415,2024-08-18,unknown,food,FOD-05,3,40000,120000,cash,online shop
3489,SUN-44074,2024-03-19,Matcha_Berry_Latte,drinks,DRK-03,4,28000,112000,digital wallet,take away
3490,error,2024-11-16,Strawberry_Mojito_Mocktail,unknown,DRK-06,3,27000,81000,missing,dine in
3491,SUN-46411,2024-01-27,Hot_Americano,unknown,DRK-02,error,22000,missing,credit card,dine in
3492,SUN-40678,2024-07-06,Truffle Fries & Sausage,food,FOD-01,missing,10000,40000,cash,online shop
3493,SUN-49646,2024-05-11,Mineral_Water,nan,DRK-07,2,26000,unknown,cash,dine in
3494,SUN-31823,2024-04-26,Lemonade_Espresso_Tonic,drinks,DRK-05,2,24000,48000,cash,take away
3495,SUN-32825,2024-06-11,Iced_Aren_Latte,drinks,DRK-01,4,25000,100000,credit card,unknown
3496,SUN-40487,2024-11-27,Strawberry_Mojito_Mocktail,drinks,DRK-06,1,27000,27000,credit card,dine in
3497,SUN-46651,2024-03-22,nan,desserts,DST-03,2,25000,50000,credit card,take away
3498,SUN-31862,2024-07-12,Mineral_Water,drinks,DRK-07,2,26000,52000,digital wallet,dine in
3499,SUN-35753,2024-03-10,error,desserts,DST-03,4,missing,100000,cash,unknown
3500,SUN-41857,error,missing,desserts,DST-05,4,22000,88000,credit card,take away
3501,SUN-46239,2024-03-20,Butter Croissant,desserts,DST-01,1,45000,45000,credit card,online shop
3502,SUN-31722,2024-12-26,Butter Croissant,missing,DST-01,error,45000,180000,credit card,online shop
3503,error,2024-03-05,missing,desserts,DST-03,2,25000,50000,digital wallet,dine in
3504,SUN-33014,2024-10-26,Fudgy Brownie With Ice Cream,desserts,DST-02,1,18000,18000,cash,take away
3505,SUN-44376,2024-01-11,Grilled Chicken Mentai Rice,food,FOD-04,2,42000,84000,missing,online shop
3506,SUN-30056,2024-11-12,Matcha_Berry_Latte,error,DRK-03,2,28000,56000,missing,dine in
3507,SUN-32323,2024-01-19,Earl_Grey_Milk_Tea,drinks,DRK-04,2,24000,48000,digital wallet,online shop
3508,SUN-48005,2024-01-10,error,drinks,DRK-07,2,26000,52000,digital wallet,online shop
3509,SUN-30700,2024-02-01,Mineral_Water,drinks,DRK-07,1,26000,26000,credit card,take away
3510,SUN-49689,2024-01-20,Butter Croissant,desserts,DST-01,4,45000,180000,cash,online shop
3511,SUN-34649,2024-08-17,Mineral_Water,drinks,DRK-07,unknown,26000,104000,cash,take away
3512,SUN-34773,2024-03-12,Tiramisu Tres Leches,desserts,DST-05,2,22000,44000,cash,take away
3513,SUN-40453,2024-02-02,Grilled Chicken Mentai Rice,food,FOD-04,3,42000,126000,missing,dine in
3514,SUN-36215,2024-09-27,Matcha_Berry_Latte,drinks,DRK-03,2,28000,56000,missing,take away
3515,SUN-40098,2024-02-13,missing,missing,DRK-05,2,24000,48000,cash,online shop
3516,SUN-46879,2024-09-09,Iced_Aren_Latte,nan,DRK-01,1,25000,25000,cash,nan
3517,SUN-38825,2024-05-18,Classic_Beef_Burger,food,FOD-05,3,40000,120000,credit card,dine in
3518,SUN-30749,2024-01-26,Grilled Chicken Mentai Rice,food,FOD-04,3,42000,126000,digital wallet,take away
3519,SUN-38115,2024-08-05,Strawberry_Mojito_Mocktail,drinks,DRK-06,unknown,27000,108000,nan,nan
3520,SUN-46028,2024-07-01,Classic_Beef_Burger,food,FOD-05,4,40000,unknown,digital wallet,take away
3521,SUN-49759,2024-10-21,Strawberry_Mojito_Mocktail,drinks,nan,3,27000,81000,credit card,dine in
3522,SUN-41604,2024-06-07,error,drinks,DRK-06,3,27000,81000,cash,online shop
3523,SUN-47098,2024-09-26,Iced_Aren_Latte,nan,nan,1,25000,unknown,cash,dine in
3524,SUN-41569,2024-06-16,Mineral_Water,drinks,DRK-07,2,26000,52000,digital wallet,online shop
3525,SUN-46633,2024-06-29,Butter Croissant,desserts,DST-01,unknown,45000,error,digital wallet,unknown
3526,SUN-46155,2024-03-25,Lotus Biscoff Cheesecake,desserts,DST-03,4,25000,100000,credit card,online shop
3527,SUN-34905,2024-02-22,Lotus Biscoff Cheesecake,desserts,DST-03,4,25000,100000,cash,online shop
3528,nan,2024-02-24,Fudgy Brownie With Ice Cream,desserts,DST-02,2,18000,36000,unknown,online shop
3529,SUN-30070,2024-02-27,Lotus Biscoff Cheesecake,desserts,DST-03,3,25000,75000,error,take away
3530,SUN-38720,2024-11-15,Matcha_Berry_Latte,drinks,error,4,28000,error,credit card,online shop
3531,SUN-47694,2024-12-25,Lemonade_Espresso_Tonic,drinks,DRK-05,3,24000,72000,credit card,online shop
3532,SUN-35117,2024-07-14,Matcha_Berry_Latte,drinks,DRK-03,3,28000,84000,unknown,missing
3533,SUN-38273,2024-04-21,Fudgy Brownie With Ice Cream,desserts,DST-02,1,18000,18000,unknown,online shop
3534,SUN-43075,2024-10-19,nan,desserts,DST-04,4,35000,140000,cash,error
3535,SUN-47847,2024-05-26,Truffle Fries & Sausage,food,FOD-01,1,10000,10000,error,dine in
3536,SUN-36406,2024-09-01,unknown,drinks,DRK-06,1,27000,27000,cash,online shop
3537,SUN-36413,2024-10-22,Lemonade_Espresso_Tonic,drinks,unknown,1,24000,nan,credit card,online shop
3538,SUN-39154,2024-10-15,Truffle Fries & Sausage,food,FOD-01,1,10000,10000,credit card,online shop
3539,SUN-49483,2024-03-11,Lotus Biscoff Cheesecake,desserts,DST-03,2,unknown,50000,cash,online shop
3540,SUN-31716,2024-09-19,Matcha_Berry_Latte,nan,DRK-03,1,28000,28000,digital wallet,online shop
3541,SUN-47951,2024-01-16,Matcha_Berry_Latte,drinks,DRK-03,3,28000,84000,missing,dine in
3542,SUN-48433,2024-01-09,Iced_Aren_Latte,drinks,DRK-01,2,25000,50000,missing,dine in
3543,SUN-40980,2024-08-24,error,drinks,DRK-05,2,24000,48000,cash,error
3544,SUN-37099,2024-07-30,Nasi Goreng Kampung Premium,food,FOD-02,4,32000,missing,digital wallet,dine in
3545,SUN-35878,2024-12-13,missing,drinks,DRK-01,3,25000,75000,credit card,missing
3546,SUN-49557,2024-11-25,Classic_Beef_Burger,missing,FOD-05,3,40000,120000,missing,online shop
3547,SUN-35890,2024-12-13,Classic_Beef_Burger,food,FOD-05,unknown,40000,80000,credit card,online shop
3548,SUN-33273,2024-09-28,Strawberry_Mojito_Mocktail,drinks,DRK-06,4,27000,unknown,unknown,take away
3549,SUN-32259,2024-09-03,Iced_Aren_Latte,drinks,DRK-01,3,25000,75000,digital wallet,take away
3550,SUN-36928,2024-05-10,Lemonade_Espresso_Tonic,drinks,DRK-05,4,24000,96000,digital wallet,dine in
3551,error,2024-04-19,Mineral_Water,drinks,DRK-07,4,missing,104000,digital wallet,missing
3552,SUN-49463,2024-08-08,Lotus Biscoff Cheesecake,desserts,DST-03,1,25000,25000,cash,online shop
3553,SUN-49341,2024-03-11,Creamy Spaghetti Carbonara,food,FOD-03,1,38000,38000,error,dine in
3554,SUN-39662,2024-04-11,Lemonade_Espresso_Tonic,missing,DRK-05,4,24000,96000,missing,missing
3555,SUN-42204,2024-10-14,Classic_Beef_Burger,error,FOD-05,3,40000,120000,credit card,nan
3556,SUN-30567,2024-08-13,unknown,missing,missing,2,24000,48000,unknown,take away
3557,SUN-35838,2024-06-07,Matcha_Berry_Latte,drinks,DRK-03,3,28000,84000,credit card,dine in
3558,SUN-34030,2024-11-30,Matcha_Berry_Latte,drinks,DRK-03,2,28000,56000,digital wallet,online shop
3559,error,2024-07-29,Classic_Beef_Burger,food,FOD-05,1,40000,40000,missing,take away
3560,SUN-38382,2024-09-15,Butter Croissant,unknown,DST-01,1,45000,45000,unknown,take away
3561,unknown,2024-12-31,Strawberry_Mojito_Mocktail,drinks,DRK-06,4,27000,108000,missing,take away
3562,SUN-43462,2024-08-20,Strawberry_Mojito_Mocktail,drinks,DRK-06,nan,27000,nan,nan,online shop
3563,SUN-33874,2024-04-27,Iced_Aren_Latte,drinks,DRK-01,error,25000,25000,credit card,online shop
3564,SUN-43748,2024-08-15,Iced_Aren_Latte,drinks,error,1,25000,25000,cash,unknown
3565,SUN-41716,2024-10-28,Iced_Aren_Latte,drinks,error,4,25000,error,cash,dine in
3566,SUN-46931,2024-03-01,Fudgy Brownie With Ice Cream,desserts,DST-02,2,18000,missing,cash,take away
3567,SUN-42206,2024-05-18,missing,drinks,nan,1,27000,27000,digital wallet,online shop
3568,SUN-40806,2024-05-14,Matcha_Berry_Latte,drinks,DRK-03,2,28000,56000,digital wallet,take away
3569,SUN-35300,2024-05-28,Lotus Biscoff Cheesecake,desserts,DST-03,2,25000,50000,digital wallet,online shop
3570,SUN-38546,2024-07-10,Fudgy Brownie With Ice Cream,desserts,DST-02,2,18000,36000,digital wallet,take away
3571,SUN-38952,2024-11-19,Tiramisu Tres Leches,desserts,DST-05,2,22000,nan,credit card,take away
3572,SUN-32299,2024-06-04,Nasi Goreng Kampung Premium,nan,FOD-02,unknown,32000,96000,digital wallet,error
3573,SUN-45113,2024-03-12,Tiramisu Tres Leches,desserts,DST-05,3,22000,missing,digital wallet,take away
3574,SUN-35589,2024-11-10,Grilled Chicken Mentai Rice,food,FOD-04,nan,42000,84000,digital wallet,dine in
3575,SUN-38508,2024-11-29,Iced_Aren_Latte,drinks,unknown,3,25000,75000,digital wallet,dine in
3576,SUN-36152,2024-07-03,Nasi Goreng Kampung Premium,food,FOD-02,4,nan,missing,credit card,error
3577,SUN-42432,2024-05-31,Hot_Americano,drinks,DRK-02,1,22000,unknown,cash,take away
3578,SUN-37627,2024-07-16,Butter Croissant,missing,DST-01,error,45000,45000,digital wallet,online shop
3579,SUN-36043,2024-10-30,error,food,FOD-02,4,32000,nan,digital wallet,error
3580,SUN-38098,2024-05-06,missing,desserts,missing,1,25000,error,digital wallet,dine in
3581,SUN-46212,2024-09-13,Matcha_Berry_Latte,drinks,DRK-03,3,28000,nan,credit card,error
3582,SUN-44931,2024-04-24,Lotus Biscoff Cheesecake,desserts,DST-03,1,25000,25000,digital wallet,dine in
3583,missing,2024-10-16,Lotus Biscoff Cheesecake,desserts,DST-03,4,25000,100000,cash,online shop
3584,SUN-31485,2024-05-21,Lotus Biscoff Cheesecake,desserts,DST-03,2,25000,50000,digital wallet,online shop
3585,SUN-33605,2024-04-23,Strawberry_Mojito_Mocktail,error,DRK-06,1,27000,27000,error,online shop
3586,SUN-36904,2024-04-18,Lotus Biscoff Cheesecake,desserts,DST-03,2,nan,50000,nan,dine in
3587,SUN-47390,2024-05-14,nan,drinks,DRK-06,2,27000,54000,credit card,dine in
3588,SUN-44512,2024-08-20,Cinnamon Roll,desserts,DST-04,4,35000,140000,cash,take away
3589,SUN-42728,2024-10-25,Tiramisu Tres Leches,desserts,DST-05,4,22000,88000,credit card,online shop
3590,SUN-38214,2024-07-20,Lemonade_Espresso_Tonic,drinks,DRK-05,2,24000,48000,credit card,take away
3591,unknown,2024-04-15,Lotus Biscoff Cheesecake,desserts,error,missing,25000,75000,cash,online shop
3592,SUN-32877,2024-02-24,missing,food,FOD-05,3,40000,120000,credit card,dine in
3593,SUN-46389,2024-10-11,Earl_Grey_Milk_Tea,missing,DRK-04,3,24000,72000,nan,dine in
3594,nan,2024-03-27,error,drinks,DRK-06,1,27000,27000,cash,online shop
3595,SUN-41290,2024-12-03,Iced_Aren_Latte,drinks,unknown,2,missing,unknown,credit card,take away
3596,SUN-48545,2024-06-13,Tiramisu Tres Leches,desserts,DST-05,missing,22000,66000,cash,dine in
3597,SUN-43784,2024-09-26,Earl_Grey_Milk_Tea,drinks,DRK-04,4,24000,96000,cash,dine in
3598,SUN-38039,2024-02-25,missing,unknown,DST-05,2,nan,44000,nan,take away
3599,SUN-47550,2024-10-25,Fudgy Brownie With Ice Cream,desserts,DST-02,1,18000,18000,digital wallet,dine in
3600,nan,2024-01-28,Fudgy Brownie With Ice Cream,desserts,DST-02,4,18000,72000,digital wallet,nan
3601,SUN-44231,2024-05-23,Iced_Aren_Latte,drinks,DRK-01,4,25000,100000,credit card,dine in
3602,SUN-33231,2024-09-29,error,food,FOD-01,1,10000,10000,nan,take away
3603,SUN-38892,2024-09-21,Lemonade_Espresso_Tonic,drinks,DRK-05,2,24000,48000,credit card,take away
3604,SUN-46806,2024-03-15,missing,food,FOD-04,nan,42000,42000,cash,dine in
3605,nan,2024-01-24,Lemonade_Espresso_Tonic,drinks,DRK-05,4,missing,96000,unknown,error
3606,SUN-31191,2024-11-22,unknown,food,FOD-01,4,10000,40000,missing,online shop
3607,SUN-44118,2024-07-20,Strawberry_Mojito_Mocktail,drinks,DRK-06,2,27000,54000,digital wallet,take away
3608,SUN-34650,2024-07-07,nan,desserts,DST-04,4,35000,140000,digital wallet,online shop
3609,SUN-41308,2024-11-01,missing,desserts,DST-01,4,45000,180000,cash,take away
3610,SUN-40823,2024-12-17,Hot_Americano,drinks,DRK-02,3,22000,66000,credit card,dine in
3611,SUN-49125,2024-08-08,nan,drinks,DRK-01,1,25000,25000,digital wallet,take away
3612,SUN-41765,2024-11-05,Mineral_Water,unknown,missing,3,error,78000,error,online shop
3613,SUN-47290,2024-04-05,Matcha_Berry_Latte,drinks,DRK-03,2,28000,56000,cash,take away
3614,SUN-45204,2024-08-23,Nasi Goreng Kampung Premium,food,FOD-02,2,32000,missing,nan,take away
3615,SUN-34713,2024-08-10,Strawberry_Mojito_Mocktail,drinks,DRK-06,4,27000,108000,error,unknown
3616,SUN-30936,2024-04-27,Earl_Grey_Milk_Tea,drinks,DRK-04,nan,24000,48000,cash,online shop
3617,SUN-30924,2024-02-01,Classic_Beef_Burger,food,FOD-05,4,40000,160000,cash,missing
3618,SUN-38620,2024-03-09,Cinnamon Roll,desserts,DST-04,2,35000,unknown,missing,take away
3619,SUN-39387,2024-01-08,Earl_Grey_Milk_Tea,drinks,DRK-04,3,24000,72000,digital wallet,online shop
3620,nan,2024-01-20,Mineral_Water,drinks,DRK-07,2,26000,52000,cash,online shop
3621,SUN-35073,2024-05-03,Cinnamon Roll,desserts,DST-04,1,35000,35000,credit card,take away
3622,SUN-43828,2024-12-28,Classic_Beef_Burger,food,FOD-05,1,40000,40000,cash,online shop
3623,SUN-35231,2024-01-07,Lotus Biscoff Cheesecake,desserts,unknown,3,25000,75000,digital wallet,take away
3624,SUN-32369,2024-11-13,Tiramisu Tres Leches,desserts,DST-05,1,22000,22000,cash,dine in
3625,SUN-44490,2024-08-18,Lemonade_Espresso_Tonic,unknown,DRK-05,3,24000,72000,error,online shop
3626,SUN-44265,2024-02-11,Nasi Goreng Kampung Premium,food,FOD-02,3,32000,96000,error,take away
3627,SUN-34856,2024-08-27,Strawberry_Mojito_Mocktail,drinks,DRK-06,1,error,unknown,digital wallet,dine in
3628,SUN-47351,2024-12-26,Strawberry_Mojito_Mocktail,drinks,DRK-06,2,27000,54000,cash,dine in
3629,SUN-37906,2024-06-19,unknown,desserts,DST-04,1,35000,missing,unknown,dine in
3630,SUN-46026,2024-01-14,Butter Croissant,desserts,DST-01,1,45000,45000,digital wallet,dine in
3631,SUN-32406,2024-04-01,Grilled Chicken Mentai Rice,food,FOD-04,3,42000,126000,digital wallet,missing
3632,SUN-37202,2024-06-24,Butter Croissant,desserts,DST-01,4,45000,180000,cash,dine in
3633,SUN-35631,2024-02-19,Grilled Chicken Mentai Rice,food,FOD-04,1,42000,42000,cash,error
3634,SUN-46929,2024-12-23,error,drinks,DRK-07,2,26000,52000,cash,take away
3635,nan,2024-07-18,Iced_Aren_Latte,nan,DRK-01,4,25000,100000,credit card,take away
3636,SUN-31840,2024-10-19,Nasi Goreng Kampung Premium,food,FOD-02,4,nan,missing,cash,dine in
3637,SUN-44391,2024-12-12,Nasi Goreng Kampung Premium,food,FOD-02,4,missing,128000,digital wallet,take away
3638,SUN-33428,missing,Matcha_Berry_Latte,drinks,DRK-03,1,error,28000,cash,unknown
3639,SUN-39670,2024-10-19,missing,food,FOD-02,4,32000,128000,unknown,missing
3640,SUN-44978,2024-04-23,error,drinks,DRK-02,unknown,22000,nan,digital wallet,take away
3641,SUN-37134,2024-04-12,Cinnamon Roll,desserts,DST-04,4,35000,missing,credit card,take away
3642,SUN-37897,2024-01-21,Classic_Beef_Burger,food,FOD-05,4,40000,error,missing,take away
3643,SUN-49990,2024-04-09,Lemonade_Espresso_Tonic,drinks,DRK-05,nan,24000,48000,unknown,online shop
3644,SUN-34040,2024-07-03,Mineral_Water,error,unknown,4,26000,error,cash,dine in
3645,SUN-35410,2024-08-16,Earl_Grey_Milk_Tea,drinks,DRK-04,1,24000,24000,error,dine in
3646,SUN-40414,2024-12-21,Mineral_Water,missing,error,3,26000,78000,digital wallet,take away
3647,SUN-42890,2024-10-20,Nasi Goreng Kampung Premium,food,FOD-02,3,missing,96000,digital wallet,dine in
3648,SUN-33489,2024-05-14,Truffle Fries & Sausage,food,FOD-01,4,10000,40000,digital wallet,online shop
3649,SUN-42880,2024-03-19,Classic_Beef_Burger,food,FOD-05,4,40000,160000,cash,online shop
3650,SUN-35864,2024-03-14,Lotus Biscoff Cheesecake,desserts,DST-03,2,nan,50000,digital wallet,online shop
3651,SUN-39542,2024-11-03,Fudgy Brownie With Ice Cream,desserts,nan,3,18000,54000,digital wallet,error
3652,SUN-45229,2024-07-09,Butter Croissant,desserts,DST-01,1,45000,missing,digital wallet,dine in
3653,SUN-34558,2024-11-18,missing,drinks,DRK-07,1,26000,26000,missing,online shop
3654,SUN-48421,2024-02-29,Lotus Biscoff Cheesecake,desserts,DST-03,3,25000,75000,cash,online shop
3655,SUN-30771,2024-09-30,Fudgy Brownie With Ice Cream,desserts,DST-02,1,18000,18000,digital wallet,missing
3656,unknown,2024-03-08,Hot_Americano,drinks,DRK-02,2,22000,44000,digital wallet,dine in
3657,SUN-37546,2024-01-23,Matcha_Berry_Latte,drinks,DRK-03,3,28000,84000,credit card,dine in
3658,SUN-49693,2024-05-11,Strawberry_Mojito_Mocktail,error,DRK-06,4,27000,108000,credit card,online shop
3659,nan,2024-12-11,nan,desserts,missing,1,22000,22000,cash,dine in
3660,SUN-49249,2024-03-01,Earl_Grey_Milk_Tea,missing,DRK-04,unknown,24000,48000,cash,online shop
3661,error,2024-01-23,Truffle Fries & Sausage,food,FOD-01,2,10000,20000,credit card,online shop
3662,SUN-35155,2024-07-14,Tiramisu Tres Leches,desserts,DST-05,1,22000,22000,cash,take away
3663,SUN-36433,2024-10-04,Lemonade_Espresso_Tonic,drinks,DRK-05,2,24000,48000,cash,online shop
3664,SUN-37522,2024-05-01,error,desserts,DST-04,3,35000,105000,credit card,nan
3665,SUN-49705,nan,Classic_Beef_Burger,error,FOD-05,2,40000,80000,digital wallet,dine in
3666,SUN-30962,2024-04-04,Cinnamon Roll,error,DST-04,unknown,35000,70000,digital wallet,take away
3667,SUN-43872,2024-09-03,Cinnamon Roll,desserts,DST-04,4,35000,140000,cash,online shop
3668,nan,2024-12-25,Earl_Grey_Milk_Tea,drinks,missing,2,24000,48000,unknown,nan
3669,SUN-37538,2024-02-08,Creamy Spaghetti Carbonara,error,FOD-03,2,38000,76000,credit card,error
3670,SUN-35551,2024-01-02,Iced_Aren_Latte,drinks,DRK-01,4,25000,100000,nan,take away
3671,SUN-35413,2024-12-02,Fudgy Brownie With Ice Cream,unknown,DST-02,3,18000,54000,digital wallet,online shop
3672,SUN-34200,2024-08-24,error,nan,FOD-01,unknown,10000,20000,credit card,dine in
3673,SUN-34114,2024-01-29,Creamy Spaghetti Carbonara,food,FOD-03,4,38000,152000,credit card,dine in
3674,SUN-47444,2024-08-13,Grilled Chicken Mentai Rice,food,FOD-04,4,42000,168000,credit card,dine in
3675,SUN-34815,2024-07-16,Lemonade_Espresso_Tonic,drinks,DRK-05,3,24000,72000,cash,online shop
3676,SUN-48436,2024-08-08,missing,food,FOD-01,nan,10000,30000,credit card,dine in
3677,SUN-47449,2024-09-21,Classic_Beef_Burger,food,FOD-05,2,40000,unknown,credit card,error
3678,SUN-32330,2024-02-12,Matcha_Berry_Latte,drinks,DRK-03,4,28000,112000,cash,dine in
3679,SUN-44774,2024-12-14,Nasi Goreng Kampung Premium,food,FOD-02,4,32000,unknown,digital wallet,take away
3680,SUN-40345,2024-08-02,Strawberry_Mojito_Mocktail,drinks,error,1,nan,27000,credit card,dine in
3681,SUN-42701,2024-07-22,Grilled Chicken Mentai Rice,food,FOD-04,1,42000,nan,credit card,online shop
3682,SUN-33199,2024-05-24,Tiramisu Tres Leches,desserts,DST-05,2,unknown,44000,cash,online shop
3683,SUN-37207,2024-02-03,nan,drinks,DRK-04,1,24000,24000,cash,dine in
3684,error,2024-11-16,Strawberry_Mojito_Mocktail,drinks,missing,3,27000,81000,credit card,take away
3685,SUN-43428,2024-04-30,Lemonade_Espresso_Tonic,drinks,DRK-05,1,unknown,24000,unknown,take away
3686,SUN-38972,2024-01-09,Hot_Americano,drinks,DRK-02,2,22000,44000,credit card,online shop
3687,SUN-48332,2024-11-07,Tiramisu Tres Leches,desserts,DST-05,3,22000,66000,cash,online shop
3688,SUN-49892,2024-04-08,Butter Croissant,desserts,DST-01,3,45000,135000,missing,take away
3689,SUN-30270,2024-03-09,error,drinks,DRK-07,3,26000,78000,digital wallet,dine in
3690,SUN-38542,2024-01-02,Nasi Goreng Kampung Premium,food,FOD-02,1,32000,32000,cash,dine in
3691,SUN-42518,2024-03-30,Lotus Biscoff Cheesecake,desserts,DST-03,3,25000,75000,cash,online shop
3692,SUN-48018,2024-08-22,unknown,food,FOD-03,4,38000,152000,missing,nan
3693,SUN-32593,2024-06-26,Hot_Americano,drinks,DRK-02,3,nan,nan,digital wallet,online shop
3694,SUN-44077,error,Lotus Biscoff Cheesecake,unknown,DST-03,4,25000,100000,nan,dine in
3695,SUN-49396,2024-05-20,Lemonade_Espresso_Tonic,drinks,DRK-05,3,24000,72000,digital wallet,nan
3696,SUN-40210,2024-08-30,Mineral_Water,drinks,DRK-07,4,26000,104000,credit card,take away
3697,SUN-40437,2024-10-28,Tiramisu Tres Leches,desserts,DST-05,4,22000,88000,cash,error
3698,SUN-46751,2024-06-22,Nasi Goreng Kampung Premium,error,FOD-02,nan,32000,missing,error,take away
3699,SUN-47818,2024-12-16,Butter Croissant,desserts,DST-01,2,45000,90000,digital wallet,take away
3700,SUN-41069,2024-05-09,Fudgy Brownie With Ice Cream,desserts,DST-02,3,18000,54000,digital wallet,online shop
3701,SUN-35107,2024-08-07,Lotus Biscoff Cheesecake,desserts,DST-03,1,25000,25000,digital wallet,take away
3702,unknown,2024-02-20,Earl_Grey_Milk_Tea,drinks,DRK-04,4,24000,error,credit card,take away
3703,SUN-43251,2024-08-07,Tiramisu Tres Leches,desserts,error,1,22000,22000,digital wallet,online shop
3704,SUN-38382,2024-11-11,Creamy Spaghetti Carbonara,food,FOD-03,2,38000,unknown,digital wallet,dine in
3705,SUN-47031,2024-06-25,unknown,drinks,DRK-02,2,22000,44000,error,take away
3706,SUN-41974,2024-02-06,Matcha_Berry_Latte,drinks,DRK-03,4,28000,112000,unknown,online shop
3707,SUN-30097,2024-02-20,Tiramisu Tres Leches,missing,DST-05,unknown,22000,66000,unknown,dine in
3708,SUN-39050,error,Lotus Biscoff Cheesecake,desserts,DST-03,2,25000,nan,credit card,take away
3709,SUN-37972,2024-09-19,Grilled Chicken Mentai Rice,food,FOD-04,2,42000,84000,cash,dine in
3710,SUN-37552,2024-03-06,Creamy Spaghetti Carbonara,missing,FOD-03,2,38000,76000,credit card,online shop
3711,SUN-39538,2024-02-06,error,desserts,error,2,25000,50000,nan,take away
3712,SUN-33612,2024-12-07,Nasi Goreng Kampung Premium,food,FOD-02,1,missing,nan,digital wallet,dine in
3713,SUN-32922,2024-04-20,Truffle Fries & Sausage,food,FOD-01,2,10000,20000,digital wallet,online shop
3714,SUN-39643,2024-07-20,Classic_Beef_Burger,food,FOD-05,missing,40000,120000,credit card,dine in
3715,SUN-31666,2024-03-21,Classic_Beef_Burger,food,FOD-05,3,40000,error,digital wallet,error
3716,SUN-31645,2024-07-12,Creamy Spaghetti Carbonara,food,FOD-03,3,38000,114000,digital wallet,unknown
3717,SUN-48840,2024-08-10,nan,food,FOD-02,4,32000,128000,digital wallet,missing
3718,unknown,2024-01-20,Cinnamon Roll,desserts,DST-04,3,35000,105000,credit card,take away
3719,SUN-48793,2024-12-21,Tiramisu Tres Leches,desserts,DST-05,2,22000,44000,digital wallet,take away
3720,SUN-45003,2024-12-05,Strawberry_Mojito_Mocktail,drinks,nan,1,27000,27000,missing,take away
3721,SUN-39811,2024-09-28,error,drinks,DRK-04,4,24000,96000,cash,dine in
3722,SUN-44277,2024-05-20,Iced_Aren_Latte,drinks,unknown,4,25000,nan,digital wallet,take away
3723,SUN-31308,2024-12-21,Tiramisu Tres Leches,unknown,DST-05,1,22000,22000,unknown,dine in
3724,SUN-47006,2024-06-23,Lemonade_Espresso_Tonic,drinks,DRK-05,3,24000,72000,cash,dine in
3725,unknown,2024-04-03,Fudgy Brownie With Ice Cream,desserts,unknown,4,error,72000,digital wallet,unknown
3726,SUN-48826,2024-08-17,Lemonade_Espresso_Tonic,drinks,error,1,nan,24000,cash,online shop
3727,SUN-34383,2024-11-09,Lotus Biscoff Cheesecake,desserts,DST-03,2,25000,50000,digital wallet,dine in
3728,unknown,2024-05-04,Fudgy Brownie With Ice Cream,desserts,DST-02,1,18000,missing,missing,take away
3729,missing,2024-07-09,Lemonade_Espresso_Tonic,drinks,DRK-05,3,24000,72000,cash,dine in
3730,SUN-45022,2024-09-29,Strawberry_Mojito_Mocktail,drinks,DRK-06,2,27000,54000,credit card,online shop
3731,error,2024-07-19,Matcha_Berry_Latte,drinks,DRK-03,3,unknown,error,digital wallet,online shop
3732,SUN-48419,2024-01-17,Creamy Spaghetti Carbonara,food,FOD-03,4,38000,152000,digital wallet,unknown
3733,SUN-33501,2024-03-05,Classic_Beef_Burger,food,FOD-05,1,40000,40000,digital wallet,take away
3734,SUN-44795,2024-04-15,Grilled Chicken Mentai Rice,unknown,FOD-04,1,unknown,error,digital wallet,take away
3735,nan,2024-12-01,Creamy Spaghetti Carbonara,food,missing,nan,38000,114000,credit card,dine in
3736,SUN-42979,2024-01-12,Lotus Biscoff Cheesecake,desserts,nan,nan,25000,25000,credit card,online shop
3737,SUN-37824,2024-02-05,Lemonade_Espresso_Tonic,drinks,DRK-05,1,24000,missing,digital wallet,online shop
3738,SUN-42687,2024-11-03,Nasi Goreng Kampung Premium,food,FOD-02,1,32000,32000,cash,online shop
3739,SUN-37315,2024-01-31,Nasi Goreng Kampung Premium,food,FOD-02,2,32000,64000,digital wallet,take away
3740,SUN-32355,2024-05-17,Hot_Americano,drinks,DRK-02,2,22000,44000,missing,dine in
3741,SUN-35173,2024-04-02,Butter Croissant,desserts,DST-01,3,45000,135000,digital wallet,dine in
3742,SUN-42339,2024-05-13,Earl_Grey_Milk_Tea,drinks,DRK-04,2,24000,48000,digital wallet,missing
3743,SUN-32828,2024-08-10,Truffle Fries & Sausage,food,FOD-01,4,10000,40000,digital wallet,take away
3744,SUN-30418,2024-01-18,Classic_Beef_Burger,food,FOD-05,4,40000,unknown,digital wallet,missing
3745,SUN-37492,2024-08-21,Creamy Spaghetti Carbonara,food,FOD-03,missing,38000,38000,nan,online shop
3746,SUN-41302,2024-07-07,Mineral_Water,drinks,DRK-07,4,26000,104000,cash,online shop
3747,unknown,2024-11-26,Iced_Aren_Latte,drinks,DRK-01,1,25000,missing,nan,take away
3748,SUN-30643,2024-12-29,Mineral_Water,drinks,DRK-07,2,26000,52000,cash,unknown
3749,SUN-38725,2024-01-20,Mineral_Water,drinks,DRK-07,3,26000,missing,nan,online shop
3750,SUN-32359,2024-08-29,Classic_Beef_Burger,food,error,2,40000,80000,error,missing
3751,SUN-45306,2024-04-05,Grilled Chicken Mentai Rice,food,FOD-04,2,42000,84000,digital wallet,online shop
3752,SUN-38111,2024-10-29,Iced_Aren_Latte,drinks,DRK-01,3,25000,75000,credit card,dine in
3753,SUN-39906,2024-04-16,Lemonade_Espresso_Tonic,drinks,DRK-05,3,24000,72000,credit card,take away
3754,SUN-30285,2024-01-27,Grilled Chicken Mentai Rice,food,FOD-04,1,42000,42000,cash,take away
3755,SUN-43777,2024-04-05,Grilled Chicken Mentai Rice,food,FOD-04,nan,42000,84000,digital wallet,online shop
3756,SUN-32937,2024-04-05,Cinnamon Roll,desserts,DST-04,1,35000,35000,error,dine in
3757,SUN-46915,2024-06-22,nan,food,FOD-01,3,10000,30000,credit card,online shop
3758,SUN-39251,2024-10-07,missing,drinks,DRK-05,2,24000,48000,credit card,take away
3759,SUN-36873,2024-11-24,Truffle Fries & Sausage,food,FOD-01,1,10000,10000,digital wallet,online shop
3760,SUN-38136,2024-06-22,Lemonade_Espresso_Tonic,drinks,DRK-05,4,24000,96000,credit card,online shop
3761,nan,2024-10-19,Fudgy Brownie With Ice Cream,nan,DST-02,3,18000,54000,cash,online shop
3762,SUN-30095,2024-06-30,Butter Croissant,desserts,DST-01,3,45000,missing,cash,take away
3763,SUN-34664,2024-08-30,Butter Croissant,desserts,DST-01,4,45000,180000,credit card,dine in
3764,SUN-42652,2024-07-21,Lemonade_Espresso_Tonic,drinks,DRK-05,2,24000,48000,cash,missing
3765,SUN-33186,2024-06-27,Creamy Spaghetti Carbonara,food,FOD-03,4,38000,152000,cash,dine in
3766,SUN-42832,2024-07-07,Lotus Biscoff Cheesecake,desserts,DST-03,1,25000,25000,digital wallet,dine in
3767,SUN-34939,2024-10-24,Classic_Beef_Burger,food,FOD-05,2,40000,80000,credit card,dine in
3768,error,2024-03-09,unknown,food,FOD-04,1,42000,42000,credit card,dine in
3769,SUN-49861,2024-07-15,Lemonade_Espresso_Tonic,drinks,DRK-05,unknown,24000,72000,credit card,dine in
3770,SUN-32684,2024-02-26,Grilled Chicken Mentai Rice,food,FOD-04,1,42000,42000,nan,dine in
3771,SUN-49864,2024-02-10,Earl_Grey_Milk_Tea,drinks,DRK-04,4,24000,96000,credit card,take away
3772,SUN-47452,2024-09-14,Nasi Goreng Kampung Premium,unknown,FOD-02,4,32000,missing,digital wallet,take away
3773,SUN-41002,2024-02-16,Fudgy Brownie With Ice Cream,desserts,DST-02,1,18000,18000,digital wallet,online shop
3774,SUN-40190,2024-12-25,Iced_Aren_Latte,drinks,DRK-01,4,25000,100000,cash,unknown
3775,SUN-44988,2024-10-18,Mineral_Water,drinks,DRK-07,4,26000,unknown,cash,online shop
3776,SUN-49349,2024-10-22,Cinnamon Roll,desserts,DST-04,1,35000,35000,digital wallet,take away
3777,SUN-38196,2024-08-05,Cinnamon Roll,desserts,DST-04,3,35000,105000,digital wallet,online shop
3778,SUN-33376,2024-11-25,nan,missing,DRK-06,unknown,27000,27000,cash,take away
3779,SUN-40994,2024-03-01,Lotus Biscoff Cheesecake,desserts,DST-03,4,nan,100000,error,online shop
3780,SUN-33072,2024-03-23,Grilled Chicken Mentai Rice,food,FOD-04,3,42000,126000,credit card,take away
3781,SUN-30189,2024-09-27,Truffle Fries & Sausage,food,FOD-01,2,missing,20000,credit card,error
3782,SUN-40732,2024-05-29,Lotus Biscoff Cheesecake,desserts,DST-03,1,nan,25000,cash,online shop
3783,SUN-42450,2024-05-28,unknown,missing,DRK-06,2,27000,missing,cash,online shop
3784,SUN-39117,2024-01-25,Butter Croissant,desserts,DST-01,2,45000,90000,digital wallet,dine in
3785,SUN-32873,2024-01-02,nan,food,FOD-03,3,38000,114000,missing,take away
3786,SUN-31729,2024-07-14,missing,drinks,DRK-04,4,24000,unknown,digital wallet,dine in
3787,SUN-39069,2024-06-24,Tiramisu Tres Leches,desserts,DST-05,2,22000,44000,unknown,take away
3788,SUN-49672,2024-10-29,Mineral_Water,error,DRK-07,1,26000,unknown,digital wallet,online shop
3789,SUN-40522,2024-03-08,Hot_Americano,drinks,DRK-02,1,22000,22000,nan,unknown
3790,SUN-34240,2024-06-23,Tiramisu Tres Leches,desserts,missing,2,22000,44000,credit card,take away
3791,SUN-44391,2024-08-29,Matcha_Berry_Latte,drinks,unknown,3,28000,84000,credit card,dine in
3792,SUN-34723,2024-10-26,Truffle Fries & Sausage,food,FOD-01,3,unknown,30000,credit card,take away
3793,SUN-39660,2024-04-21,Grilled Chicken Mentai Rice,food,FOD-04,2,nan,nan,cash,take away
3794,SUN-31922,2024-02-09,Lotus Biscoff Cheesecake,desserts,DST-03,4,25000,100000,credit card,take away
3795,SUN-37290,2024-02-24,nan,food,FOD-01,3,unknown,30000,digital wallet,dine in
3796,SUN-38128,2024-11-11,Lotus Biscoff Cheesecake,desserts,DST-03,error,25000,100000,cash,take away
3797,SUN-48071,2024-01-31,Matcha_Berry_Latte,drinks,DRK-03,3,28000,84000,cash,dine in
3798,SUN-30936,2024-12-09,nan,desserts,error,1,22000,22000,digital wallet,take away
3799,SUN-39957,2024-11-02,Classic_Beef_Burger,food,FOD-05,2,40000,80000,credit card,nan
3800,SUN-32798,2024-08-07,Cinnamon Roll,desserts,missing,error,35000,35000,credit card,online shop
3801,SUN-42112,2024-06-20,Classic_Beef_Burger,missing,FOD-05,1,40000,40000,credit card,dine in
3802,SUN-38294,2024-11-15,Fudgy Brownie With Ice Cream,error,DST-02,2,18000,error,digital wallet,online shop
3803,SUN-46696,2024-07-08,Fudgy Brownie With Ice Cream,desserts,error,4,18000,error,digital wallet,online shop
3804,SUN-46877,2024-05-14,Mineral_Water,drinks,DRK-07,2,unknown,unknown,cash,nan
3805,SUN-40475,2024-11-04,Iced_Aren_Latte,drinks,DRK-01,4,25000,100000,digital wallet,online shop
3806,SUN-31470,2024-08-21,Truffle Fries & Sausage,food,FOD-01,2,error,20000,error,dine in
3807,SUN-30736,2024-07-26,Butter Croissant,desserts,DST-01,1,nan,45000,cash,dine in
3808,SUN-38224,2024-05-24,Tiramisu Tres Leches,desserts,DST-05,3,22000,missing,cash,take away
3809,SUN-44730,2024-04-07,Creamy Spaghetti Carbonara,food,FOD-03,3,38000,114000,digital wallet,take away
3810,SUN-40884,2024-03-09,error,food,FOD-01,2,unknown,unknown,error,error
3811,SUN-43309,2024-08-11,Truffle Fries & Sausage,food,FOD-01,2,10000,20000,credit card,take away
3812,SUN-47218,2024-12-28,Iced_Aren_Latte,drinks,DRK-01,1,25000,25000,digital wallet,take away
3813,SUN-32247,2024-03-20,Lotus Biscoff Cheesecake,desserts,DST-03,error,25000,75000,nan,online shop
3814,SUN-46136,2024-04-05,Lemonade_Espresso_Tonic,drinks,DRK-05,missing,24000,24000,credit card,dine in
3815,SUN-31596,2024-08-09,Earl_Grey_Milk_Tea,drinks,DRK-04,error,24000,24000,cash,take away
3816,SUN-43560,2024-10-08,Classic_Beef_Burger,food,FOD-05,1,40000,error,digital wallet,dine in
3817,SUN-45908,2024-01-03,Cinnamon Roll,desserts,DST-04,4,35000,140000,error,take away
3818,SUN-36174,2024-08-30,Cinnamon Roll,desserts,DST-04,3,35000,105000,cash,online shop
3819,SUN-41392,2024-11-29,Grilled Chicken Mentai Rice,food,FOD-04,4,42000,168000,cash,online shop
3820,SUN-40229,2024-04-18,Hot_Americano,drinks,DRK-02,4,22000,88000,digital wallet,dine in
3821,SUN-46147,2024-01-08,Earl_Grey_Milk_Tea,drinks,DRK-04,1,24000,missing,error,take away
3822,SUN-35025,2024-09-16,missing,desserts,DST-01,3,45000,135000,cash,dine in
3823,SUN-46534,2024-06-23,error,food,FOD-05,3,40000,120000,unknown,dine in
3824,SUN-48855,2024-11-16,missing,food,FOD-02,4,32000,128000,cash,online shop
3825,SUN-35918,2024-04-13,Lotus Biscoff Cheesecake,desserts,DST-03,2,25000,50000,credit card,take away
3826,SUN-34375,2024-11-12,Cinnamon Roll,desserts,DST-04,4,35000,140000,cash,dine in
3827,SUN-48100,2024-07-18,Mineral_Water,drinks,DRK-07,nan,26000,26000,cash,dine in
3828,nan,2024-08-28,error,drinks,DRK-04,4,24000,96000,error,dine in
3829,SUN-40473,2024-06-15,unknown,drinks,DRK-02,4,22000,88000,digital wallet,error
3830,SUN-33440,2024-01-14,Fudgy Brownie With Ice Cream,desserts,DST-02,2,18000,missing,credit card,nan
3831,SUN-36201,2024-12-23,Lotus Biscoff Cheesecake,desserts,DST-03,missing,25000,100000,cash,online shop
3832,SUN-49990,2024-11-11,Strawberry_Mojito_Mocktail,drinks,DRK-06,4,27000,108000,credit card,online shop
3833,SUN-48816,2024-12-24,Lotus Biscoff Cheesecake,desserts,unknown,3,25000,75000,credit card,online shop
3834,SUN-32550,2024-06-24,Fudgy Brownie With Ice Cream,desserts,DST-02,4,18000,72000,digital wallet,dine in
3835,SUN-30876,2024-09-24,Hot_Americano,drinks,DRK-02,3,22000,66000,digital wallet,take away
3836,SUN-32186,2024-10-12,Cinnamon Roll,desserts,DST-04,2,35000,70000,nan,online shop
3837,SUN-44210,2024-01-23,Butter Croissant,desserts,DST-01,4,45000,180000,cash,dine in
3838,SUN-34900,2024-06-29,Fudgy Brownie With Ice Cream,desserts,DST-02,3,18000,54000,credit card,online shop
3839,SUN-30822,2024-05-29,Nasi Goreng Kampung Premium,food,FOD-02,2,error,64000,credit card,take away
3840,SUN-35537,2024-01-18,Strawberry_Mojito_Mocktail,drinks,DRK-06,3,27000,81000,digital wallet,online shop
3841,SUN-47872,2024-12-28,Creamy Spaghetti Carbonara,food,FOD-03,2,38000,76000,cash,take away
3842,SUN-48249,2024-06-13,missing,drinks,DRK-07,3,26000,78000,digital wallet,online shop
3843,SUN-37487,2024-12-17,Cinnamon Roll,desserts,missing,unknown,35000,35000,credit card,dine in
3844,SUN-40000,2024-08-10,Cinnamon Roll,desserts,DST-04,2,35000,70000,digital wallet,take away
3845,SUN-30074,2024-06-22,Tiramisu Tres Leches,desserts,DST-05,2,error,44000,nan,take away
3846,SUN-33542,2024-02-19,Lotus Biscoff Cheesecake,nan,DST-03,3,25000,75000,credit card,dine in
3847,SUN-40932,2024-12-22,error,drinks,DRK-04,1,24000,24000,credit card,online shop
3848,SUN-44976,2024-02-03,error,nan,DRK-01,4,25000,100000,digital wallet,unknown
3849,SUN-35557,2024-10-05,Truffle Fries & Sausage,food,FOD-01,2,10000,unknown,digital wallet,dine in
3850,SUN-38578,2024-09-06,unknown,drinks,error,4,nan,96000,cash,dine in
3851,SUN-37738,2024-06-17,Iced_Aren_Latte,drinks,DRK-01,3,25000,75000,digital wallet,dine in
3852,SUN-39051,2024-07-05,missing,desserts,DST-04,4,35000,unknown,credit card,dine in
3853,SUN-40396,2024-07-11,unknown,drinks,DRK-06,2,error,54000,digital wallet,online shop
3854,SUN-40173,2024-06-29,Nasi Goreng Kampung Premium,food,FOD-02,2,32000,64000,digital wallet,dine in
3855,SUN-40765,2024-10-12,Earl_Grey_Milk_Tea,drinks,DRK-04,3,missing,72000,nan,dine in
3856,SUN-38055,2024-08-11,Fudgy Brownie With Ice Cream,desserts,DST-02,2,18000,36000,cash,take away
3857,SUN-38707,2024-04-16,Cinnamon Roll,desserts,DST-04,4,35000,140000,credit card,take away
3858,SUN-34004,2024-05-27,Nasi Goreng Kampung Premium,food,missing,1,32000,32000,credit card,online shop
3859,SUN-43508,2024-07-22,Earl_Grey_Milk_Tea,drinks,DRK-04,3,24000,nan,digital wallet,dine in
3860,SUN-32143,2024-01-07,Hot_Americano,drinks,unknown,2,22000,44000,digital wallet,online shop
3861,SUN-31628,2024-10-20,Matcha_Berry_Latte,drinks,DRK-03,2,28000,56000,digital wallet,dine in
3862,SUN-35703,2024-06-16,Matcha_Berry_Latte,drinks,DRK-03,3,28000,84000,missing,dine in
3863,SUN-35856,2024-01-23,nan,drinks,DRK-07,missing,26000,52000,cash,dine in
3864,SUN-35848,2024-02-03,Matcha_Berry_Latte,drinks,DRK-03,2,28000,56000,digital wallet,dine in
3865,SUN-30269,2024-09-24,nan,desserts,DST-02,1,18000,18000,credit card,dine in
3866,SUN-38039,2024-05-16,Hot_Americano,drinks,DRK-02,3,22000,66000,cash,online shop
3867,SUN-48916,2024-05-25,Nasi Goreng Kampung Premium,food,FOD-02,4,32000,128000,credit card,dine in
3868,SUN-35133,2024-07-23,error,food,FOD-03,1,38000,38000,credit card,error
3869,SUN-36086,2024-04-03,Butter Croissant,desserts,DST-01,4,45000,180000,cash,missing
3870,SUN-36864,2024-05-10,Strawberry_Mojito_Mocktail,drinks,DRK-06,3,27000,81000,digital wallet,missing
3871,SUN-38821,2024-10-30,Butter Croissant,desserts,DST-01,1,45000,45000,cash,take away
3872,SUN-36401,2024-05-25,Creamy Spaghetti Carbonara,food,FOD-03,2,38000,76000,credit card,take away
3873,SUN-36337,2024-06-03,Creamy Spaghetti Carbonara,food,FOD-03,3,38000,114000,credit card,dine in
3874,SUN-37518,2024-05-06,Creamy Spaghetti Carbonara,food,FOD-03,1,38000,38000,cash,take away
3875,SUN-41454,2024-01-07,Fudgy Brownie With Ice Cream,desserts,DST-02,3,18000,54000,credit card,online shop
3876,SUN-31136,2024-01-11,Truffle Fries & Sausage,food,FOD-01,4,10000,nan,nan,dine in
3877,SUN-32769,2024-12-25,Iced_Aren_Latte,error,DRK-01,4,25000,100000,credit card,online shop
3878,unknown,2024-06-12,Cinnamon Roll,desserts,DST-04,4,35000,140000,cash,dine in
3879,SUN-46562,2024-11-09,unknown,drinks,DRK-03,3,error,84000,unknown,online shop
3880,SUN-38714,2024-07-21,Creamy Spaghetti Carbonara,food,FOD-03,2,38000,nan,digital wallet,online shop
3881,SUN-38307,2024-06-28,Fudgy Brownie With Ice Cream,desserts,DST-02,1,18000,18000,nan,dine in
3882,SUN-49778,2024-09-15,Butter Croissant,desserts,DST-01,4,45000,180000,unknown,nan
3883,SUN-47409,2024-07-22,Tiramisu Tres Leches,desserts,DST-05,1,22000,22000,digital wallet,online shop
3884,SUN-36878,2024-07-11,Fudgy Brownie With Ice Cream,desserts,DST-02,nan,18000,36000,cash,online shop
3885,SUN-31887,2024-11-24,Creamy Spaghetti Carbonara,food,FOD-03,missing,38000,76000,credit card,online shop
3886,SUN-36680,2024-08-29,Classic_Beef_Burger,food,FOD-05,4,40000,160000,cash,error
3887,SUN-49434,2024-11-27,error,drinks,DRK-02,1,22000,unknown,digital wallet,nan
3888,SUN-35072,2024-11-12,Iced_Aren_Latte,drinks,DRK-01,3,25000,75000,cash,error
3889,SUN-40488,2024-01-29,Creamy Spaghetti Carbonara,food,FOD-03,3,38000,114000,digital wallet,take away
3890,SUN-44696,2024-03-01,Butter Croissant,desserts,DST-01,missing,45000,90000,digital wallet,error
3891,SUN-35210,2024-11-27,Lemonade_Espresso_Tonic,drinks,DRK-05,1,24000,missing,cash,online shop
3892,SUN-32324,2024-02-27,missing,food,FOD-01,missing,10000,nan,cash,take away
3893,SUN-44433,2024-05-29,Classic_Beef_Burger,food,FOD-05,3,40000,nan,cash,dine in
3894,SUN-48122,2024-04-29,Lemonade_Espresso_Tonic,drinks,DRK-05,1,24000,24000,credit card,dine in
3895,SUN-49820,2024-09-10,Tiramisu Tres Leches,desserts,DST-05,4,22000,88000,cash,take away
3896,SUN-46099,2024-12-09,Butter Croissant,desserts,DST-01,2,45000,nan,credit card,online shop
3897,SUN-42126,2024-06-12,Nasi Goreng Kampung Premium,food,FOD-02,1,32000,32000,missing,take away
3898,nan,2024-06-24,Iced_Aren_Latte,drinks,DRK-01,1,missing,25000,digital wallet,take away
3899,SUN-35294,2024-09-07,missing,drinks,DRK-02,4,22000,88000,credit card,unknown
3900,SUN-30511,unknown,missing,desserts,DST-04,2,35000,unknown,credit card,take away
3901,missing,2024-06-01,Classic_Beef_Burger,food,FOD-05,4,40000,160000,digital wallet,dine in
3902,SUN-39763,2024-05-10,Creamy Spaghetti Carbonara,food,FOD-03,1,38000,38000,cash,take away
3903,SUN-49655,2024-08-30,Hot_Americano,drinks,DRK-02,1,22000,22000,credit card,take away
3904,SUN-32826,2024-05-20,Strawberry_Mojito_Mocktail,drinks,DRK-06,1,error,27000,digital wallet,take away
3905,unknown,2024-09-03,missing,drinks,nan,3,24000,72000,cash,dine in
3906,SUN-40283,2024-05-16,nan,error,DST-01,1,45000,45000,credit card,nan
3907,SUN-39004,2024-08-27,Butter Croissant,desserts,DST-01,1,error,45000,digital wallet,dine in
3908,SUN-33202,2024-04-05,Strawberry_Mojito_Mocktail,nan,DRK-06,1,error,unknown,credit card,dine in
3909,SUN-43524,2024-06-27,Earl_Grey_Milk_Tea,unknown,DRK-04,2,24000,48000,cash,take away
3910,SUN-40166,2024-10-06,unknown,food,unknown,4,38000,152000,unknown,dine in
3911,SUN-46189,2024-02-26,Butter Croissant,desserts,DST-01,1,45000,45000,cash,dine in
3912,SUN-31062,2024-02-21,Hot_Americano,drinks,DRK-02,1,22000,22000,digital wallet,take away
3913,SUN-34577,2024-02-19,Creamy Spaghetti Carbonara,food,FOD-03,3,38000,114000,digital wallet,take away
3914,error,2024-01-18,unknown,desserts,DST-04,3,35000,105000,credit card,online shop
3915,SUN-42097,2024-03-07,Iced_Aren_Latte,drinks,DRK-01,1,25000,25000,credit card,online shop
3916,unknown,2024-05-23,Mineral_Water,drinks,error,nan,26000,104000,credit card,online shop
3917,SUN-34521,2024-07-10,Matcha_Berry_Latte,drinks,DRK-03,1,missing,unknown,cash,dine in
3918,SUN-35892,2024-10-06,Mineral_Water,drinks,DRK-07,3,26000,78000,cash,take away
3919,SUN-45585,2024-06-13,Creamy Spaghetti Carbonara,food,FOD-03,4,38000,152000,cash,online shop
3920,SUN-34628,2024-05-23,Mineral_Water,missing,DRK-07,missing,26000,104000,credit card,dine in
3921,SUN-41358,2024-01-30,nan,food,FOD-01,4,10000,40000,cash,error
3922,SUN-30319,2024-04-09,Earl_Grey_Milk_Tea,unknown,DRK-04,4,24000,96000,missing,take away
3923,SUN-34372,2024-11-23,Cinnamon Roll,desserts,DST-04,3,35000,105000,unknown,dine in
3924,SUN-40515,2024-02-24,Classic_Beef_Burger,missing,FOD-05,1,nan,40000,cash,take away
3925,SUN-45463,2024-07-05,Hot_Americano,drinks,unknown,4,22000,88000,cash,dine in
3926,SUN-49575,2024-05-24,Creamy Spaghetti Carbonara,food,FOD-03,1,38000,missing,credit card,dine in
3927,SUN-42788,2024-06-16,Butter Croissant,desserts,DST-01,1,45000,45000,nan,dine in
3928,SUN-40719,2024-12-27,unknown,desserts,error,nan,22000,missing,credit card,dine in
3929,SUN-36574,2024-01-12,Iced_Aren_Latte,drinks,DRK-01,1,25000,25000,digital wallet,online shop
3930,SUN-40991,2024-09-23,Truffle Fries & Sausage,food,FOD-01,1,10000,10000,nan,online shop
3931,SUN-41919,2024-12-03,Iced_Aren_Latte,nan,DRK-01,2,25000,50000,error,error
3932,SUN-39326,2024-07-26,error,desserts,DST-01,3,45000,135000,credit card,online shop
3933,SUN-48741,2024-02-04,Mineral_Water,drinks,DRK-07,4,26000,104000,cash,dine in
3934,SUN-42286,2024-05-11,unknown,drinks,DRK-06,3,27000,81000,cash,take away
3935,SUN-38641,2024-02-17,missing,desserts,DST-01,4,45000,180000,missing,take away
3936,SUN-49535,2024-07-18,Strawberry_Mojito_Mocktail,drinks,DRK-06,2,27000,54000,credit card,online shop
3937,SUN-39675,2024-08-31,nan,drinks,DRK-06,3,27000,unknown,error,online shop
3938,SUN-37393,2024-04-26,Classic_Beef_Burger,unknown,FOD-05,1,40000,missing,digital wallet,online shop
3939,SUN-47584,2024-04-13,missing,desserts,DST-02,nan,18000,36000,digital wallet,online shop
3940,SUN-33105,2024-06-24,Lemonade_Espresso_Tonic,drinks,DRK-05,nan,24000,24000,digital wallet,dine in
3941,SUN-43824,2024-07-28,Fudgy Brownie With Ice Cream,desserts,DST-02,3,18000,54000,cash,dine in
3942,SUN-44582,2024-06-12,Classic_Beef_Burger,food,FOD-05,3,40000,120000,nan,nan
3943,SUN-35092,2024-08-23,Lotus Biscoff Cheesecake,desserts,DST-03,3,25000,75000,digital wallet,nan
3944,SUN-47162,2024-10-24,Lemonade_Espresso_Tonic,drinks,DRK-05,2,24000,nan,credit card,unknown
3945,SUN-36177,2024-04-18,Lemonade_Espresso_Tonic,drinks,DRK-05,3,24000,error,missing,take away
3946,SUN-47112,2024-04-16,nan,drinks,DRK-03,4,28000,112000,digital wallet,dine in
3947,SUN-33983,2024-04-17,Lotus Biscoff Cheesecake,desserts,DST-03,1,25000,25000,cash,take away
3948,SUN-42956,2024-08-15,nan,food,FOD-03,2,unknown,76000,cash,online shop
3949,SUN-32869,2024-10-17,Iced_Aren_Latte,drinks,DRK-01,2,25000,50000,cash,take away
3950,SUN-46462,2024-09-09,Grilled Chicken Mentai Rice,food,FOD-04,error,42000,84000,credit card,dine in
3951,SUN-49137,2024-04-08,Truffle Fries & Sausage,food,FOD-01,4,10000,40000,credit card,take away
3952,SUN-31850,2024-01-15,Truffle Fries & Sausage,food,FOD-01,missing,10000,40000,digital wallet,online shop
3953,SUN-40745,2024-12-18,Lemonade_Espresso_Tonic,drinks,DRK-05,nan,24000,error,credit card,take away
3954,SUN-37122,2024-03-23,error,desserts,DST-04,4,35000,unknown,error,online shop
3955,SUN-46817,2024-09-17,nan,food,unknown,nan,10000,10000,digital wallet,online shop
3956,SUN-33276,2024-10-28,Mineral_Water,drinks,DRK-07,2,missing,52000,digital wallet,missing
3957,SUN-40608,2024-08-22,Tiramisu Tres Leches,desserts,DST-05,nan,22000,missing,credit card,dine in
3958,SUN-32423,2024-12-05,Grilled Chicken Mentai Rice,food,FOD-04,2,42000,84000,nan,dine in
3959,SUN-40579,2024-11-09,Cinnamon Roll,desserts,DST-04,1,35000,35000,credit card,dine in
3960,missing,2024-07-14,Classic_Beef_Burger,food,FOD-05,3,40000,120000,cash,dine in
3961,SUN-34139,2024-10-09,Lotus Biscoff Cheesecake,desserts,DST-03,3,25000,75000,digital wallet,take away
3962,SUN-39947,2024-11-03,Classic_Beef_Burger,food,FOD-05,1,40000,40000,credit card,take away
3963,SUN-43519,2024-02-14,Creamy Spaghetti Carbonara,food,error,4,38000,152000,cash,take away
3964,SUN-43025,2024-01-03,Hot_Americano,drinks,DRK-02,3,22000,66000,credit card,dine in
3965,missing,2024-08-01,Lotus Biscoff Cheesecake,desserts,DST-03,error,25000,75000,unknown,dine in
3966,SUN-47789,2024-01-15,Fudgy Brownie With Ice Cream,unknown,DST-02,2,18000,nan,digital wallet,dine in
3967,unknown,2024-06-03,Fudgy Brownie With Ice Cream,desserts,DST-02,2,18000,36000,digital wallet,dine in
3968,SUN-33686,2024-04-24,Iced_Aren_Latte,drinks,DRK-01,2,25000,50000,digital wallet,dine in
3969,SUN-43250,2024-08-01,Strawberry_Mojito_Mocktail,drinks,DRK-06,4,27000,108000,credit card,take away
3970,SUN-43459,2024-05-27,nan,drinks,DRK-07,3,26000,78000,digital wallet,dine in
3971,SUN-36056,2024-08-16,Hot_Americano,drinks,DRK-02,1,22000,22000,credit card,online shop
3972,SUN-46343,2024-11-21,Grilled Chicken Mentai Rice,food,FOD-04,3,error,126000,credit card,online shop
3973,SUN-43530,2024-07-03,Grilled Chicken Mentai Rice,food,FOD-04,3,42000,126000,digital wallet,online shop
3974,SUN-45903,2024-10-16,Cinnamon Roll,desserts,DST-04,2,35000,70000,nan,dine in
3975,SUN-46058,2024-02-05,Grilled Chicken Mentai Rice,food,FOD-04,4,42000,168000,credit card,take away
3976,SUN-47330,2024-07-24,Fudgy Brownie With Ice Cream,desserts,DST-02,2,18000,36000,unknown,take away
3977,SUN-48553,2024-09-01,Cinnamon Roll,desserts,DST-04,4,35000,140000,cash,take away
3978,SUN-31078,2024-01-14,nan,desserts,DST-03,2,25000,50000,digital wallet,online shop
3979,SUN-45829,2024-08-11,Earl_Grey_Milk_Tea,drinks,DRK-04,1,24000,24000,digital wallet,take away
3980,SUN-32515,2024-12-29,Mineral_Water,drinks,DRK-07,2,26000,52000,cash,dine in
3981,SUN-32029,2024-04-12,unknown,drinks,DRK-02,2,22000,44000,error,take away
3982,SUN-36450,2024-03-04,Nasi Goreng Kampung Premium,food,FOD-02,2,missing,64000,digital wallet,dine in
3983,SUN-40982,2024-01-30,Classic_Beef_Burger,food,FOD-05,2,40000,nan,nan,take away
3984,SUN-30044,2024-09-23,Butter Croissant,desserts,DST-01,4,45000,180000,cash,dine in
3985,SUN-34783,2024-12-02,Lotus Biscoff Cheesecake,desserts,DST-03,4,25000,100000,digital wallet,take away
3986,SUN-49019,2024-08-02,Tiramisu Tres Leches,desserts,DST-05,2,22000,44000,cash,dine in
3987,SUN-34582,2024-09-10,Truffle Fries & Sausage,food,FOD-01,3,nan,30000,credit card,take away
3988,SUN-46504,2024-12-23,unknown,drinks,DRK-07,2,unknown,52000,error,online shop
3989,SUN-48413,2024-07-12,Nasi Goreng Kampung Premium,food,FOD-02,error,32000,96000,credit card,online shop
3990,SUN-37381,2024-02-17,Cinnamon Roll,desserts,DST-04,2,35000,70000,digital wallet,dine in
3991,SUN-46509,2024-07-07,missing,food,FOD-03,2,38000,76000,cash,nan
3992,SUN-34873,2024-11-16,error,desserts,DST-01,2,nan,90000,digital wallet,dine in
3993,SUN-31636,2024-02-27,Iced_Aren_Latte,missing,DRK-01,2,25000,missing,digital wallet,online shop
3994,SUN-42879,2024-09-25,Matcha_Berry_Latte,drinks,DRK-03,3,error,84000,error,dine in
3995,SUN-45609,2024-03-09,Classic_Beef_Burger,food,FOD-05,3,40000,unknown,credit card,online shop
3996,SUN-39102,2024-08-16,Mineral_Water,drinks,missing,1,26000,26000,digital wallet,dine in
3997,SUN-35980,2024-10-18,Nasi Goreng Kampung Premium,food,FOD-02,4,32000,128000,cash,online shop
3998,SUN-47649,2024-09-28,Truffle Fries & Sausage,food,FOD-01,2,10000,20000,digital wallet,take away
3999,SUN-39505,2024-01-16,Butter Croissant,desserts,DST-01,2,45000,90000,cash,online shop
4000,SUN-37925,2024-08-27,Strawberry_Mojito_Mocktail,drinks,DRK-06,2,error,error,digital wallet,dine in
4001,SUN-42904,2024-05-14,error,desserts,DST-02,2,18000,36000,cash,nan
4002,SUN-42255,2024-12-12,error,drinks,DRK-03,2,28000,56000,cash,take away
4003,SUN-32907,2024-12-16,Cinnamon Roll,desserts,DST-04,1,35000,error,digital wallet,online shop
4004,SUN-40283,2024-04-04,Truffle Fries & Sausage,nan,FOD-01,missing,10000,20000,digital wallet,dine in
4005,SUN-38674,2024-03-13,Fudgy Brownie With Ice Cream,desserts,DST-02,error,18000,unknown,cash,online shop
4006,SUN-49286,2024-08-04,Cinnamon Roll,missing,DST-04,2,35000,unknown,digital wallet,take away
4007,SUN-39302,2024-02-27,Strawberry_Mojito_Mocktail,drinks,DRK-06,1,27000,27000,cash,take away
4008,SUN-45298,2024-03-03,Creamy Spaghetti Carbonara,food,FOD-03,4,38000,152000,digital wallet,dine in
4009,SUN-44563,2024-03-20,Strawberry_Mojito_Mocktail,drinks,DRK-06,2,27000,54000,credit card,online shop
4010,SUN-34957,2024-01-02,missing,food,FOD-02,1,32000,missing,cash,take away
4011,SUN-41548,2024-03-17,Strawberry_Mojito_Mocktail,drinks,DRK-06,4,27000,108000,digital wallet,online shop
4012,SUN-40939,2024-01-17,Cinnamon Roll,desserts,DST-04,1,35000,35000,digital wallet,online shop
4013,SUN-31556,2024-08-25,Matcha_Berry_Latte,drinks,DRK-03,2,28000,56000,digital wallet,missing
4014,SUN-43760,2024-03-05,Strawberry_Mojito_Mocktail,drinks,DRK-06,3,27000,81000,digital wallet,dine in
4015,missing,2024-03-30,Creamy Spaghetti Carbonara,food,nan,1,38000,38000,cash,online shop
4016,SUN-38554,2024-05-10,Classic_Beef_Burger,food,FOD-05,1,40000,40000,missing,take away
4017,SUN-31556,2024-06-22,Grilled Chicken Mentai Rice,food,FOD-04,1,42000,42000,credit card,online shop
4018,SUN-42801,2024-01-02,nan,drinks,DRK-07,4,26000,104000,cash,nan
4019,SUN-35025,2024-11-17,Classic_Beef_Burger,food,FOD-05,4,40000,160000,credit card,take away
4020,SUN-41328,2024-03-15,Fudgy Brownie With Ice Cream,desserts,DST-02,3,18000,54000,unknown,online shop
4021,SUN-47924,2024-02-13,Truffle Fries & Sausage,food,FOD-01,unknown,10000,30000,unknown,dine in
4022,SUN-46801,2024-01-06,Matcha_Berry_Latte,drinks,DRK-03,error,28000,84000,error,online shop
4023,SUN-42146,2024-03-09,Nasi Goreng Kampung Premium,food,FOD-02,2,32000,64000,digital wallet,take away
4024,SUN-46992,2024-01-11,Cinnamon Roll,desserts,DST-04,4,35000,error,digital wallet,take away
4025,SUN-39206,2024-03-09,Mineral_Water,drinks,DRK-07,4,missing,missing,digital wallet,nan
4026,SUN-49849,2024-05-03,Iced_Aren_Latte,drinks,DRK-01,unknown,25000,75000,digital wallet,online shop
4027,SUN-45450,2024-07-17,Matcha_Berry_Latte,drinks,DRK-03,4,28000,unknown,cash,online shop
4028,SUN-42497,2024-10-05,Butter Croissant,desserts,DST-01,1,45000,45000,digital wallet,dine in
4029,SUN-48835,2024-06-21,nan,drinks,DRK-01,3,25000,75000,digital wallet,take away
4030,error,2024-10-17,Butter Croissant,desserts,DST-01,4,45000,180000,credit card,nan
4031,nan,2024-03-17,Tiramisu Tres Leches,desserts,DST-05,2,22000,44000,nan,online shop
4032,nan,2024-12-09,Lotus Biscoff Cheesecake,desserts,DST-03,1,25000,25000,credit card,dine in
4033,missing,2024-08-08,Fudgy Brownie With Ice Cream,desserts,DST-02,2,18000,36000,cash,nan
4034,SUN-42384,2024-02-28,missing,drinks,DRK-01,2,25000,50000,credit card,dine in
4035,SUN-39945,2024-08-03,Lotus Biscoff Cheesecake,desserts,DST-03,nan,25000,50000,digital wallet,take away
4036,SUN-39567,2024-11-26,Cinnamon Roll,desserts,DST-04,nan,35000,70000,credit card,take away
4037,SUN-38124,2024-02-25,Matcha_Berry_Latte,drinks,DRK-03,4,28000,112000,cash,dine in
4038,SUN-39612,2024-05-17,Tiramisu Tres Leches,nan,DST-05,2,22000,44000,cash,take away
4039,SUN-44402,2024-06-19,nan,drinks,DRK-07,missing,26000,78000,unknown,online shop
4040,SUN-31207,2024-12-09,Nasi Goreng Kampung Premium,food,FOD-02,2,32000,64000,cash,nan
4041,SUN-44742,2024-07-27,Iced_Aren_Latte,drinks,DRK-01,4,25000,100000,unknown,dine in
4042,SUN-48103,2024-09-24,Earl_Grey_Milk_Tea,drinks,DRK-04,1,24000,24000,cash,dine in
4043,SUN-49266,2024-08-04,Strawberry_Mojito_Mocktail,drinks,DRK-06,1,27000,27000,digital wallet,dine in
4044,error,2024-11-30,Matcha_Berry_Latte,drinks,DRK-03,2,28000,unknown,cash,dine in
4045,SUN-36453,2024-04-09,Truffle Fries & Sausage,unknown,FOD-01,1,10000,10000,digital wallet,online shop
4046,SUN-31358,2024-07-05,Cinnamon Roll,desserts,DST-04,2,missing,70000,digital wallet,take away
4047,SUN-43829,2024-04-23,Creamy Spaghetti Carbonara,nan,FOD-03,3,38000,114000,cash,dine in
4048,SUN-32821,2024-09-05,missing,drinks,DRK-05,3,24000,72000,digital wallet,take away
4049,SUN-46537,2024-02-24,missing,desserts,DST-03,3,25000,75000,digital wallet,dine in
4050,SUN-34838,2024-07-23,Cinnamon Roll,missing,DST-04,4,35000,missing,digital wallet,dine in
4051,SUN-48192,2024-05-07,error,nan,DRK-05,2,24000,48000,nan,online shop
4052,SUN-31576,2024-08-10,Iced_Aren_Latte,drinks,DRK-01,3,error,75000,cash,take away
4053,SUN-37079,2024-01-31,Butter Croissant,desserts,DST-01,3,45000,unknown,digital wallet,dine in
4054,SUN-36445,2024-09-28,Hot_Americano,drinks,DRK-02,4,22000,nan,digital wallet,unknown
4055,SUN-36170,2024-04-23,Creamy Spaghetti Carbonara,food,error,4,38000,152000,cash,nan
4056,SUN-33191,2024-10-07,unknown,desserts,DST-03,2,nan,50000,cash,take away
4057,SUN-44576,2024-03-02,Classic_Beef_Burger,food,FOD-05,3,40000,120000,digital wallet,take away
4058,SUN-41829,2024-04-29,Grilled Chicken Mentai Rice,food,FOD-04,1,42000,error,credit card,dine in
4059,SUN-47380,2024-09-24,Strawberry_Mojito_Mocktail,nan,nan,2,missing,54000,cash,take away
4060,SUN-43030,2024-02-20,Strawberry_Mojito_Mocktail,drinks,DRK-06,1,27000,27000,missing,online shop
4061,nan,2024-03-26,Grilled Chicken Mentai Rice,food,FOD-04,2,nan,84000,cash,online shop
4062,SUN-42373,2024-12-12,Earl_Grey_Milk_Tea,drinks,DRK-04,2,24000,48000,unknown,take away
4063,nan,2024-02-04,Hot_Americano,drinks,DRK-02,2,22000,44000,nan,dine in
4064,SUN-36599,2024-01-22,Earl_Grey_Milk_Tea,drinks,DRK-04,3,24000,72000,digital wallet,online shop
4065,SUN-47468,2024-05-31,Butter Croissant,desserts,DST-01,nan,45000,unknown,digital wallet,online shop
4066,SUN-41725,2024-04-29,Hot_Americano,drinks,DRK-02,1,22000,22000,digital wallet,take away
4067,SUN-38366,2024-04-19,missing,drinks,DRK-03,3,28000,missing,credit card,online shop
4068,SUN-30226,2024-02-20,Cinnamon Roll,desserts,DST-04,4,unknown,140000,cash,dine in
4069,error,2024-01-26,Earl_Grey_Milk_Tea,drinks,DRK-04,3,24000,72000,cash,nan
4070,SUN-49031,2024-08-26,Fudgy Brownie With Ice Cream,desserts,DST-02,2,18000,36000,cash,dine in
4071,SUN-43961,2024-09-24,Fudgy Brownie With Ice Cream,desserts,DST-02,4,18000,72000,credit card,online shop
4072,SUN-33717,2024-03-31,Lotus Biscoff Cheesecake,desserts,DST-03,4,25000,100000,nan,online shop
4073,SUN-38319,2024-12-20,Mineral_Water,drinks,DRK-07,2,26000,52000,unknown,online shop
4074,SUN-34813,2024-06-30,Tiramisu Tres Leches,desserts,DST-05,3,22000,error,error,unknown
4075,SUN-31524,2024-06-05,Tiramisu Tres Leches,desserts,DST-05,1,22000,22000,cash,take away
4076,SUN-39187,2024-07-10,Hot_Americano,drinks,DRK-02,2,22000,44000,digital wallet,take away
4077,SUN-30457,2024-03-06,Lotus Biscoff Cheesecake,desserts,DST-03,2,25000,50000,credit card,online shop
4078,SUN-39519,2024-01-24,Creamy Spaghetti Carbonara,food,FOD-03,3,nan,114000,nan,dine in
4079,unknown,2024-04-28,Tiramisu Tres Leches,desserts,DST-05,3,22000,66000,digital wallet,online shop
4080,SUN-33750,nan,Earl_Grey_Milk_Tea,drinks,DRK-04,1,24000,24000,digital wallet,online shop
4081,SUN-42486,2024-11-27,Strawberry_Mojito_Mocktail,drinks,DRK-06,4,27000,108000,cash,dine in
4082,SUN-39504,2024-09-03,Lotus Biscoff Cheesecake,desserts,DST-03,1,25000,unknown,credit card,error
4083,SUN-38212,2024-11-26,Tiramisu Tres Leches,desserts,DST-05,4,22000,88000,digital wallet,take away
4084,SUN-45740,2024-08-22,Iced_Aren_Latte,drinks,DRK-01,4,25000,100000,unknown,online shop
4085,SUN-41124,2024-10-22,Strawberry_Mojito_Mocktail,drinks,DRK-06,1,27000,27000,credit card,nan
4086,SUN-32583,2024-05-06,Butter Croissant,desserts,DST-01,3,unknown,135000,digital wallet,take away
4087,SUN-45464,2024-04-07,Strawberry_Mojito_Mocktail,drinks,DRK-06,4,missing,108000,digital wallet,dine in
4088,SUN-47869,2024-02-26,Tiramisu Tres Leches,desserts,DST-05,1,22000,22000,credit card,dine in
4089,SUN-41626,2024-08-26,Truffle Fries & Sausage,food,FOD-01,1,10000,10000,digital wallet,error
4090,SUN-41768,2024-04-30,unknown,food,FOD-03,4,38000,152000,cash,online shop
4091,SUN-48165,2024-07-08,Butter Croissant,nan,DST-01,3,45000,135000,digital wallet,take away
4092,SUN-48025,2024-12-15,Nasi Goreng Kampung Premium,food,FOD-02,4,32000,128000,credit card,take away
4093,SUN-32285,2024-03-22,Nasi Goreng Kampung Premium,food,FOD-02,unknown,32000,32000,nan,dine in
4094,SUN-30095,2024-10-14,Cinnamon Roll,desserts,DST-04,2,missing,70000,cash,take away
4095,SUN-49291,2024-10-05,nan,unknown,FOD-02,4,32000,128000,credit card,take away
4096,SUN-46318,2024-03-01,unknown,drinks,DRK-03,2,unknown,56000,cash,take away
4097,SUN-37286,2024-09-03,error,food,FOD-04,2,42000,84000,cash,take away
4098,SUN-44298,2024-12-05,Truffle Fries & Sausage,food,FOD-01,1,10000,10000,error,missing
4099,SUN-43779,2024-12-19,error,desserts,DST-04,1,35000,35000,digital wallet,online shop
4100,SUN-30242,2024-01-02,Lotus Biscoff Cheesecake,desserts,DST-03,1,missing,25000,digital wallet,take away
4101,SUN-42333,2024-01-14,nan,desserts,DST-01,4,unknown,180000,credit card,dine in
4102,SUN-38205,2024-10-16,unknown,desserts,DST-04,2,35000,error,credit card,online shop
4103,SUN-31938,2024-12-28,Lemonade_Espresso_Tonic,unknown,DRK-05,nan,24000,24000,digital wallet,dine in
4104,SUN-38021,2024-02-22,error,food,FOD-05,4,40000,160000,cash,take away
4105,SUN-40067,2024-09-12,Lotus Biscoff Cheesecake,desserts,DST-03,2,25000,50000,credit card,missing
4106,SUN-49710,2024-12-06,error,nan,missing,2,nan,48000,digital wallet,take away
4107,SUN-38670,2024-03-10,Creamy Spaghetti Carbonara,food,FOD-03,2,38000,76000,cash,take away
4108,SUN-44016,2024-04-15,Classic_Beef_Burger,food,FOD-05,3,40000,120000,digital wallet,nan
4109,SUN-33137,2024-10-23,Butter Croissant,desserts,DST-01,2,nan,90000,cash,dine in
4110,SUN-45717,2024-04-23,error,desserts,missing,2,18000,36000,credit card,take away
4111,SUN-32066,2024-11-02,Hot_Americano,drinks,DRK-02,2,22000,unknown,cash,take away
4112,SUN-44914,2024-02-23,Butter Croissant,desserts,DST-01,nan,45000,180000,credit card,online shop
4113,SUN-41459,2024-05-21,Truffle Fries & Sausage,unknown,FOD-01,4,10000,40000,credit card,online shop
4114,SUN-48728,2024-10-05,missing,drinks,unknown,3,28000,84000,digital wallet,dine in
4115,SUN-36506,2024-10-23,Cinnamon Roll,desserts,DST-04,unknown,35000,35000,credit card,online shop
4116,SUN-37382,2024-08-25,Mineral_Water,drinks,DRK-07,3,26000,78000,credit card,online shop
4117,SUN-40322,2024-07-11,Lemonade_Espresso_Tonic,unknown,DRK-05,3,24000,72000,digital wallet,missing
4118,SUN-39745,2024-10-06,unknown,food,FOD-03,1,38000,38000,cash,take away
4119,SUN-42693,2024-11-11,missing,drinks,DRK-02,missing,22000,22000,cash,take away
4120,SUN-44332,2024-11-13,Lemonade_Espresso_Tonic,drinks,DRK-05,2,missing,nan,digital wallet,dine in
4121,SUN-44386,2024-11-28,Cinnamon Roll,desserts,DST-04,3,35000,105000,cash,take away
4122,SUN-36364,2024-09-11,Mineral_Water,drinks,DRK-07,1,26000,26000,unknown,take away
4123,SUN-34380,2024-02-28,Cinnamon Roll,desserts,DST-04,2,35000,70000,cash,missing
4124,SUN-34164,2024-11-06,Classic_Beef_Burger,food,FOD-05,4,40000,160000,credit card,dine in
4125,SUN-39599,2024-06-09,Mineral_Water,drinks,DRK-07,2,26000,52000,credit card,take away
4126,SUN-34252,2024-05-22,Grilled Chicken Mentai Rice,food,FOD-04,4,42000,168000,cash,take away
4127,SUN-33703,2024-12-11,Strawberry_Mojito_Mocktail,drinks,DRK-06,3,unknown,81000,cash,online shop
4128,SUN-41243,2024-11-04,Creamy Spaghetti Carbonara,food,FOD-03,1,38000,38000,credit card,take away
4129,SUN-46058,2024-04-17,Lotus Biscoff Cheesecake,unknown,DST-03,2,25000,nan,nan,nan
4130,SUN-42765,2024-09-25,Tiramisu Tres Leches,desserts,DST-05,2,22000,44000,credit card,dine in
4131,SUN-49174,2024-02-25,Cinnamon Roll,desserts,DST-04,nan,35000,105000,cash,online shop
4132,SUN-31761,2024-02-29,Iced_Aren_Latte,drinks,DRK-01,1,25000,25000,digital wallet,dine in
4133,SUN-48717,2024-11-14,error,food,FOD-01,1,10000,10000,cash,online shop
4134,SUN-35454,2024-06-17,Earl_Grey_Milk_Tea,drinks,DRK-04,1,unknown,24000,digital wallet,dine in
4135,SUN-38294,2024-01-02,Earl_Grey_Milk_Tea,drinks,DRK-04,4,24000,96000,digital wallet,nan
4136,SUN-31379,2024-11-02,Mineral_Water,drinks,DRK-07,nan,26000,52000,cash,dine in
4137,SUN-31137,2024-11-23,Iced_Aren_Latte,drinks,DRK-01,3,25000,75000,digital wallet,error
4138,SUN-35913,2024-08-21,Earl_Grey_Milk_Tea,drinks,nan,2,error,48000,cash,dine in
4139,SUN-43314,2024-03-06,Nasi Goreng Kampung Premium,food,FOD-02,1,32000,32000,credit card,dine in
4140,SUN-48437,2024-07-02,Butter Croissant,nan,DST-01,2,45000,90000,nan,take away
4141,SUN-38849,2024-05-30,Hot_Americano,drinks,DRK-02,3,22000,66000,cash,dine in
4142,SUN-40442,2024-06-06,Creamy Spaghetti Carbonara,food,FOD-03,3,error,missing,nan,dine in
4143,SUN-30612,2024-11-12,Strawberry_Mojito_Mocktail,drinks,DRK-06,unknown,27000,error,digital wallet,missing
4144,SUN-45195,2024-03-30,Classic_Beef_Burger,food,FOD-05,1,40000,40000,unknown,dine in
4145,SUN-39335,2024-01-03,unknown,drinks,DRK-07,1,26000,26000,cash,online shop
4146,SUN-36763,2024-09-22,missing,food,FOD-04,missing,42000,126000,credit card,take away
4147,SUN-46249,2024-10-15,Creamy Spaghetti Carbonara,food,FOD-03,2,missing,76000,credit card,take away
4148,SUN-42549,2024-10-08,Strawberry_Mojito_Mocktail,drinks,DRK-06,3,nan,81000,digital wallet,dine in
4149,SUN-32721,2024-02-04,Fudgy Brownie With Ice Cream,desserts,DST-02,3,18000,missing,digital wallet,online shop
4150,SUN-44235,2024-12-04,Lotus Biscoff Cheesecake,desserts,DST-03,3,25000,75000,credit card,take away
4151,SUN-49536,2024-08-22,missing,drinks,DRK-03,error,28000,84000,cash,nan
4152,SUN-38499,2024-06-16,nan,nan,DST-01,2,45000,90000,cash,take away
4153,SUN-43489,2024-05-17,Nasi Goreng Kampung Premium,food,FOD-02,3,32000,96000,cash,take away
4154,SUN-31503,2024-05-24,Truffle Fries & Sausage,food,FOD-01,1,nan,10000,cash,take away
4155,SUN-35739,2024-06-05,Mineral_Water,drinks,DRK-07,1,26000,26000,digital wallet,online shop
4156,SUN-49270,2024-09-19,Butter Croissant,error,DST-01,4,45000,180000,digital wallet,dine in
4157,SUN-32541,2024-11-12,Tiramisu Tres Leches,unknown,missing,2,22000,44000,cash,online shop
4158,SUN-32272,2024-07-04,missing,drinks,DRK-07,1,26000,nan,digital wallet,take away
4159,SUN-30938,2024-08-16,Lemonade_Espresso_Tonic,drinks,DRK-05,3,24000,72000,digital wallet,dine in
4160,SUN-38176,2024-07-12,Lemonade_Espresso_Tonic,drinks,DRK-05,4,24000,96000,digital wallet,take away
4161,SUN-44319,2024-03-10,Cinnamon Roll,desserts,DST-04,2,35000,70000,credit card,nan
4162,SUN-38853,2024-09-07,Lemonade_Espresso_Tonic,drinks,DRK-05,3,24000,72000,credit card,take away
4163,SUN-34429,2024-03-03,Classic_Beef_Burger,food,FOD-05,missing,40000,80000,missing,dine in
4164,SUN-30877,2024-11-09,Butter Croissant,desserts,DST-01,2,45000,90000,cash,online shop
4165,error,2024-05-25,Butter Croissant,desserts,error,1,45000,error,missing,take away
4166,SUN-48265,2024-04-26,missing,desserts,DST-04,1,35000,35000,credit card,online shop
4167,SUN-32946,2024-06-05,Cinnamon Roll,desserts,DST-04,1,35000,35000,credit card,dine in
4168,SUN-41050,2024-05-09,Butter Croissant,desserts,DST-01,1,45000,45000,cash,unknown
4169,SUN-48603,2024-04-25,Matcha_Berry_Latte,drinks,DRK-03,4,28000,112000,credit card,dine in
4170,missing,2024-10-12,Lotus Biscoff Cheesecake,desserts,DST-03,4,25000,100000,cash,dine in
4171,SUN-30727,2024-06-29,Grilled Chicken Mentai Rice,food,FOD-04,2,42000,84000,credit card,online shop
4172,SUN-41135,2024-02-14,Butter Croissant,desserts,DST-01,3,45000,135000,credit card,take away
4173,SUN-37886,2024-04-24,Mineral_Water,drinks,DRK-07,4,26000,104000,credit card,dine in
4174,SUN-43474,2024-08-07,Lemonade_Espresso_Tonic,drinks,DRK-05,3,24000,72000,credit card,dine in
4175,SUN-37033,2024-02-06,Fudgy Brownie With Ice Cream,desserts,DST-02,1,18000,18000,credit card,take away
4176,SUN-42510,2024-04-06,missing,error,DST-03,3,25000,75000,credit card,dine in
4177,SUN-31852,2024-10-11,Truffle Fries & Sausage,food,FOD-01,3,unknown,30000,credit card,online shop
4178,SUN-49086,2024-05-05,Butter Croissant,desserts,DST-01,2,45000,missing,cash,take away
4179,SUN-42886,2024-08-18,missing,unknown,error,2,40000,80000,credit card,online shop
4180,nan,2024-06-17,Nasi Goreng Kampung Premium,food,unknown,4,32000,unknown,cash,online shop
4181,SUN-48126,2024-11-19,nan,drinks,DRK-05,4,24000,96000,nan,dine in
4182,SUN-32625,2024-04-15,missing,food,FOD-04,error,42000,42000,error,online shop
4183,SUN-34710,2024-08-15,Cinnamon Roll,desserts,DST-04,1,35000,35000,digital wallet,online shop
4184,SUN-39819,2024-12-04,Tiramisu Tres Leches,desserts,DST-05,3,22000,66000,digital wallet,dine in
4185,SUN-31120,2024-02-05,Earl_Grey_Milk_Tea,drinks,DRK-04,3,24000,72000,credit card,dine in
4186,SUN-33850,2024-11-06,Butter Croissant,desserts,DST-01,1,45000,45000,digital wallet,online shop
4187,SUN-32990,2024-04-22,Mineral_Water,drinks,DRK-07,4,unknown,104000,credit card,online shop
4188,SUN-31152,2024-08-19,Matcha_Berry_Latte,drinks,DRK-03,1,28000,28000,digital wallet,online shop
4189,SUN-36490,2024-02-14,Mineral_Water,drinks,DRK-07,3,26000,78000,digital wallet,dine in
4190,SUN-39888,2024-02-26,Lemonade_Espresso_Tonic,unknown,DRK-05,4,24000,96000,cash,missing
4191,SUN-45761,2024-09-25,Hot_Americano,drinks,DRK-02,3,22000,66000,credit card,online shop
4192,unknown,2024-05-12,nan,food,FOD-03,3,38000,114000,credit card,dine in
4193,SUN-42457,2024-01-28,Earl_Grey_Milk_Tea,drinks,DRK-04,2,missing,48000,digital wallet,take away
4194,SUN-33525,2024-10-21,Matcha_Berry_Latte,drinks,DRK-03,1,28000,28000,unknown,take away
4195,SUN-42954,2024-05-26,Grilled Chicken Mentai Rice,food,FOD-04,3,42000,126000,cash,online shop
4196,SUN-47400,2024-06-27,unknown,drinks,DRK-07,2,26000,52000,digital wallet,take away
4197,SUN-49439,2024-02-04,Truffle Fries & Sausage,food,FOD-01,1,10000,nan,digital wallet,online shop
4198,SUN-44952,2024-11-01,Truffle Fries & Sausage,missing,FOD-01,4,error,40000,digital wallet,dine in
4199,SUN-48521,2024-09-23,Creamy Spaghetti Carbonara,food,FOD-03,unknown,38000,38000,cash,dine in
4200,missing,2024-06-06,Nasi Goreng Kampung Premium,food,FOD-02,4,32000,128000,credit card,error
4201,SUN-45802,2024-03-19,Fudgy Brownie With Ice Cream,desserts,DST-02,2,18000,36000,digital wallet,take away
4202,SUN-42489,2024-09-05,Fudgy Brownie With Ice Cream,desserts,nan,1,18000,18000,credit card,online shop
4203,SUN-39933,2024-07-11,Strawberry_Mojito_Mocktail,drinks,DRK-06,1,27000,27000,digital wallet,take away
4204,SUN-47787,2024-12-09,Truffle Fries & Sausage,unknown,FOD-01,4,10000,40000,digital wallet,online shop
4205,SUN-37543,2024-04-06,Truffle Fries & Sausage,food,FOD-01,1,10000,10000,digital wallet,online shop
4206,SUN-42982,2024-05-27,Truffle Fries & Sausage,food,FOD-01,4,10000,40000,digital wallet,online shop
4207,SUN-32560,2024-05-06,error,food,FOD-01,2,10000,20000,digital wallet,error
4208,SUN-45868,2024-05-12,error,desserts,nan,4,25000,100000,credit card,dine in
4209,SUN-32696,2024-07-08,Fudgy Brownie With Ice Cream,missing,DST-02,4,18000,72000,cash,take away
4210,SUN-35695,2024-09-28,nan,food,FOD-04,4,42000,missing,credit card,take away
4211,error,2024-07-09,missing,error,FOD-05,4,40000,160000,cash,online shop
4212,SUN-35681,2024-09-12,nan,drinks,nan,1,27000,27000,nan,online shop
4213,SUN-38451,2024-01-14,Classic_Beef_Burger,food,FOD-05,unknown,40000,40000,cash,online shop
4214,SUN-31218,2024-01-05,Hot_Americano,drinks,DRK-02,missing,22000,22000,credit card,dine in
4215,SUN-30970,2024-07-09,Hot_Americano,drinks,DRK-02,2,22000,unknown,credit card,dine in
4216,SUN-32306,2024-11-29,Mineral_Water,unknown,DRK-07,4,26000,104000,credit card,take away
4217,missing,2024-04-26,Earl_Grey_Milk_Tea,drinks,DRK-04,3,24000,72000,digital wallet,online shop
4218,SUN-33543,2024-11-12,Grilled Chicken Mentai Rice,unknown,FOD-04,2,42000,84000,cash,error
4219,SUN-43205,2024-03-22,Classic_Beef_Burger,food,FOD-05,4,40000,nan,digital wallet,take away
4220,SUN-36843,2024-07-03,Cinnamon Roll,desserts,DST-04,2,35000,unknown,cash,take away
4221,SUN-39577,2024-01-15,unknown,food,FOD-05,1,40000,40000,digital wallet,take away
4222,SUN-39145,2024-10-28,Fudgy Brownie With Ice Cream,desserts,DST-02,3,unknown,54000,digital wallet,dine in
4223,SUN-40246,2024-08-03,Earl_Grey_Milk_Tea,drinks,DRK-04,1,24000,24000,cash,dine in
4224,SUN-35230,2024-01-29,error,drinks,DRK-03,3,28000,84000,error,nan
4225,SUN-46381,2024-05-16,Cinnamon Roll,desserts,DST-04,1,35000,35000,cash,dine in
4226,SUN-49213,2024-09-13,Strawberry_Mojito_Mocktail,drinks,DRK-06,4,27000,108000,digital wallet,take away
4227,SUN-47770,2024-07-20,Butter Croissant,desserts,DST-01,2,45000,missing,digital wallet,take away
4228,SUN-37640,2024-04-30,Fudgy Brownie With Ice Cream,desserts,DST-02,3,18000,54000,nan,online shop
4229,SUN-41984,2024-03-25,Tiramisu Tres Leches,desserts,DST-05,1,22000,22000,digital wallet,dine in
4230,SUN-45569,2024-05-03,Earl_Grey_Milk_Tea,drinks,DRK-04,missing,24000,unknown,missing,online shop
4231,SUN-30831,2024-03-05,Hot_Americano,drinks,DRK-02,1,missing,nan,credit card,missing
4232,SUN-42543,2024-05-06,Iced_Aren_Latte,drinks,DRK-01,3,25000,75000,credit card,online shop
4233,SUN-31583,2024-01-14,Classic_Beef_Burger,food,FOD-05,3,40000,120000,error,take away
4234,SUN-46150,2024-09-21,Mineral_Water,drinks,DRK-07,4,26000,unknown,credit card,dine in
4235,error,2024-04-09,missing,drinks,DRK-02,1,22000,22000,error,online shop
4236,SUN-44234,2024-03-23,Strawberry_Mojito_Mocktail,drinks,DRK-06,2,27000,54000,error,online shop
4237,SUN-44461,2024-03-19,Strawberry_Mojito_Mocktail,drinks,DRK-06,1,missing,27000,digital wallet,dine in
4238,SUN-41636,2024-06-20,Truffle Fries & Sausage,food,FOD-01,4,10000,40000,credit card,take away
4239,SUN-35400,2024-07-12,Lotus Biscoff Cheesecake,desserts,DST-03,2,25000,50000,credit card,take away
4240,SUN-44822,2024-02-14,Tiramisu Tres Leches,desserts,DST-05,3,22000,66000,digital wallet,online shop
4241,missing,2024-01-26,Nasi Goreng Kampung Premium,food,FOD-02,2,32000,64000,digital wallet,dine in
4242,SUN-47042,2024-03-21,Butter Croissant,desserts,DST-01,4,45000,error,cash,online shop
4243,SUN-39903,2024-12-06,missing,drinks,DRK-07,1,nan,26000,cash,online shop
4244,SUN-36253,2024-05-28,Tiramisu Tres Leches,desserts,DST-05,2,22000,44000,cash,take away
4245,SUN-43717,2024-12-06,Grilled Chicken Mentai Rice,error,unknown,2,42000,84000,credit card,online shop
4246,SUN-42337,2024-01-13,Lotus Biscoff Cheesecake,desserts,DST-03,1,25000,25000,credit card,dine in
4247,SUN-30410,2024-09-19,Lotus Biscoff Cheesecake,desserts,DST-03,4,25000,100000,credit card,missing
4248,SUN-46426,2024-12-05,Nasi Goreng Kampung Premium,missing,FOD-02,2,32000,64000,credit card,nan
4249,missing,2024-11-24,Iced_Aren_Latte,drinks,DRK-01,4,25000,100000,cash,dine in
4250,SUN-41072,2024-02-08,Classic_Beef_Burger,food,FOD-05,3,40000,120000,cash,dine in
4251,SUN-42212,2024-10-29,Earl_Grey_Milk_Tea,drinks,nan,4,24000,96000,cash,take away
4252,SUN-41779,2024-08-25,Hot_Americano,drinks,DRK-02,3,22000,66000,credit card,dine in
4253,SUN-41313,2024-07-03,Strawberry_Mojito_Mocktail,drinks,DRK-06,4,27000,108000,nan,dine in
4254,SUN-30029,2024-10-13,Truffle Fries & Sausage,food,FOD-01,1,10000,10000,credit card,nan
4255,SUN-46655,2024-08-29,Butter Croissant,desserts,DST-01,4,45000,180000,digital wallet,dine in
4256,SUN-33159,2024-03-13,Classic_Beef_Burger,food,FOD-05,4,missing,missing,cash,take away
4257,SUN-33300,2024-04-02,Grilled Chicken Mentai Rice,food,FOD-04,3,42000,126000,missing,take away
4258,SUN-35362,2024-05-09,Earl_Grey_Milk_Tea,drinks,DRK-04,3,24000,72000,unknown,online shop
4259,SUN-36073,2024-09-24,Truffle Fries & Sausage,food,FOD-01,3,10000,nan,digital wallet,dine in
4260,SUN-41669,2024-04-10,Fudgy Brownie With Ice Cream,desserts,DST-02,3,18000,54000,cash,dine in
4261,SUN-40367,2024-06-16,Nasi Goreng Kampung Premium,food,FOD-02,2,32000,64000,cash,online shop
4262,SUN-36834,2024-02-10,error,desserts,DST-03,3,unknown,75000,cash,online shop
4263,SUN-30364,2024-08-26,Iced_Aren_Latte,drinks,DRK-01,3,25000,75000,unknown,take away
4264,SUN-42273,2024-06-06,Truffle Fries & Sausage,food,FOD-01,3,10000,30000,credit card,online shop
4265,SUN-38078,2024-03-21,Earl_Grey_Milk_Tea,drinks,DRK-04,4,24000,96000,nan,take away
4266,SUN-39477,2024-10-10,Lotus Biscoff Cheesecake,desserts,DST-03,1,unknown,25000,error,online shop
4267,SUN-47830,2024-12-07,Cinnamon Roll,desserts,DST-04,3,35000,105000,cash,online shop
4268,SUN-40689,2024-10-21,Butter Croissant,desserts,DST-01,unknown,45000,45000,unknown,take away
4269,unknown,2024-05-29,Nasi Goreng Kampung Premium,food,FOD-02,2,32000,error,cash,take away
4270,SUN-43173,2024-08-13,Tiramisu Tres Leches,desserts,DST-05,1,22000,22000,credit card,dine in
4271,SUN-41897,2024-12-09,Earl_Grey_Milk_Tea,drinks,DRK-04,nan,24000,error,nan,dine in
4272,SUN-47397,2024-12-07,nan,error,FOD-04,2,42000,84000,digital wallet,nan
4273,SUN-46709,2024-04-23,error,desserts,nan,2,25000,50000,digital wallet,take away
4274,SUN-47473,2024-05-22,Fudgy Brownie With Ice Cream,unknown,missing,4,18000,72000,missing,online shop
4275,SUN-44072,2024-08-21,Cinnamon Roll,desserts,DST-04,nan,35000,unknown,cash,nan
4276,SUN-37494,2024-02-20,Grilled Chicken Mentai Rice,food,FOD-04,3,42000,unknown,credit card,take away
4277,nan,2024-10-31,Fudgy Brownie With Ice Cream,desserts,DST-02,2,18000,36000,missing,take away
4278,SUN-48003,2024-03-03,Matcha_Berry_Latte,drinks,DRK-03,2,28000,error,cash,take away
4279,SUN-40986,2024-06-03,Lemonade_Espresso_Tonic,unknown,missing,1,24000,24000,digital wallet,nan
4280,SUN-30440,2024-05-24,Strawberry_Mojito_Mocktail,drinks,DRK-06,1,error,27000,credit card,dine in
4281,SUN-32030,2024-09-25,Lemonade_Espresso_Tonic,drinks,DRK-05,4,24000,96000,cash,take away
4282,SUN-31069,2024-10-19,Fudgy Brownie With Ice Cream,desserts,DST-02,1,18000,18000,digital wallet,take away
4283,SUN-39824,2024-02-28,Hot_Americano,drinks,DRK-02,3,22000,66000,credit card,dine in
4284,SUN-38646,2024-05-30,Classic_Beef_Burger,food,FOD-05,2,40000,80000,unknown,online shop
4285,error,2024-09-24,Nasi Goreng Kampung Premium,food,FOD-02,2,32000,64000,cash,unknown
4286,SUN-46761,2024-09-12,Cinnamon Roll,desserts,DST-04,3,error,nan,cash,take away
4287,SUN-43923,2024-09-29,Matcha_Berry_Latte,drinks,DRK-03,error,28000,28000,cash,online shop
4288,SUN-41535,2024-02-21,Butter Croissant,desserts,DST-01,1,45000,45000,digital wallet,dine in
4289,SUN-37724,2024-03-28,Grilled Chicken Mentai Rice,missing,FOD-04,1,42000,42000,digital wallet,dine in
4290,SUN-41733,2024-03-18,Strawberry_Mojito_Mocktail,drinks,DRK-06,1,27000,27000,nan,online shop
4291,SUN-47009,2024-04-13,nan,desserts,DST-05,2,unknown,44000,digital wallet,online shop
4292,error,2024-06-11,Classic_Beef_Burger,food,FOD-05,2,nan,80000,cash,take away
4293,SUN-40968,2024-09-02,Tiramisu Tres Leches,desserts,DST-05,3,22000,66000,nan,dine in
4294,SUN-40876,2024-09-28,Truffle Fries & Sausage,food,FOD-01,2,10000,20000,cash,take away
4295,SUN-30199,2024-06-19,error,desserts,DST-01,missing,45000,45000,digital wallet,error
4296,SUN-41498,2024-04-06,Earl_Grey_Milk_Tea,nan,DRK-04,error,24000,48000,cash,take away
4297,SUN-49195,2024-07-02,Strawberry_Mojito_Mocktail,drinks,DRK-06,2,27000,54000,cash,take away
4298,SUN-41962,2024-04-23,Classic_Beef_Burger,food,FOD-05,1,40000,40000,cash,take away
4299,SUN-39120,2024-10-07,Cinnamon Roll,desserts,DST-04,1,35000,35000,digital wallet,take away
4300,SUN-39446,2024-11-25,Lemonade_Espresso_Tonic,drinks,DRK-05,2,24000,48000,cash,online shop
4301,SUN-46644,2024-02-24,Cinnamon Roll,desserts,DST-04,1,35000,35000,credit card,online shop
4302,SUN-45111,2024-07-02,Nasi Goreng Kampung Premium,food,FOD-02,1,32000,unknown,credit card,take away
4303,SUN-48211,2024-06-08,Tiramisu Tres Leches,desserts,DST-05,1,22000,22000,cash,dine in
4304,SUN-49076,2024-04-22,Lemonade_Espresso_Tonic,drinks,DRK-05,error,24000,72000,digital wallet,online shop
4305,SUN-32732,2024-05-08,Matcha_Berry_Latte,drinks,DRK-03,1,28000,nan,digital wallet,unknown
4306,SUN-42736,2024-04-25,Fudgy Brownie With Ice Cream,desserts,DST-02,2,18000,36000,digital wallet,error
4307,unknown,2024-10-10,nan,drinks,DRK-04,4,24000,96000,missing,unknown
4308,SUN-39396,2024-04-17,Butter Croissant,desserts,DST-01,4,45000,180000,digital wallet,dine in
4309,SUN-42442,2024-09-02,missing,drinks,DRK-07,1,nan,26000,digital wallet,dine in
4310,SUN-41117,2024-07-25,Classic_Beef_Burger,food,missing,4,40000,160000,credit card,dine in
4311,SUN-47629,2024-01-06,Iced_Aren_Latte,drinks,DRK-01,1,unknown,25000,unknown,take away
4312,SUN-33110,2024-10-14,nan,food,FOD-03,3,38000,error,credit card,dine in
4313,SUN-36409,2024-07-24,Strawberry_Mojito_Mocktail,drinks,DRK-06,4,27000,108000,digital wallet,take away
4314,SUN-32692,2024-06-17,Butter Croissant,desserts,DST-01,2,unknown,missing,cash,dine in
4315,SUN-32699,2024-04-08,Hot_Americano,drinks,DRK-02,4,unknown,88000,credit card,dine in
4316,SUN-41223,2024-07-18,Mineral_Water,drinks,DRK-07,2,26000,52000,digital wallet,online shop
4317,SUN-44549,2024-04-20,Lemonade_Espresso_Tonic,drinks,DRK-05,3,24000,72000,nan,take away
4318,SUN-33167,2024-10-13,Iced_Aren_Latte,drinks,DRK-01,4,25000,unknown,cash,online shop
4319,SUN-30658,2024-01-17,Lotus Biscoff Cheesecake,desserts,DST-03,1,25000,25000,credit card,dine in
4320,SUN-49341,2024-10-17,Mineral_Water,drinks,error,1,26000,26000,credit card,dine in
4321,SUN-44044,2024-06-04,Fudgy Brownie With Ice Cream,desserts,DST-02,1,18000,18000,digital wallet,online shop
4322,SUN-37911,2024-09-03,Earl_Grey_Milk_Tea,error,DRK-04,2,24000,48000,cash,dine in
4323,SUN-46828,2024-06-10,Butter Croissant,desserts,DST-01,1,45000,45000,credit card,take away
4324,SUN-49975,2024-08-15,Earl_Grey_Milk_Tea,drinks,DRK-04,3,24000,72000,digital wallet,error
4325,SUN-34704,2024-02-02,Classic_Beef_Burger,nan,FOD-05,error,40000,missing,credit card,error
4326,SUN-45887,2024-08-07,unknown,desserts,DST-02,3,18000,54000,credit card,dine in
4327,SUN-34369,2024-10-27,unknown,drinks,DRK-04,2,unknown,48000,credit card,nan
4328,missing,2024-11-23,Fudgy Brownie With Ice Cream,desserts,DST-02,4,18000,72000,cash,online shop
4329,SUN-32311,2024-07-10,Hot_Americano,drinks,DRK-02,1,22000,22000,cash,error
4330,SUN-31917,2024-02-02,Lemonade_Espresso_Tonic,drinks,DRK-05,2,24000,48000,credit card,dine in
4331,SUN-46285,2024-09-07,Lemonade_Espresso_Tonic,drinks,DRK-05,4,24000,96000,credit card,online shop
4332,SUN-30111,2024-06-17,Mineral_Water,drinks,DRK-07,4,26000,104000,missing,online shop
4333,SUN-36587,2024-04-04,Grilled Chicken Mentai Rice,food,FOD-04,2,42000,nan,digital wallet,nan
4334,SUN-46793,2024-08-25,unknown,desserts,unknown,3,35000,105000,digital wallet,take away
4335,SUN-32976,2024-10-09,Creamy Spaghetti Carbonara,food,FOD-03,1,38000,38000,cash,online shop
4336,SUN-45608,2024-07-04,Fudgy Brownie With Ice Cream,desserts,DST-02,3,18000,54000,error,dine in
4337,SUN-42047,2024-01-21,Strawberry_Mojito_Mocktail,drinks,DRK-06,1,27000,27000,cash,dine in
4338,SUN-32426,2024-09-16,Hot_Americano,drinks,missing,1,22000,22000,cash,error
4339,SUN-30192,2024-04-16,Butter Croissant,desserts,DST-01,3,45000,135000,digital wallet,error
4340,SUN-49299,2024-01-12,Truffle Fries & Sausage,food,FOD-01,2,10000,20000,digital wallet,dine in
4341,SUN-36773,2024-03-27,unknown,food,FOD-03,4,38000,152000,credit card,online shop
4342,SUN-36427,2024-12-08,Tiramisu Tres Leches,desserts,DST-05,1,22000,22000,digital wallet,missing
4343,SUN-32753,2024-08-08,Truffle Fries & Sausage,food,FOD-01,3,10000,30000,digital wallet,dine in
4344,SUN-32847,2024-11-07,Butter Croissant,desserts,DST-01,3,45000,missing,credit card,online shop
4345,SUN-43379,2024-07-12,Strawberry_Mojito_Mocktail,drinks,DRK-06,1,error,27000,cash,dine in
4346,SUN-35408,2024-05-17,unknown,desserts,DST-03,3,25000,75000,digital wallet,take away
4347,SUN-45977,2024-06-05,error,desserts,DST-03,4,missing,100000,cash,dine in
4348,SUN-43121,2024-05-13,Strawberry_Mojito_Mocktail,error,DRK-06,1,27000,27000,credit card,online shop
4349,missing,2024-09-16,Fudgy Brownie With Ice Cream,desserts,DST-02,3,18000,54000,digital wallet,dine in
4350,SUN-42183,2024-06-18,Iced_Aren_Latte,drinks,DRK-01,nan,25000,75000,cash,dine in
4351,missing,2024-09-16,unknown,nan,DRK-01,3,25000,75000,credit card,take away
4352,SUN-30641,2024-07-28,Classic_Beef_Burger,food,FOD-05,error,40000,nan,error,dine in
4353,SUN-45028,2024-10-11,Butter Croissant,desserts,DST-01,error,45000,180000,digital wallet,online shop
4354,SUN-33847,2024-05-05,Butter Croissant,desserts,DST-01,4,45000,180000,cash,take away
4355,SUN-47588,2024-11-19,Classic_Beef_Burger,food,error,3,40000,120000,cash,error
4356,SUN-33619,2024-11-19,Classic_Beef_Burger,food,FOD-05,4,40000,160000,unknown,dine in
4357,SUN-46221,2024-12-09,Fudgy Brownie With Ice Cream,desserts,DST-02,1,18000,18000,digital wallet,take away
4358,SUN-49090,2024-09-17,Cinnamon Roll,desserts,DST-04,4,nan,140000,cash,unknown
4359,missing,2024-01-09,Iced_Aren_Latte,unknown,DRK-01,error,25000,75000,credit card,dine in
4360,SUN-47487,2024-10-13,Lotus Biscoff Cheesecake,desserts,DST-03,1,25000,25000,credit card,error
4361,SUN-32552,2024-10-27,Hot_Americano,drinks,DRK-02,2,missing,unknown,digital wallet,error
4362,SUN-44029,2024-10-25,Mineral_Water,drinks,DRK-07,4,26000,104000,credit card,take away
4363,SUN-30481,2024-11-24,unknown,food,FOD-03,4,38000,152000,credit card,nan
4364,SUN-34996,2024-06-04,Mineral_Water,missing,DRK-07,1,26000,26000,nan,dine in
4365,SUN-30757,2024-05-06,Mineral_Water,missing,DRK-07,3,26000,78000,nan,take away
4366,SUN-49543,2024-08-19,missing,drinks,DRK-07,error,26000,52000,cash,take away
4367,SUN-33597,2024-09-09,Matcha_Berry_Latte,error,DRK-03,3,28000,nan,credit card,unknown
4368,SUN-33891,2024-01-13,Creamy Spaghetti Carbonara,food,FOD-03,4,38000,152000,cash,dine in
4369,error,2024-04-12,Lemonade_Espresso_Tonic,drinks,DRK-05,1,error,24000,cash,dine in
4370,SUN-46864,2024-06-22,Tiramisu Tres Leches,desserts,DST-05,4,22000,88000,digital wallet,error
4371,SUN-42331,2024-01-29,nan,desserts,DST-03,error,25000,25000,credit card,online shop
4372,SUN-38485,2024-08-11,unknown,desserts,DST-05,4,22000,88000,credit card,online shop
4373,SUN-31008,2024-06-08,Tiramisu Tres Leches,desserts,DST-05,4,22000,88000,credit card,dine in
4374,unknown,2024-04-23,Grilled Chicken Mentai Rice,error,FOD-04,error,42000,nan,digital wallet,unknown
4375,SUN-46180,2024-01-06,Mineral_Water,drinks,nan,1,unknown,26000,credit card,online shop
4376,SUN-31843,2024-11-25,Nasi Goreng Kampung Premium,food,FOD-02,4,error,128000,credit card,take away
4377,SUN-42525,2024-02-19,Iced_Aren_Latte,drinks,DRK-01,1,25000,25000,cash,online shop
4378,SUN-34895,2024-03-01,missing,drinks,DRK-03,1,nan,28000,cash,online shop
4379,SUN-48392,2024-12-02,Nasi Goreng Kampung Premium,food,FOD-02,2,32000,64000,cash,error
4380,SUN-38825,2024-10-01,Iced_Aren_Latte,drinks,DRK-01,1,25000,unknown,credit card,nan
4381,SUN-47607,2024-11-27,Creamy Spaghetti Carbonara,food,FOD-03,4,38000,missing,cash,online shop
4382,SUN-47288,2024-01-19,Matcha_Berry_Latte,drinks,DRK-03,4,28000,112000,digital wallet,take away
4383,SUN-39929,2024-09-30,Hot_Americano,unknown,DRK-02,3,22000,66000,credit card,take away
4384,SUN-34461,2024-08-18,Classic_Beef_Burger,food,FOD-05,4,unknown,160000,cash,take away
4385,SUN-40753,2024-01-23,Iced_Aren_Latte,drinks,DRK-01,4,25000,100000,credit card,online shop
4386,SUN-36283,2024-02-01,missing,drinks,DRK-05,4,24000,96000,credit card,dine in
4387,SUN-48544,2024-04-10,Fudgy Brownie With Ice Cream,desserts,DST-02,3,18000,54000,digital wallet,online shop
4388,SUN-43691,2024-06-27,Hot_Americano,drinks,DRK-02,4,22000,88000,credit card,online shop
4389,SUN-33177,2024-11-12,Creamy Spaghetti Carbonara,food,FOD-03,4,38000,152000,cash,dine in
4390,SUN-34744,2024-07-29,Cinnamon Roll,desserts,DST-04,3,35000,105000,credit card,online shop
4391,SUN-36509,2024-08-21,error,drinks,DRK-02,nan,22000,unknown,digital wallet,dine in
4392,SUN-42396,2024-09-21,Nasi Goreng Kampung Premium,food,FOD-02,1,missing,32000,cash,online shop
4393,SUN-30318,2024-11-25,Lotus Biscoff Cheesecake,desserts,DST-03,4,25000,100000,credit card,online shop
4394,SUN-48751,2024-10-13,Mineral_Water,drinks,DRK-07,4,26000,104000,credit card,error
4395,SUN-48679,2024-09-05,Mineral_Water,drinks,DRK-07,4,26000,104000,cash,dine in
4396,error,2024-12-07,Grilled Chicken Mentai Rice,missing,FOD-04,1,unknown,42000,error,take away
4397,nan,2024-01-02,Truffle Fries & Sausage,food,FOD-01,2,10000,20000,digital wallet,online shop
4398,SUN-48710,2024-10-22,Lotus Biscoff Cheesecake,desserts,DST-03,2,missing,50000,cash,dine in
4399,SUN-36374,2024-07-26,Classic_Beef_Burger,food,FOD-05,3,40000,unknown,digital wallet,unknown
4400,SUN-37009,2024-08-10,Cinnamon Roll,desserts,DST-04,1,35000,35000,digital wallet,dine in
4401,SUN-49001,2024-08-04,Nasi Goreng Kampung Premium,error,FOD-02,3,nan,96000,credit card,online shop
4402,missing,2024-01-14,Iced_Aren_Latte,drinks,DRK-01,4,25000,100000,cash,dine in
4403,SUN-30536,2024-09-28,Tiramisu Tres Leches,missing,DST-05,4,22000,88000,cash,online shop
4404,SUN-47990,2024-06-12,Truffle Fries & Sausage,food,FOD-01,unknown,10000,20000,cash,unknown
4405,SUN-35656,2024-06-11,Strawberry_Mojito_Mocktail,drinks,DRK-06,missing,27000,error,digital wallet,take away
4406,SUN-40103,2024-04-25,Matcha_Berry_Latte,drinks,DRK-03,4,28000,112000,credit card,take away
4407,unknown,2024-08-22,Hot_Americano,drinks,DRK-02,2,22000,error,cash,online shop
4408,SUN-35960,2024-06-28,Butter Croissant,desserts,DST-01,3,45000,135000,digital wallet,dine in
4409,SUN-38997,2024-08-17,Lemonade_Espresso_Tonic,drinks,DRK-05,1,24000,24000,error,online shop
4410,SUN-37605,2024-07-23,Fudgy Brownie With Ice Cream,desserts,DST-02,3,18000,54000,cash,dine in
4411,SUN-47840,2024-04-09,Iced_Aren_Latte,drinks,DRK-01,3,25000,75000,cash,take away
4412,SUN-43458,2024-08-30,Classic_Beef_Burger,food,FOD-05,3,40000,120000,digital wallet,error
4413,SUN-32307,2024-10-02,Lotus Biscoff Cheesecake,desserts,DST-03,1,25000,25000,cash,missing
4414,SUN-31835,2024-01-02,Butter Croissant,desserts,DST-01,1,45000,45000,digital wallet,dine in
4415,SUN-31644,2024-03-26,Truffle Fries & Sausage,food,FOD-01,3,10000,30000,missing,online shop
4416,SUN-32519,2024-12-10,Truffle Fries & Sausage,food,FOD-01,3,10000,30000,digital wallet,online shop
4417,SUN-31056,2024-04-30,Cinnamon Roll,desserts,DST-04,2,35000,70000,cash,online shop
4418,SUN-46080,2024-05-28,Grilled Chicken Mentai Rice,food,FOD-04,4,42000,nan,digital wallet,take away
4419,SUN-33190,2024-01-24,Lotus Biscoff Cheesecake,desserts,nan,unknown,25000,75000,digital wallet,take away
4420,SUN-41217,2024-12-10,Strawberry_Mojito_Mocktail,drinks,unknown,1,27000,27000,digital wallet,error
4421,SUN-33405,2024-12-23,error,unknown,DRK-03,4,28000,112000,digital wallet,error
4422,SUN-42053,2024-04-02,Classic_Beef_Burger,food,FOD-05,1,40000,40000,cash,take away
4423,missing,2024-11-26,Earl_Grey_Milk_Tea,drinks,DRK-04,2,24000,48000,cash,take away
4424,SUN-38397,2024-07-06,Cinnamon Roll,desserts,DST-04,4,nan,140000,error,take away
4425,SUN-38460,2024-03-31,Fudgy Brownie With Ice Cream,desserts,DST-02,error,18000,54000,missing,online shop
4426,SUN-38661,2024-10-20,Creamy Spaghetti Carbonara,food,FOD-03,1,missing,38000,digital wallet,unknown
4427,SUN-49693,2024-11-21,Mineral_Water,drinks,DRK-07,3,26000,78000,credit card,online shop
4428,SUN-37150,2024-07-22,Mineral_Water,drinks,DRK-07,2,26000,52000,credit card,missing
4429,error,2024-08-12,Fudgy Brownie With Ice Cream,desserts,DST-02,1,18000,18000,nan,take away
4430,SUN-38949,2024-11-27,Lotus Biscoff Cheesecake,desserts,DST-03,1,25000,25000,credit card,take away
4431,SUN-35819,2024-08-14,Hot_Americano,drinks,DRK-02,3,22000,unknown,digital wallet,take away
4432,SUN-47000,2024-01-07,Nasi Goreng Kampung Premium,food,FOD-02,1,32000,error,unknown,dine in
4433,SUN-42503,2024-12-17,Lotus Biscoff Cheesecake,desserts,DST-03,3,25000,75000,digital wallet,online shop
4434,unknown,2024-10-03,Iced_Aren_Latte,drinks,DRK-01,1,25000,25000,digital wallet,dine in
4435,SUN-43514,2024-05-04,Grilled Chicken Mentai Rice,food,FOD-04,4,42000,168000,cash,online shop
4436,SUN-47492,2024-11-30,Lemonade_Espresso_Tonic,drinks,DRK-05,2,24000,48000,cash,online shop
4437,SUN-45667,2024-07-21,Classic_Beef_Burger,food,FOD-05,1,40000,40000,digital wallet,take away
4438,SUN-46625,2024-07-19,Strawberry_Mojito_Mocktail,drinks,DRK-06,4,27000,108000,digital wallet,online shop
4439,SUN-37777,2024-12-25,Butter Croissant,missing,DST-01,1,45000,45000,cash,take away
4440,SUN-40824,2024-09-21,error,desserts,DST-05,3,22000,66000,digital wallet,online shop
4441,SUN-47035,2024-07-31,Fudgy Brownie With Ice Cream,desserts,DST-02,unknown,18000,36000,cash,take away
4442,SUN-42819,2024-10-06,Nasi Goreng Kampung Premium,food,FOD-02,1,32000,32000,cash,online shop
4443,SUN-40148,2024-04-02,unknown,drinks,DRK-06,1,27000,27000,nan,dine in
4444,SUN-45452,2024-12-08,Earl_Grey_Milk_Tea,error,DRK-04,4,24000,96000,credit card,take away
4445,SUN-32048,2024-09-07,Lotus Biscoff Cheesecake,desserts,DST-03,2,25000,50000,error,online shop
4446,SUN-41070,2024-12-08,Lemonade_Espresso_Tonic,drinks,DRK-05,3,24000,72000,digital wallet,dine in
4447,SUN-47565,2024-12-10,nan,drinks,nan,1,28000,28000,digital wallet,dine in
4448,SUN-30953,2024-10-16,error,food,FOD-01,3,10000,30000,credit card,take away
4449,SUN-38056,2024-07-10,Classic_Beef_Burger,food,FOD-05,nan,40000,80000,cash,dine in
4450,SUN-39159,2024-01-31,Nasi Goreng Kampung Premium,nan,FOD-02,1,unknown,32000,digital wallet,take away
4451,SUN-43044,2024-08-16,Lemonade_Espresso_Tonic,missing,DRK-05,2,unknown,48000,digital wallet,take away
4452,SUN-30059,2024-07-26,Classic_Beef_Burger,food,FOD-05,1,40000,40000,digital wallet,dine in
4453,SUN-46460,2024-04-20,Strawberry_Mojito_Mocktail,drinks,DRK-06,2,27000,54000,digital wallet,take away
4454,SUN-49293,2024-06-10,Iced_Aren_Latte,drinks,DRK-01,2,25000,unknown,credit card,dine in
4455,unknown,2024-06-01,Butter Croissant,desserts,DST-01,2,45000,90000,cash,take away
4456,SUN-42940,2024-07-07,error,drinks,DRK-04,1,24000,24000,digital wallet,take away
4457,SUN-41192,2024-09-24,Fudgy Brownie With Ice Cream,desserts,DST-02,error,18000,18000,digital wallet,take away
4458,SUN-43950,2024-07-12,nan,drinks,DRK-05,missing,24000,96000,cash,error
4459,SUN-47720,2024-09-29,missing,nan,FOD-01,2,10000,20000,missing,dine in
4460,SUN-42586,2024-05-25,unknown,desserts,DST-05,4,22000,88000,missing,dine in
4461,unknown,2024-07-24,Truffle Fries & Sausage,food,missing,3,10000,30000,digital wallet,dine in
4462,SUN-46379,2024-06-08,Truffle Fries & Sausage,food,FOD-01,4,10000,40000,credit card,missing
4463,SUN-40560,2024-07-03,nan,missing,error,2,45000,90000,credit card,online shop
4464,SUN-30452,2024-07-27,Nasi Goreng Kampung Premium,food,FOD-02,error,32000,32000,credit card,take away
4465,SUN-32415,2024-09-03,Creamy Spaghetti Carbonara,food,FOD-03,3,error,unknown,digital wallet,dine in
4466,nan,2024-01-28,Butter Croissant,desserts,DST-01,1,45000,45000,credit card,take away
4467,SUN-35794,2024-08-20,Grilled Chicken Mentai Rice,food,FOD-04,4,nan,168000,credit card,dine in
4468,SUN-42728,2024-12-06,Creamy Spaghetti Carbonara,food,FOD-03,4,38000,152000,nan,error
4469,SUN-48471,2024-06-07,Earl_Grey_Milk_Tea,missing,DRK-04,3,24000,72000,nan,take away
4470,SUN-31326,2024-02-19,unknown,food,FOD-02,4,32000,128000,cash,take away
4471,SUN-34116,2024-01-09,Lotus Biscoff Cheesecake,desserts,DST-03,4,25000,100000,credit card,online shop
4472,SUN-34463,2024-01-31,Strawberry_Mojito_Mocktail,drinks,DRK-06,3,27000,missing,digital wallet,missing
4473,SUN-45907,2024-04-20,Matcha_Berry_Latte,drinks,DRK-03,4,28000,112000,credit card,take away
4474,SUN-38042,2024-06-12,Iced_Aren_Latte,drinks,DRK-01,4,25000,100000,digital wallet,dine in
4475,SUN-31484,2024-10-21,Tiramisu Tres Leches,missing,DST-05,3,22000,66000,cash,take away
4476,SUN-33436,2024-09-13,Iced_Aren_Latte,drinks,DRK-01,1,25000,error,cash,take away
4477,error,2024-09-20,Tiramisu Tres Leches,nan,DST-05,unknown,22000,22000,credit card,take away
4478,SUN-43548,2024-04-07,Classic_Beef_Burger,food,nan,2,40000,nan,credit card,online shop
4479,SUN-44905,2024-04-05,Iced_Aren_Latte,drinks,DRK-01,2,25000,50000,cash,dine in
4480,SUN-31299,2024-01-11,Classic_Beef_Burger,food,FOD-05,4,40000,160000,unknown,dine in
4481,SUN-36263,2024-03-20,Lotus Biscoff Cheesecake,desserts,DST-03,1,25000,25000,credit card,unknown
4482,SUN-43616,2024-02-11,Mineral_Water,drinks,DRK-07,2,26000,52000,digital wallet,take away
4483,SUN-44520,2024-12-10,missing,drinks,DRK-04,4,24000,96000,credit card,online shop
4484,SUN-33640,2024-06-12,Iced_Aren_Latte,drinks,DRK-01,2,25000,50000,cash,online shop
4485,SUN-41507,2024-08-27,Hot_Americano,drinks,DRK-02,1,22000,22000,credit card,take away
4486,SUN-32312,2024-07-20,Fudgy Brownie With Ice Cream,error,missing,3,missing,54000,credit card,online shop
4487,SUN-49186,2024-04-05,Tiramisu Tres Leches,desserts,DST-05,1,unknown,22000,credit card,dine in
4488,SUN-32311,2024-12-12,Butter Croissant,desserts,nan,1,45000,45000,digital wallet,online shop
4489,unknown,2024-01-02,Earl_Grey_Milk_Tea,drinks,DRK-04,1,24000,24000,credit card,take away
4490,SUN-38160,2024-02-09,Strawberry_Mojito_Mocktail,drinks,error,3,27000,81000,cash,error
4491,SUN-30337,2024-05-09,Tiramisu Tres Leches,desserts,DST-05,4,22000,88000,digital wallet,missing
4492,SUN-45829,2024-06-21,Cinnamon Roll,desserts,DST-04,3,35000,105000,credit card,dine in
4493,SUN-31396,2024-08-11,Fudgy Brownie With Ice Cream,desserts,DST-02,4,18000,72000,credit card,online shop
4494,SUN-46185,2024-07-22,Matcha_Berry_Latte,drinks,DRK-03,4,28000,112000,cash,online shop
4495,SUN-41686,2024-11-16,Strawberry_Mojito_Mocktail,drinks,DRK-06,3,27000,81000,nan,online shop
4496,SUN-34190,2024-10-12,Butter Croissant,desserts,nan,1,45000,45000,cash,take away
4497,SUN-38894,2024-05-05,Iced_Aren_Latte,unknown,DRK-01,4,25000,100000,credit card,dine in
4498,error,2024-05-12,Iced_Aren_Latte,drinks,DRK-01,1,25000,missing,cash,take away
4499,SUN-46217,2024-08-08,unknown,drinks,DRK-05,2,24000,48000,cash,dine in
4500,SUN-38078,2024-03-11,Grilled Chicken Mentai Rice,error,nan,4,42000,nan,cash,online shop
4501,SUN-44711,2024-11-28,Butter Croissant,desserts,DST-01,4,45000,180000,digital wallet,online shop
4502,SUN-34322,2024-03-05,Earl_Grey_Milk_Tea,drinks,DRK-04,1,24000,24000,error,dine in
4503,SUN-46229,2024-11-27,Nasi Goreng Kampung Premium,unknown,FOD-02,1,32000,32000,credit card,nan
4504,SUN-42084,2024-01-10,Grilled Chicken Mentai Rice,food,FOD-04,4,42000,168000,missing,dine in
4505,SUN-41944,2024-11-08,Matcha_Berry_Latte,drinks,nan,2,28000,56000,cash,take away
4506,SUN-34829,2024-08-20,error,missing,DRK-07,2,26000,52000,credit card,take away
4507,SUN-46707,2024-08-23,Tiramisu Tres Leches,desserts,DST-05,4,22000,88000,cash,dine in
4508,SUN-37400,2024-03-04,Earl_Grey_Milk_Tea,drinks,DRK-04,4,24000,nan,cash,online shop
4509,SUN-39933,2024-08-08,Nasi Goreng Kampung Premium,food,FOD-02,3,32000,nan,cash,dine in
4510,SUN-35058,2024-03-17,Classic_Beef_Burger,food,FOD-05,error,40000,80000,digital wallet,dine in
4511,SUN-35248,2024-09-18,Strawberry_Mojito_Mocktail,drinks,DRK-06,4,27000,missing,missing,online shop
4512,SUN-45252,2024-05-29,Lemonade_Espresso_Tonic,drinks,DRK-05,4,nan,96000,cash,unknown
4513,SUN-37354,2024-05-29,nan,desserts,DST-01,4,nan,missing,cash,online shop
4514,SUN-49119,2024-01-25,nan,food,FOD-02,4,32000,128000,cash,take away
4515,SUN-30401,2024-10-01,Iced_Aren_Latte,drinks,DRK-01,1,25000,25000,credit card,take away
4516,SUN-30896,2024-07-30,Hot_Americano,drinks,DRK-02,unknown,22000,66000,credit card,nan
4517,error,2024-01-09,error,drinks,DRK-06,2,27000,54000,credit card,take away
4518,SUN-45136,2024-06-25,Iced_Aren_Latte,drinks,DRK-01,4,25000,error,credit card,take away
4519,SUN-41942,2024-12-07,Mineral_Water,drinks,DRK-07,4,26000,104000,digital wallet,online shop
4520,SUN-43485,2024-01-06,unknown,drinks,DRK-04,4,nan,96000,cash,online shop
4521,SUN-46747,2024-09-19,Lemonade_Espresso_Tonic,error,DRK-05,3,24000,72000,digital wallet,take away
4522,nan,2024-12-21,Butter Croissant,desserts,error,4,45000,180000,cash,take away
4523,nan,2024-01-05,Lotus Biscoff Cheesecake,desserts,DST-03,missing,25000,100000,digital wallet,take away
4524,SUN-44094,2024-09-11,Lemonade_Espresso_Tonic,error,DRK-05,missing,24000,72000,digital wallet,dine in
4525,error,2024-09-16,Nasi Goreng Kampung Premium,food,FOD-02,nan,32000,32000,cash,dine in
4526,SUN-40007,2024-01-06,Butter Croissant,desserts,DST-01,2,missing,90000,digital wallet,dine in
4527,nan,2024-07-31,Matcha_Berry_Latte,drinks,DRK-03,4,28000,112000,cash,nan
4528,SUN-47905,2024-09-19,Lotus Biscoff Cheesecake,desserts,DST-03,1,25000,25000,credit card,online shop
4529,SUN-32567,2024-08-13,Iced_Aren_Latte,drinks,DRK-01,3,25000,75000,cash,take away
4530,SUN-32540,2024-06-26,Nasi Goreng Kampung Premium,food,FOD-02,3,32000,96000,cash,online shop
4531,SUN-45076,2024-08-25,Iced_Aren_Latte,unknown,DRK-01,1,25000,25000,cash,online shop
4532,SUN-36719,2024-08-31,Grilled Chicken Mentai Rice,food,FOD-04,4,42000,missing,cash,dine in
4533,SUN-37744,2024-02-15,Strawberry_Mojito_Mocktail,drinks,DRK-06,3,27000,81000,missing,take away
4534,SUN-31571,2024-08-09,Lotus Biscoff Cheesecake,desserts,DST-03,nan,25000,missing,digital wallet,take away
4535,SUN-48304,2024-01-15,Classic_Beef_Burger,food,FOD-05,4,40000,160000,cash,take away
4536,SUN-38189,2024-03-31,Classic_Beef_Burger,error,FOD-05,3,40000,120000,cash,take away
4537,SUN-32571,2024-03-18,Nasi Goreng Kampung Premium,food,FOD-02,3,32000,96000,cash,dine in
4538,SUN-35464,2024-12-30,Creamy Spaghetti Carbonara,missing,FOD-03,1,unknown,missing,cash,dine in
4539,SUN-41542,2024-01-30,nan,food,FOD-02,4,32000,128000,credit card,take away
4540,SUN-37290,2024-09-21,Nasi Goreng Kampung Premium,missing,FOD-02,1,32000,32000,unknown,online shop
4541,SUN-31707,2024-03-20,error,desserts,DST-04,4,35000,140000,credit card,dine in
4542,SUN-36203,2024-06-11,Creamy Spaghetti Carbonara,food,error,4,nan,152000,cash,take away
4543,SUN-48107,2024-09-22,Butter Croissant,desserts,missing,2,45000,90000,credit card,take away
4544,SUN-36312,2024-02-16,nan,desserts,DST-01,1,45000,45000,credit card,dine in
4545,SUN-30961,2024-05-02,Classic_Beef_Burger,food,FOD-05,4,40000,160000,cash,online shop
4546,SUN-44017,2024-01-28,Strawberry_Mojito_Mocktail,drinks,DRK-06,2,27000,54000,cash,online shop
4547,SUN-44716,2024-07-29,missing,desserts,DST-01,nan,45000,180000,digital wallet,take away
4548,SUN-30471,2024-06-15,Earl_Grey_Milk_Tea,drinks,DRK-04,2,24000,48000,credit card,online shop
4549,SUN-30208,2024-04-03,Lotus Biscoff Cheesecake,desserts,DST-03,2,25000,50000,cash,unknown
4550,SUN-31658,2024-08-15,Iced_Aren_Latte,drinks,DRK-01,3,25000,75000,credit card,dine in
4551,SUN-38553,2024-11-13,Classic_Beef_Burger,food,FOD-05,1,40000,40000,cash,dine in
4552,SUN-40806,2024-08-09,Lemonade_Espresso_Tonic,drinks,DRK-05,1,24000,missing,nan,take away
4553,SUN-34208,2024-01-26,Cinnamon Roll,desserts,DST-04,1,35000,35000,cash,online shop
4554,SUN-40051,2024-09-10,Truffle Fries & Sausage,food,FOD-01,4,10000,40000,credit card,nan
4555,SUN-33933,2024-07-20,Lemonade_Espresso_Tonic,drinks,DRK-05,3,24000,72000,unknown,take away
4556,SUN-43066,2024-08-26,Hot_Americano,drinks,DRK-02,error,22000,44000,digital wallet,take away
4557,SUN-42543,2024-07-17,Truffle Fries & Sausage,food,FOD-01,4,10000,40000,cash,dine in
4558,SUN-49702,2024-12-23,Lotus Biscoff Cheesecake,desserts,DST-03,2,25000,50000,digital wallet,dine in
4559,SUN-40616,2024-10-13,Fudgy Brownie With Ice Cream,desserts,DST-02,1,18000,nan,digital wallet,take away
4560,unknown,2024-12-25,Lemonade_Espresso_Tonic,drinks,DRK-05,3,24000,72000,credit card,online shop
4561,SUN-41376,2024-11-18,Strawberry_Mojito_Mocktail,drinks,DRK-06,1,27000,error,cash,take away
4562,SUN-42816,2024-10-27,Cinnamon Roll,desserts,unknown,3,35000,105000,cash,take away
4563,SUN-43825,2024-09-28,Strawberry_Mojito_Mocktail,drinks,DRK-06,4,27000,108000,missing,online shop
4564,SUN-48998,2024-01-07,Strawberry_Mojito_Mocktail,drinks,DRK-06,2,unknown,54000,digital wallet,take away
4565,SUN-35686,2024-02-11,Matcha_Berry_Latte,nan,DRK-03,4,unknown,error,cash,dine in
4566,SUN-41607,2024-01-05,Classic_Beef_Burger,food,FOD-05,3,40000,error,cash,online shop
4567,SUN-39136,2024-10-06,Tiramisu Tres Leches,desserts,DST-05,2,22000,44000,nan,dine in
4568,SUN-38078,2024-05-07,Nasi Goreng Kampung Premium,unknown,FOD-02,nan,32000,32000,cash,dine in
4569,SUN-38690,2024-06-23,Lemonade_Espresso_Tonic,drinks,DRK-05,nan,24000,96000,digital wallet,online shop
4570,SUN-33932,2024-01-27,error,food,FOD-04,3,42000,126000,credit card,online shop
4571,SUN-45364,2024-04-04,Butter Croissant,desserts,DST-01,2,45000,90000,cash,error
4572,SUN-31088,2024-12-28,Butter Croissant,desserts,DST-01,3,45000,135000,error,dine in
4573,SUN-38008,2024-10-05,Matcha_Berry_Latte,drinks,DRK-03,2,28000,56000,error,online shop
4574,SUN-49623,2024-12-10,Mineral_Water,drinks,DRK-07,error,26000,unknown,missing,dine in
4575,SUN-32900,2024-10-19,Creamy Spaghetti Carbonara,food,FOD-03,2,unknown,76000,credit card,online shop
4576,SUN-33967,2024-11-23,Cinnamon Roll,error,DST-04,3,nan,105000,unknown,nan
4577,SUN-36299,2024-06-27,missing,missing,DST-03,2,25000,missing,cash,take away
4578,SUN-47060,2024-08-18,nan,error,DRK-01,2,25000,50000,credit card,online shop
4579,SUN-41482,2024-11-01,Hot_Americano,drinks,DRK-02,3,22000,66000,credit card,take away
4580,SUN-38772,2024-09-28,Strawberry_Mojito_Mocktail,drinks,DRK-06,1,27000,27000,cash,online shop
4581,SUN-46710,2024-10-28,Tiramisu Tres Leches,desserts,DST-05,2,22000,unknown,digital wallet,online shop
4582,SUN-39566,2024-12-16,nan,desserts,DST-01,1,45000,45000,cash,dine in
4583,SUN-31552,2024-10-09,Truffle Fries & Sausage,food,FOD-01,3,10000,30000,digital wallet,unknown
4584,SUN-40134,2024-04-15,Tiramisu Tres Leches,desserts,DST-05,3,22000,66000,credit card,online shop
4585,SUN-37971,2024-09-06,Iced_Aren_Latte,drinks,DRK-01,3,missing,75000,nan,online shop
4586,SUN-32022,2024-06-21,Iced_Aren_Latte,drinks,DRK-01,nan,25000,75000,digital wallet,dine in
4587,SUN-30378,2024-07-27,error,desserts,DST-03,3,25000,75000,cash,dine in
4588,SUN-38031,2024-05-07,Hot_Americano,drinks,DRK-02,3,22000,66000,digital wallet,online shop
4589,SUN-34697,2024-07-03,Iced_Aren_Latte,missing,DRK-01,2,25000,50000,cash,online shop
4590,SUN-31301,2024-10-09,Butter Croissant,desserts,DST-01,4,45000,180000,cash,online shop
4591,unknown,2024-06-21,Cinnamon Roll,unknown,DST-04,2,35000,70000,credit card,dine in
4592,SUN-33523,2024-02-25,nan,missing,DRK-03,1,unknown,28000,digital wallet,take away
4593,missing,2024-05-20,missing,missing,DST-03,1,25000,25000,credit card,online shop
4594,SUN-35967,2024-08-11,Creamy Spaghetti Carbonara,missing,FOD-03,1,38000,missing,cash,take away
4595,nan,2024-04-21,Classic_Beef_Burger,food,FOD-05,1,40000,40000,cash,take away
4596,SUN-46565,2024-04-20,Fudgy Brownie With Ice Cream,desserts,DST-02,3,18000,54000,credit card,dine in
4597,SUN-43250,2024-03-08,Tiramisu Tres Leches,desserts,DST-05,missing,22000,nan,credit card,take away
4598,unknown,2024-02-28,missing,desserts,DST-04,1,35000,35000,cash,online shop
4599,SUN-35134,2024-02-08,Iced_Aren_Latte,drinks,DRK-01,error,25000,unknown,digital wallet,online shop
4600,SUN-45858,2024-02-13,Fudgy Brownie With Ice Cream,desserts,DST-02,1,18000,18000,digital wallet,online shop
4601,SUN-42294,2024-02-14,Hot_Americano,nan,DRK-02,nan,22000,66000,credit card,dine in
4602,SUN-38716,2024-09-07,Grilled Chicken Mentai Rice,missing,FOD-04,1,nan,missing,unknown,online shop
4603,SUN-31864,2024-11-27,Creamy Spaghetti Carbonara,food,FOD-03,4,nan,152000,cash,nan
4604,SUN-31233,2024-02-07,Lotus Biscoff Cheesecake,desserts,DST-03,4,25000,100000,digital wallet,online shop
4605,SUN-33938,2024-11-27,Nasi Goreng Kampung Premium,food,FOD-02,4,32000,128000,digital wallet,take away
4606,SUN-33115,2024-06-16,Hot_Americano,drinks,DRK-02,error,22000,22000,digital wallet,online shop
4607,SUN-40670,2024-06-24,Truffle Fries & Sausage,food,FOD-01,3,10000,30000,nan,dine in
4608,SUN-30902,2024-02-08,Hot_Americano,drinks,DRK-02,1,22000,22000,credit card,take away
4609,SUN-47513,2024-12-03,error,food,FOD-03,4,38000,unknown,digital wallet,dine in
4610,SUN-42847,2024-12-06,Lemonade_Espresso_Tonic,drinks,DRK-05,2,24000,48000,digital wallet,dine in
4611,SUN-47485,2024-10-27,Earl_Grey_Milk_Tea,drinks,DRK-04,2,unknown,48000,digital wallet,online shop
4612,SUN-32586,2024-03-01,Lemonade_Espresso_Tonic,drinks,DRK-05,4,24000,96000,digital wallet,take away
4613,SUN-48127,2024-06-21,Truffle Fries & Sausage,food,FOD-01,2,10000,20000,cash,dine in
4614,SUN-38772,2024-06-19,Earl_Grey_Milk_Tea,drinks,DRK-04,4,error,96000,cash,online shop
4615,SUN-32246,2024-12-11,Earl_Grey_Milk_Tea,drinks,DRK-04,2,missing,48000,cash,take away
4616,missing,2024-04-12,Iced_Aren_Latte,drinks,DRK-01,3,25000,75000,cash,take away
4617,SUN-33588,2024-05-01,Mineral_Water,drinks,DRK-07,1,26000,26000,digital wallet,take away
4618,SUN-46161,2024-07-20,Lemonade_Espresso_Tonic,nan,DRK-05,4,24000,missing,unknown,unknown
4619,SUN-30612,2024-08-03,Earl_Grey_Milk_Tea,drinks,DRK-04,2,nan,48000,credit card,error
4620,SUN-30691,2024-05-18,Earl_Grey_Milk_Tea,drinks,DRK-04,1,24000,24000,credit card,dine in
4621,SUN-33140,2024-12-18,Truffle Fries & Sausage,food,FOD-01,2,error,20000,digital wallet,online shop
4622,nan,2024-09-02,Matcha_Berry_Latte,drinks,DRK-03,2,28000,nan,cash,missing
4623,SUN-40484,2024-03-26,Hot_Americano,drinks,DRK-02,2,22000,44000,cash,dine in
4624,SUN-39090,2024-11-24,Nasi Goreng Kampung Premium,food,FOD-02,2,32000,64000,digital wallet,take away
4625,SUN-30346,2024-11-01,Earl_Grey_Milk_Tea,drinks,DRK-04,1,24000,24000,digital wallet,dine in
4626,SUN-38143,2024-01-17,error,drinks,DRK-05,1,24000,24000,cash,online shop
4627,SUN-38511,2024-05-16,Mineral_Water,drinks,DRK-07,1,26000,26000,error,online shop
4628,SUN-49958,2024-06-01,error,food,FOD-01,1,10000,unknown,error,take away
4629,SUN-43881,2024-05-15,Truffle Fries & Sausage,food,unknown,error,10000,20000,cash,take away
4630,SUN-36755,2024-06-28,Earl_Grey_Milk_Tea,nan,DRK-04,4,24000,96000,nan,take away
4631,SUN-33628,2024-11-02,Creamy Spaghetti Carbonara,food,FOD-03,2,38000,76000,credit card,unknown
4632,SUN-41848,2024-01-13,Fudgy Brownie With Ice Cream,desserts,DST-02,1,18000,18000,credit card,dine in
4633,SUN-31831,2024-04-22,Hot_Americano,drinks,DRK-02,1,22000,22000,digital wallet,online shop
4634,SUN-41420,2024-07-14,Lemonade_Espresso_Tonic,drinks,DRK-05,3,24000,72000,credit card,missing
4635,SUN-30710,2024-05-25,Grilled Chicken Mentai Rice,food,FOD-04,2,error,84000,cash,nan
4636,SUN-43210,2024-03-13,Lemonade_Espresso_Tonic,drinks,unknown,2,24000,unknown,digital wallet,online shop
4637,SUN-47740,2024-06-11,Fudgy Brownie With Ice Cream,error,error,nan,18000,36000,error,dine in
4638,SUN-42211,2024-02-08,Grilled Chicken Mentai Rice,food,FOD-04,unknown,42000,168000,credit card,online shop
4639,SUN-49457,2024-04-09,Cinnamon Roll,desserts,DST-04,1,missing,nan,digital wallet,dine in
4640,SUN-35653,2024-04-30,unknown,drinks,DRK-07,1,26000,26000,cash,online shop
4641,SUN-39835,2024-01-07,Lemonade_Espresso_Tonic,drinks,DRK-05,4,24000,96000,digital wallet,online shop
4642,SUN-49454,2024-10-01,Strawberry_Mojito_Mocktail,error,DRK-06,1,27000,27000,digital wallet,unknown
4643,SUN-41257,2024-12-24,Tiramisu Tres Leches,desserts,DST-05,3,22000,66000,credit card,online shop
4644,SUN-41559,2024-02-08,Nasi Goreng Kampung Premium,food,FOD-02,3,32000,96000,credit card,dine in
4645,SUN-40419,2024-01-05,Matcha_Berry_Latte,drinks,DRK-03,4,error,112000,credit card,online shop
4646,SUN-38676,2024-05-09,Butter Croissant,desserts,DST-01,3,45000,135000,error,take away
4647,SUN-32957,2024-06-19,Cinnamon Roll,desserts,DST-04,3,35000,105000,credit card,take away
4648,SUN-45590,2024-07-11,Lotus Biscoff Cheesecake,desserts,DST-03,3,25000,75000,digital wallet,unknown
4649,SUN-34569,2024-07-30,missing,drinks,DRK-06,3,27000,unknown,cash,take away
4650,unknown,2024-09-25,Butter Croissant,desserts,DST-01,3,45000,135000,digital wallet,error
4651,SUN-44630,2024-07-04,Iced_Aren_Latte,drinks,DRK-01,error,25000,50000,credit card,nan
4652,SUN-42813,2024-08-10,Classic_Beef_Burger,food,FOD-05,unknown,40000,120000,digital wallet,dine in
4653,SUN-42456,2024-06-02,Grilled Chicken Mentai Rice,food,FOD-04,4,42000,168000,missing,take away
4654,SUN-38516,2024-02-02,Lotus Biscoff Cheesecake,desserts,DST-03,4,25000,unknown,nan,online shop
4655,SUN-41412,2024-01-12,Earl_Grey_Milk_Tea,drinks,DRK-04,2,24000,missing,credit card,online shop
4656,SUN-36046,2024-10-16,Grilled Chicken Mentai Rice,food,FOD-04,2,42000,84000,unknown,online shop
4657,SUN-45965,2024-08-27,Strawberry_Mojito_Mocktail,drinks,DRK-06,4,27000,108000,cash,error
4658,SUN-31707,2024-05-14,Classic_Beef_Burger,food,FOD-05,1,40000,error,digital wallet,unknown
4659,SUN-39503,2024-01-22,error,nan,FOD-02,2,32000,64000,nan,take away
4660,nan,2024-01-05,Hot_Americano,drinks,DRK-02,1,22000,error,digital wallet,online shop
4661,SUN-30178,2024-05-06,Tiramisu Tres Leches,desserts,DST-05,3,22000,66000,cash,unknown
4662,SUN-37024,2024-01-08,Hot_Americano,drinks,DRK-02,1,22000,unknown,cash,take away
4663,SUN-41347,2024-02-01,Hot_Americano,drinks,DRK-02,unknown,22000,66000,cash,take away
4664,SUN-40436,2024-08-06,unknown,desserts,DST-04,4,35000,140000,digital wallet,online shop
4665,SUN-36958,2024-06-19,Classic_Beef_Burger,food,FOD-05,2,40000,80000,digital wallet,dine in
4666,SUN-49283,2024-09-05,Fudgy Brownie With Ice Cream,desserts,DST-02,1,18000,error,credit card,online shop
4667,SUN-41180,2024-12-20,Truffle Fries & Sausage,food,FOD-01,1,10000,10000,digital wallet,dine in
4668,SUN-43951,2024-03-22,Cinnamon Roll,desserts,DST-04,3,35000,105000,digital wallet,take away
4669,SUN-36539,2024-03-23,Matcha_Berry_Latte,drinks,DRK-03,1,unknown,nan,credit card,online shop
4670,SUN-40987,2024-06-10,Cinnamon Roll,desserts,DST-04,4,35000,140000,cash,unknown
4671,missing,2024-06-29,Cinnamon Roll,desserts,DST-04,2,35000,70000,credit card,missing
4672,error,2024-03-11,Classic_Beef_Burger,food,FOD-05,4,40000,160000,nan,take away
4673,SUN-36760,2024-07-04,Classic_Beef_Burger,food,FOD-05,2,40000,80000,digital wallet,online shop
4674,SUN-46643,2024-08-18,Classic_Beef_Burger,food,FOD-05,1,40000,40000,digital wallet,dine in
4675,SUN-30492,2024-12-24,Lotus Biscoff Cheesecake,desserts,DST-03,error,25000,25000,digital wallet,take away
4676,SUN-41835,2024-03-15,Lemonade_Espresso_Tonic,error,DRK-05,3,24000,72000,credit card,take away
4677,SUN-31891,2024-10-26,Classic_Beef_Burger,food,FOD-05,missing,40000,80000,credit card,online shop
4678,SUN-42748,2024-06-20,Tiramisu Tres Leches,desserts,DST-05,4,22000,88000,cash,dine in
4679,SUN-48173,2024-07-16,missing,drinks,DRK-06,2,27000,54000,error,dine in
4680,SUN-45815,2024-04-05,Matcha_Berry_Latte,drinks,unknown,unknown,28000,missing,digital wallet,nan
4681,SUN-44912,2024-06-20,Earl_Grey_Milk_Tea,drinks,DRK-04,3,24000,72000,cash,missing
4682,SUN-30506,2024-12-18,Lotus Biscoff Cheesecake,desserts,DST-03,2,25000,50000,credit card,take away
4683,SUN-47124,2024-12-21,Nasi Goreng Kampung Premium,food,missing,1,32000,32000,digital wallet,dine in
4684,SUN-41576,2024-03-24,Creamy Spaghetti Carbonara,food,FOD-03,1,38000,38000,unknown,dine in
4685,SUN-33871,2024-12-30,Truffle Fries & Sausage,food,FOD-01,2,10000,20000,error,take away
4686,SUN-37025,2024-08-19,unknown,unknown,DRK-04,3,24000,nan,credit card,dine in
4687,missing,2024-11-16,Butter Croissant,desserts,DST-01,3,45000,135000,credit card,dine in
4688,error,2024-01-23,Creamy Spaghetti Carbonara,food,FOD-03,4,38000,152000,credit card,dine in
4689,SUN-34086,2024-10-18,unknown,food,FOD-05,4,40000,160000,digital wallet,take away
4690,error,2024-09-13,Iced_Aren_Latte,drinks,DRK-01,4,25000,100000,cash,take away
4691,SUN-37292,2024-10-29,Creamy Spaghetti Carbonara,food,FOD-03,3,38000,114000,error,dine in
4692,SUN-31034,2024-03-14,Hot_Americano,drinks,DRK-02,1,22000,nan,digital wallet,dine in
4693,SUN-47132,2024-12-25,Cinnamon Roll,desserts,DST-04,4,35000,140000,cash,dine in
4694,SUN-39585,2024-05-18,Cinnamon Roll,desserts,DST-04,2,unknown,70000,unknown,dine in
4695,missing,2024-10-15,Strawberry_Mojito_Mocktail,drinks,unknown,3,27000,81000,cash,take away
4696,SUN-37354,2024-04-24,Lemonade_Espresso_Tonic,drinks,DRK-05,2,24000,48000,credit card,online shop
4697,error,2024-01-28,Iced_Aren_Latte,drinks,DRK-01,4,25000,100000,credit card,take away
4698,SUN-37877,2024-12-17,Lemonade_Espresso_Tonic,drinks,DRK-05,4,24000,96000,cash,dine in
4699,SUN-45100,2024-01-22,Nasi Goreng Kampung Premium,food,FOD-02,1,32000,32000,credit card,dine in
4700,SUN-40001,2024-04-20,Cinnamon Roll,desserts,DST-04,error,35000,70000,nan,take away
4701,SUN-36991,2024-11-26,Classic_Beef_Burger,nan,FOD-05,3,40000,120000,credit card,dine in
4702,SUN-46350,2024-02-03,Mineral_Water,drinks,DRK-07,3,26000,78000,unknown,missing
4703,SUN-31438,2024-11-07,nan,drinks,DRK-06,1,27000,27000,credit card,dine in
4704,SUN-44667,2024-06-27,Lemonade_Espresso_Tonic,drinks,DRK-05,3,24000,unknown,cash,take away
4705,missing,2024-07-31,unknown,drinks,DRK-05,3,24000,72000,cash,take away
4706,SUN-47466,2024-02-14,Matcha_Berry_Latte,drinks,DRK-03,2,nan,56000,credit card,take away
4707,SUN-44132,2024-11-01,Grilled Chicken Mentai Rice,food,FOD-04,2,42000,84000,credit card,unknown
4708,SUN-31165,2024-01-08,Lemonade_Espresso_Tonic,nan,DRK-05,error,24000,24000,cash,online shop
4709,SUN-37840,2024-12-10,nan,food,FOD-01,4,10000,40000,digital wallet,dine in
4710,SUN-46383,2024-08-11,Butter Croissant,desserts,DST-01,1,45000,45000,cash,missing
4711,SUN-37717,2024-07-20,Grilled Chicken Mentai Rice,food,FOD-04,1,nan,42000,cash,dine in
4712,SUN-39143,2024-10-23,Grilled Chicken Mentai Rice,food,FOD-04,missing,42000,126000,cash,missing
4713,SUN-32435,2024-10-26,Tiramisu Tres Leches,unknown,DST-05,1,22000,22000,nan,dine in
4714,SUN-41018,2024-08-30,Lemonade_Espresso_Tonic,drinks,DRK-05,2,24000,48000,credit card,unknown
4715,unknown,2024-06-26,unknown,desserts,DST-04,2,35000,70000,cash,take away
4716,SUN-42269,2024-07-17,Tiramisu Tres Leches,desserts,DST-05,missing,22000,unknown,digital wallet,take away
4717,SUN-40590,2024-05-15,Hot_Americano,drinks,DRK-02,nan,22000,22000,cash,take away
4718,SUN-43157,2024-08-29,unknown,drinks,DRK-01,3,25000,75000,digital wallet,online shop
4719,SUN-35936,2024-05-24,Fudgy Brownie With Ice Cream,desserts,DST-02,3,18000,54000,cash,dine in
4720,SUN-35653,2024-04-06,Fudgy Brownie With Ice Cream,desserts,DST-02,3,18000,54000,missing,dine in
4721,SUN-43333,2024-03-26,Matcha_Berry_Latte,drinks,DRK-03,2,28000,56000,digital wallet,error
4722,SUN-44912,2024-08-21,Earl_Grey_Milk_Tea,nan,DRK-04,unknown,24000,96000,digital wallet,online shop
4723,SUN-49821,2024-02-17,Butter Croissant,desserts,DST-01,1,45000,45000,credit card,dine in
4724,SUN-46357,2024-08-08,Lemonade_Espresso_Tonic,drinks,DRK-05,4,24000,96000,digital wallet,dine in
4725,SUN-46477,2024-12-15,Mineral_Water,drinks,DRK-07,1,26000,26000,digital wallet,dine in
4726,SUN-48935,2024-02-25,unknown,error,FOD-03,3,38000,114000,credit card,take away
4727,SUN-33658,2024-03-14,Cinnamon Roll,desserts,DST-04,1,35000,35000,cash,error
4728,SUN-30481,2024-03-01,nan,food,FOD-04,2,42000,84000,cash,take away
4729,SUN-30199,2024-11-21,Matcha_Berry_Latte,drinks,DRK-03,1,28000,28000,digital wallet,take away
4730,SUN-33752,2024-06-17,Iced_Aren_Latte,drinks,DRK-01,2,25000,50000,error,dine in
4731,SUN-30048,2024-03-09,Grilled Chicken Mentai Rice,food,FOD-04,4,42000,168000,cash,take away
4732,SUN-39244,2024-06-06,missing,food,FOD-01,3,10000,30000,credit card,dine in
4733,missing,2024-03-01,Iced_Aren_Latte,drinks,DRK-01,3,25000,75000,credit card,online shop
4734,SUN-38880,2024-07-20,Grilled Chicken Mentai Rice,food,FOD-04,1,42000,42000,digital wallet,dine in
4735,SUN-38702,2024-06-02,missing,food,FOD-01,4,10000,40000,cash,online shop
4736,SUN-37584,2024-02-15,Iced_Aren_Latte,drinks,DRK-01,unknown,25000,25000,cash,take away
4737,SUN-35264,2024-10-16,Hot_Americano,drinks,DRK-02,2,22000,44000,cash,take away
4738,SUN-48970,2024-05-10,Fudgy Brownie With Ice Cream,desserts,DST-02,1,18000,error,credit card,error
4739,SUN-36511,2024-03-22,Earl_Grey_Milk_Tea,drinks,DRK-04,1,24000,24000,credit card,online shop
4740,SUN-35898,2024-07-28,Truffle Fries & Sausage,food,FOD-01,3,missing,30000,digital wallet,take away
4741,SUN-43444,2024-01-21,Mineral_Water,drinks,DRK-07,2,26000,error,digital wallet,online shop
4742,SUN-33216,2024-03-10,Hot_Americano,drinks,DRK-02,3,22000,66000,unknown,take away
4743,SUN-46701,2024-12-06,Cinnamon Roll,unknown,missing,3,35000,105000,digital wallet,dine in
4744,SUN-36694,2024-09-20,nan,desserts,DST-01,1,unknown,45000,cash,dine in
4745,SUN-37248,2024-12-15,Tiramisu Tres Leches,desserts,DST-05,nan,22000,44000,credit card,dine in
4746,SUN-30579,2024-04-07,Butter Croissant,desserts,DST-01,missing,45000,90000,digital wallet,nan
4747,SUN-32860,2024-06-02,Matcha_Berry_Latte,drinks,DRK-03,1,28000,28000,unknown,missing
4748,SUN-44740,unknown,Matcha_Berry_Latte,drinks,DRK-03,1,28000,28000,credit card,dine in
4749,SUN-42924,2024-06-25,Butter Croissant,desserts,DST-01,3,45000,135000,credit card,take away
4750,SUN-38475,2024-07-20,Strawberry_Mojito_Mocktail,unknown,missing,3,27000,81000,digital wallet,take away
4751,SUN-34705,2024-09-15,Truffle Fries & Sausage,unknown,FOD-01,3,10000,30000,missing,take away
4752,SUN-40574,2024-09-08,Grilled Chicken Mentai Rice,food,FOD-04,2,42000,84000,cash,dine in
4753,SUN-42636,2024-09-27,Classic_Beef_Burger,food,FOD-05,3,40000,120000,credit card,dine in
4754,SUN-47406,2024-10-20,unknown,food,FOD-01,3,10000,30000,credit card,dine in
4755,SUN-46544,2024-08-24,Cinnamon Roll,desserts,DST-04,1,35000,35000,cash,online shop
4756,SUN-46082,2024-05-17,Hot_Americano,drinks,DRK-02,4,22000,88000,digital wallet,online shop
4757,SUN-49432,2024-08-22,Cinnamon Roll,desserts,DST-04,error,35000,140000,digital wallet,missing
4758,SUN-45623,2024-03-23,Truffle Fries & Sausage,food,FOD-01,1,10000,10000,nan,online shop
4759,SUN-45797,2024-07-13,Strawberry_Mojito_Mocktail,drinks,DRK-06,2,27000,54000,nan,dine in
4760,SUN-30459,2024-11-30,Earl_Grey_Milk_Tea,drinks,DRK-04,4,24000,96000,missing,online shop
4761,SUN-31320,2024-04-19,Matcha_Berry_Latte,drinks,DRK-03,2,28000,nan,cash,dine in
4762,SUN-31921,2024-04-10,Fudgy Brownie With Ice Cream,desserts,DST-02,2,18000,36000,nan,online shop
4763,error,2024-03-21,Strawberry_Mojito_Mocktail,drinks,DRK-06,2,27000,54000,credit card,dine in
4764,unknown,2024-11-12,Cinnamon Roll,desserts,DST-04,4,35000,140000,cash,dine in
4765,SUN-42578,2024-10-15,Strawberry_Mojito_Mocktail,unknown,DRK-06,missing,27000,108000,credit card,missing
4766,SUN-45242,2024-10-20,unknown,drinks,DRK-02,3,22000,66000,nan,error
4767,SUN-46052,2024-08-12,Iced_Aren_Latte,drinks,DRK-01,2,25000,50000,digital wallet,take away
4768,SUN-42441,2024-06-16,Butter Croissant,error,DST-01,nan,45000,90000,credit card,take away
4769,SUN-36226,2024-09-08,Creamy Spaghetti Carbonara,food,FOD-03,2,38000,76000,credit card,dine in
4770,SUN-40432,2024-11-14,Matcha_Berry_Latte,drinks,DRK-03,1,28000,28000,credit card,take away
4771,SUN-34765,2024-04-04,Strawberry_Mojito_Mocktail,drinks,DRK-06,4,error,108000,digital wallet,error
4772,SUN-41224,2024-05-15,Hot_Americano,drinks,DRK-02,unknown,22000,44000,cash,dine in
4773,SUN-47042,2024-12-28,Fudgy Brownie With Ice Cream,desserts,DST-02,2,18000,36000,credit card,take away
4774,SUN-34346,2024-04-18,Matcha_Berry_Latte,unknown,DRK-03,4,28000,unknown,nan,dine in
4775,SUN-48926,2024-08-17,Creamy Spaghetti Carbonara,food,unknown,1,38000,38000,cash,take away
4776,SUN-43373,2024-03-30,unknown,drinks,DRK-03,4,28000,112000,cash,error
4777,SUN-49710,2024-01-01,Cinnamon Roll,error,DST-04,1,35000,error,cash,take away
4778,error,2024-05-07,Truffle Fries & Sausage,food,FOD-01,1,10000,nan,credit card,online shop
4779,SUN-46859,2024-08-16,Butter Croissant,desserts,DST-01,4,45000,180000,cash,take away
4780,error,2024-07-21,nan,food,FOD-01,2,10000,nan,credit card,missing
4781,error,2024-03-07,Butter Croissant,desserts,DST-01,2,45000,90000,error,online shop
4782,SUN-42440,2024-08-05,Butter Croissant,desserts,DST-01,1,45000,45000,digital wallet,dine in
4783,SUN-40703,2024-04-27,nan,food,FOD-03,2,38000,76000,digital wallet,error
4784,SUN-42929,2024-11-22,Mineral_Water,drinks,DRK-07,2,26000,52000,digital wallet,online shop
4785,SUN-42849,2024-05-29,unknown,drinks,DRK-03,2,28000,56000,missing,online shop
4786,SUN-34019,2024-06-30,Creamy Spaghetti Carbonara,food,FOD-03,4,missing,152000,nan,online shop
4787,SUN-48622,2024-01-15,Lemonade_Espresso_Tonic,drinks,DRK-05,4,24000,nan,unknown,take away
4788,SUN-40574,2024-03-02,Truffle Fries & Sausage,food,FOD-01,2,10000,20000,missing,dine in
4789,SUN-32594,2024-01-15,Fudgy Brownie With Ice Cream,desserts,DST-02,2,18000,36000,credit card,online shop
4790,SUN-44295,2024-11-08,Hot_Americano,drinks,DRK-02,1,22000,22000,cash,unknown
4791,SUN-48984,2024-06-20,Creamy Spaghetti Carbonara,food,FOD-03,4,38000,missing,cash,online shop
4792,SUN-49894,2024-08-14,Fudgy Brownie With Ice Cream,missing,missing,2,18000,36000,cash,take away
4793,SUN-38086,2024-09-21,Hot_Americano,drinks,DRK-02,4,22000,88000,digital wallet,take away
4794,SUN-47444,2024-09-23,Creamy Spaghetti Carbonara,unknown,FOD-03,4,38000,nan,digital wallet,take away
4795,SUN-46049,2024-07-08,Hot_Americano,drinks,DRK-02,4,22000,88000,credit card,take away
4796,SUN-41047,2024-07-30,Mineral_Water,drinks,DRK-07,2,26000,52000,credit card,error
4797,SUN-33392,2024-03-07,Nasi Goreng Kampung Premium,food,FOD-02,4,32000,128000,credit card,dine in
4798,SUN-30853,2024-05-04,Mineral_Water,drinks,DRK-07,4,nan,104000,cash,dine in
4799,SUN-31245,2024-01-19,Lemonade_Espresso_Tonic,drinks,DRK-05,2,24000,48000,credit card,unknown
4800,SUN-39743,2024-03-01,Butter Croissant,desserts,DST-01,error,45000,135000,digital wallet,online shop
4801,SUN-39904,2024-08-11,Grilled Chicken Mentai Rice,food,error,4,42000,168000,cash,online shop
4802,SUN-48984,2024-06-23,Lemonade_Espresso_Tonic,drinks,DRK-05,missing,24000,96000,nan,take away
4803,SUN-35376,2024-08-09,Nasi Goreng Kampung Premium,food,FOD-02,2,32000,64000,cash,online shop
4804,SUN-49877,2024-03-11,Fudgy Brownie With Ice Cream,desserts,DST-02,3,18000,54000,digital wallet,dine in
4805,SUN-47603,2024-03-04,Matcha_Berry_Latte,drinks,DRK-03,1,28000,28000,digital wallet,error
4806,SUN-43119,2024-03-05,Fudgy Brownie With Ice Cream,unknown,DST-02,1,18000,18000,cash,unknown
4807,SUN-42769,2024-07-17,Butter Croissant,desserts,DST-01,2,unknown,90000,digital wallet,error
4808,SUN-30891,2024-10-31,error,desserts,DST-03,1,25000,25000,nan,online shop
4809,unknown,2024-09-24,Strawberry_Mojito_Mocktail,drinks,DRK-06,3,27000,81000,cash,online shop
4810,SUN-34244,2024-04-09,Strawberry_Mojito_Mocktail,drinks,error,2,27000,54000,credit card,dine in
4811,SUN-33854,2024-12-26,Lemonade_Espresso_Tonic,drinks,DRK-05,2,24000,48000,cash,take away
4812,SUN-34589,2024-08-01,Lotus Biscoff Cheesecake,desserts,DST-03,4,missing,100000,missing,dine in
4813,SUN-32041,2024-11-14,Truffle Fries & Sausage,food,FOD-01,4,10000,40000,credit card,dine in
4814,unknown,2024-10-28,Hot_Americano,drinks,DRK-02,4,22000,88000,digital wallet,error
4815,SUN-45038,2024-02-07,Hot_Americano,drinks,DRK-02,3,error,unknown,credit card,dine in
4816,SUN-34612,2024-06-27,Lotus Biscoff Cheesecake,desserts,DST-03,2,25000,50000,cash,dine in
4817,SUN-44903,2024-01-25,Lemonade_Espresso_Tonic,drinks,unknown,3,nan,unknown,credit card,take away
4818,missing,2024-03-17,Mineral_Water,drinks,DRK-07,2,26000,52000,nan,missing
4819,missing,2024-04-16,Earl_Grey_Milk_Tea,drinks,nan,1,24000,24000,cash,online shop
4820,SUN-33329,2024-05-25,Nasi Goreng Kampung Premium,food,FOD-02,4,32000,128000,credit card,online shop
4821,nan,2024-10-23,Grilled Chicken Mentai Rice,food,FOD-04,1,42000,42000,missing,online shop
4822,SUN-34667,2024-05-26,Butter Croissant,desserts,DST-01,3,45000,135000,credit card,dine in
4823,SUN-37701,2024-11-28,Earl_Grey_Milk_Tea,drinks,nan,2,24000,48000,credit card,take away
4824,SUN-42541,2024-10-06,Nasi Goreng Kampung Premium,food,FOD-02,1,32000,unknown,missing,nan
4825,SUN-42503,2024-12-16,Fudgy Brownie With Ice Cream,desserts,DST-02,2,18000,36000,nan,dine in
4826,SUN-43461,2024-07-28,Strawberry_Mojito_Mocktail,drinks,DRK-06,1,27000,error,unknown,dine in
4827,SUN-36873,2024-03-17,Mineral_Water,drinks,DRK-07,4,26000,104000,credit card,dine in
4828,SUN-45527,2024-12-30,Tiramisu Tres Leches,desserts,DST-05,1,error,22000,credit card,online shop
4829,SUN-36265,2024-07-13,missing,desserts,DST-05,1,unknown,22000,unknown,online shop
4830,SUN-31730,2024-01-23,Classic_Beef_Burger,food,FOD-05,4,40000,160000,cash,online shop
4831,SUN-39703,2024-03-16,Butter Croissant,desserts,DST-01,3,45000,unknown,digital wallet,take away
4832,SUN-45141,2024-07-25,Iced_Aren_Latte,drinks,missing,3,25000,75000,credit card,dine in
4833,SUN-36118,2024-06-13,Earl_Grey_Milk_Tea,drinks,DRK-04,3,missing,72000,digital wallet,dine in
4834,SUN-31610,2024-07-29,error,drinks,DRK-01,2,25000,50000,cash,take away
4835,SUN-30076,2024-10-04,Matcha_Berry_Latte,drinks,DRK-03,1,28000,28000,cash,online shop
4836,SUN-47270,2024-05-23,Mineral_Water,drinks,DRK-07,3,26000,78000,digital wallet,online shop
4837,SUN-35157,2024-11-07,Earl_Grey_Milk_Tea,drinks,DRK-04,4,24000,96000,nan,online shop
4838,SUN-39866,2024-01-01,Fudgy Brownie With Ice Cream,desserts,DST-02,1,18000,error,credit card,take away
4839,SUN-35711,error,Fudgy Brownie With Ice Cream,desserts,DST-02,2,18000,36000,cash,online shop
4840,SUN-47236,2024-12-23,unknown,food,FOD-02,3,32000,nan,digital wallet,dine in
4841,SUN-49605,2024-07-30,Lotus Biscoff Cheesecake,nan,DST-03,4,25000,100000,cash,dine in
4842,SUN-32201,2024-07-18,Strawberry_Mojito_Mocktail,drinks,DRK-06,1,27000,27000,credit card,take away
4843,nan,2024-08-06,Truffle Fries & Sausage,food,FOD-01,2,nan,20000,error,unknown
4844,SUN-34620,2024-03-25,missing,food,FOD-01,2,10000,20000,credit card,online shop
4845,SUN-33342,2024-12-12,Mineral_Water,drinks,DRK-07,3,26000,78000,digital wallet,missing
4846,SUN-47986,2024-09-08,Nasi Goreng Kampung Premium,food,FOD-02,4,32000,128000,digital wallet,online shop
4847,SUN-34364,2024-04-15,Truffle Fries & Sausage,unknown,FOD-01,4,10000,40000,digital wallet,unknown
4848,SUN-30814,2024-10-24,Hot_Americano,nan,DRK-02,1,22000,22000,cash,online shop
4849,SUN-31592,2024-09-28,Hot_Americano,drinks,DRK-02,4,nan,88000,credit card,online shop
4850,SUN-41189,2024-12-05,Classic_Beef_Burger,food,FOD-05,error,40000,80000,cash,take away
4851,SUN-45430,2024-09-15,nan,missing,DST-04,2,35000,70000,digital wallet,dine in
4852,SUN-44476,2024-03-31,Matcha_Berry_Latte,drinks,DRK-03,1,28000,28000,missing,take away
4853,SUN-44696,2024-06-25,Grilled Chicken Mentai Rice,food,FOD-04,1,42000,42000,digital wallet,dine in
4854,SUN-41575,2024-03-05,Matcha_Berry_Latte,drinks,DRK-03,missing,28000,missing,error,dine in
4855,SUN-31599,2024-02-11,Lotus Biscoff Cheesecake,desserts,DST-03,3,25000,nan,credit card,take away
4856,SUN-43840,2024-07-14,Cinnamon Roll,desserts,DST-04,1,35000,35000,credit card,missing
4857,SUN-45419,2024-09-28,Classic_Beef_Burger,food,FOD-05,3,40000,120000,credit card,online shop
4858,SUN-35113,2024-02-08,Fudgy Brownie With Ice Cream,desserts,DST-02,1,18000,18000,credit card,take away
4859,SUN-44567,2024-11-21,Grilled Chicken Mentai Rice,food,missing,1,42000,42000,unknown,dine in
4860,SUN-48578,2024-08-26,Matcha_Berry_Latte,drinks,DRK-03,3,28000,84000,credit card,take away
4861,SUN-31663,2024-08-08,Iced_Aren_Latte,drinks,nan,3,25000,75000,cash,dine in
4862,SUN-46450,2024-04-12,Hot_Americano,drinks,DRK-02,3,22000,66000,nan,online shop
4863,unknown,2024-05-24,Earl_Grey_Milk_Tea,drinks,DRK-04,4,error,96000,credit card,unknown
4864,SUN-35702,2024-07-08,Cinnamon Roll,desserts,DST-04,4,35000,140000,cash,dine in
4865,SUN-31955,2024-12-01,Lotus Biscoff Cheesecake,desserts,DST-03,1,missing,25000,digital wallet,online shop
4866,SUN-33856,2024-07-24,Truffle Fries & Sausage,food,FOD-01,3,10000,30000,missing,take away
4867,SUN-41938,2024-04-21,Tiramisu Tres Leches,nan,DST-05,3,22000,66000,cash,dine in
4868,SUN-48582,2024-01-20,nan,desserts,DST-02,3,18000,54000,credit card,take away
4869,SUN-37315,2024-12-27,Earl_Grey_Milk_Tea,error,DRK-04,4,24000,96000,error,unknown
4870,SUN-47513,2024-09-22,unknown,food,FOD-02,1,32000,nan,credit card,online shop
4871,SUN-41821,2024-11-22,Butter Croissant,desserts,DST-01,2,45000,90000,cash,dine in
4872,SUN-38950,2024-11-22,Earl_Grey_Milk_Tea,error,DRK-04,3,error,72000,digital wallet,online shop
4873,SUN-35328,2024-06-01,Iced_Aren_Latte,drinks,DRK-01,4,unknown,100000,cash,dine in
4874,SUN-40848,2024-10-06,Strawberry_Mojito_Mocktail,drinks,DRK-06,2,27000,missing,cash,dine in
4875,unknown,2024-01-02,Truffle Fries & Sausage,food,FOD-01,4,10000,40000,digital wallet,online shop
4876,SUN-39182,2024-01-03,Creamy Spaghetti Carbonara,food,FOD-03,2,unknown,76000,unknown,online shop
4877,SUN-38133,2024-07-13,Iced_Aren_Latte,drinks,DRK-01,1,25000,25000,digital wallet,dine in
4878,SUN-34983,2024-10-14,missing,desserts,unknown,1,45000,45000,credit card,online shop
4879,SUN-32761,2024-01-06,Matcha_Berry_Latte,drinks,DRK-03,2,missing,nan,unknown,take away
4880,SUN-35226,2024-09-13,unknown,desserts,DST-04,4,35000,140000,cash,error
4881,SUN-30337,2024-06-30,Creamy Spaghetti Carbonara,food,FOD-03,1,38000,38000,missing,dine in
4882,SUN-35895,2024-08-17,Creamy Spaghetti Carbonara,food,FOD-03,2,38000,error,digital wallet,take away
4883,SUN-35558,2024-08-24,Iced_Aren_Latte,drinks,DRK-01,4,missing,100000,cash,online shop
4884,SUN-48514,2024-05-08,nan,drinks,DRK-03,1,28000,error,cash,dine in
4885,SUN-44202,2024-11-08,Lemonade_Espresso_Tonic,drinks,DRK-05,3,24000,error,credit card,dine in
4886,SUN-44764,2024-03-10,Butter Croissant,desserts,DST-01,error,45000,missing,cash,dine in
4887,SUN-49990,2024-01-03,Iced_Aren_Latte,missing,nan,1,25000,25000,cash,take away
4888,SUN-34800,2024-05-16,error,drinks,DRK-03,2,28000,56000,cash,missing
4889,SUN-30278,2024-05-08,Hot_Americano,drinks,nan,2,22000,44000,credit card,online shop
4890,SUN-43675,2024-01-01,Iced_Aren_Latte,error,DRK-01,4,25000,100000,digital wallet,nan
4891,SUN-39627,2024-05-16,Tiramisu Tres Leches,desserts,DST-05,2,22000,44000,credit card,unknown
4892,SUN-39830,2024-08-21,Lemonade_Espresso_Tonic,drinks,DRK-05,1,24000,unknown,missing,online shop
4893,SUN-42742,2024-08-04,Strawberry_Mojito_Mocktail,drinks,DRK-06,4,27000,108000,cash,take away
4894,SUN-31811,2024-12-02,Fudgy Brownie With Ice Cream,desserts,DST-02,2,18000,error,digital wallet,take away
4895,SUN-47239,2024-04-13,Truffle Fries & Sausage,food,FOD-01,4,10000,40000,credit card,take away
4896,SUN-35384,2024-01-23,missing,desserts,DST-05,nan,22000,22000,digital wallet,nan
4897,SUN-35964,2024-09-18,Cinnamon Roll,desserts,DST-04,4,35000,error,nan,take away
4898,SUN-32880,2024-02-08,Matcha_Berry_Latte,drinks,DRK-03,2,28000,56000,unknown,online shop
4899,SUN-37677,2024-08-11,Nasi Goreng Kampung Premium,food,FOD-02,1,32000,32000,cash,dine in
4900,SUN-44776,2024-02-24,Lotus Biscoff Cheesecake,desserts,nan,2,25000,50000,digital wallet,online shop
4901,SUN-41644,2024-06-06,Lotus Biscoff Cheesecake,desserts,DST-03,2,25000,50000,cash,dine in
4902,SUN-46558,2024-01-26,error,desserts,unknown,2,18000,36000,unknown,error
4903,SUN-32660,2024-06-18,Lemonade_Espresso_Tonic,drinks,DRK-05,2,24000,missing,cash,dine in
4904,SUN-35824,2024-05-18,missing,desserts,DST-04,1,35000,35000,cash,take away
4905,SUN-38933,2024-01-06,Classic_Beef_Burger,error,FOD-05,error,40000,80000,digital wallet,missing
4906,SUN-40940,2024-07-25,nan,error,unknown,2,32000,64000,nan,dine in
4907,SUN-41466,2024-03-10,Matcha_Berry_Latte,drinks,DRK-03,4,28000,112000,cash,dine in
4908,SUN-30327,2024-03-15,nan,desserts,DST-05,4,22000,88000,cash,error
4909,SUN-30401,2024-12-24,Iced_Aren_Latte,drinks,DRK-01,2,25000,50000,credit card,online shop
4910,SUN-41165,error,Butter Croissant,desserts,DST-01,2,45000,missing,cash,error
4911,SUN-43090,2024-04-28,unknown,food,FOD-04,4,42000,168000,error,take away
4912,SUN-49447,2024-07-24,error,food,FOD-01,1,10000,10000,digital wallet,take away
4913,SUN-31331,2024-05-05,Tiramisu Tres Leches,desserts,DST-05,3,missing,66000,credit card,online shop
4914,SUN-37046,2024-09-22,nan,desserts,DST-01,3,error,135000,credit card,online shop
4915,SUN-33521,2024-07-05,Lemonade_Espresso_Tonic,drinks,error,2,24000,48000,missing,online shop
4916,unknown,2024-05-28,Strawberry_Mojito_Mocktail,drinks,DRK-06,error,27000,54000,credit card,online shop
4917,SUN-49913,2024-09-15,Lotus Biscoff Cheesecake,desserts,DST-03,nan,25000,25000,digital wallet,take away
4918,SUN-36499,2024-01-13,Matcha_Berry_Latte,unknown,DRK-03,1,28000,28000,digital wallet,dine in
4919,SUN-48522,2024-12-12,Earl_Grey_Milk_Tea,drinks,missing,4,24000,96000,cash,dine in
4920,SUN-44491,2024-07-10,unknown,drinks,nan,error,26000,78000,credit card,online shop
4921,SUN-33868,2024-02-16,Hot_Americano,drinks,DRK-02,2,22000,44000,unknown,dine in
4922,SUN-43353,2024-01-10,Butter Croissant,desserts,DST-01,4,45000,180000,cash,online shop
4923,SUN-39776,2024-08-02,Fudgy Brownie With Ice Cream,desserts,DST-02,1,18000,18000,error,take away
4924,unknown,2024-01-13,Grilled Chicken Mentai Rice,food,FOD-04,3,nan,126000,cash,online shop
4925,SUN-43837,2024-05-03,Earl_Grey_Milk_Tea,drinks,DRK-04,2,24000,48000,credit card,online shop
4926,SUN-38763,2024-07-28,Matcha_Berry_Latte,drinks,DRK-03,1,28000,28000,credit card,online shop
4927,SUN-41163,2024-02-02,Mineral_Water,drinks,DRK-07,1,26000,26000,missing,online shop
4928,SUN-47346,2024-02-10,Hot_Americano,drinks,DRK-02,4,22000,nan,credit card,online shop
4929,SUN-35233,2024-05-07,Classic_Beef_Burger,food,FOD-05,2,40000,80000,credit card,error
4930,SUN-34913,2024-03-10,Creamy Spaghetti Carbonara,food,FOD-03,1,38000,38000,digital wallet,dine in
4931,SUN-35744,2024-08-26,Mineral_Water,drinks,nan,4,26000,104000,digital wallet,online shop
4932,SUN-41956,2024-03-29,Mineral_Water,drinks,missing,1,26000,26000,credit card,online shop
4933,SUN-44190,2024-03-09,Butter Croissant,desserts,DST-01,2,45000,90000,digital wallet,dine in
4934,SUN-30118,2024-11-20,Matcha_Berry_Latte,drinks,DRK-03,3,28000,84000,credit card,take away
4935,SUN-35474,2024-08-04,Strawberry_Mojito_Mocktail,drinks,DRK-06,2,27000,54000,digital wallet,dine in
4936,SUN-44500,2024-04-21,unknown,desserts,error,error,45000,error,cash,unknown
4937,SUN-32763,2024-11-29,nan,desserts,DST-01,2,45000,90000,error,online shop
4938,SUN-49030,2024-08-29,Tiramisu Tres Leches,desserts,DST-05,1,22000,22000,cash,online shop
4939,SUN-41722,2024-05-13,Butter Croissant,desserts,DST-01,3,45000,135000,credit card,take away
4940,SUN-40589,2024-10-24,Tiramisu Tres Leches,desserts,DST-05,2,22000,44000,digital wallet,online shop
4941,SUN-39743,2024-09-13,Nasi Goreng Kampung Premium,food,FOD-02,2,32000,64000,cash,online shop
4942,SUN-36639,2024-12-12,Lotus Biscoff Cheesecake,desserts,DST-03,3,25000,75000,credit card,take away
4943,missing,2024-10-10,Truffle Fries & Sausage,food,FOD-01,2,10000,20000,digital wallet,take away
4944,nan,2024-11-19,Hot_Americano,drinks,DRK-02,4,22000,88000,credit card,unknown
4945,SUN-46203,2024-06-29,Cinnamon Roll,desserts,DST-04,4,35000,140000,cash,dine in
4946,SUN-48513,2024-06-07,missing,drinks,DRK-05,2,24000,nan,credit card,error
4947,SUN-34166,2024-12-16,Grilled Chicken Mentai Rice,food,FOD-04,2,nan,missing,cash,take away
4948,SUN-32640,2024-06-06,Iced_Aren_Latte,drinks,DRK-01,3,25000,75000,unknown,take away
4949,SUN-45413,2024-03-24,Cinnamon Roll,desserts,missing,4,35000,missing,cash,take away
4950,SUN-31767,2024-08-29,Fudgy Brownie With Ice Cream,desserts,DST-02,4,18000,72000,cash,missing
4951,SUN-46316,2024-10-08,Lotus Biscoff Cheesecake,desserts,DST-03,2,nan,unknown,cash,take away
4952,SUN-46727,2024-10-11,Lotus Biscoff Cheesecake,desserts,DST-03,2,25000,50000,nan,dine in
4953,SUN-33503,2024-12-29,Hot_Americano,drinks,unknown,2,nan,44000,digital wallet,take away
4954,SUN-33991,2024-12-03,Earl_Grey_Milk_Tea,drinks,DRK-04,3,24000,72000,credit card,unknown
4955,SUN-33879,2024-03-27,Hot_Americano,drinks,unknown,1,22000,22000,digital wallet,online shop
4956,SUN-38289,2024-02-24,Mineral_Water,drinks,error,2,26000,missing,missing,dine in
4957,SUN-44835,nan,nan,desserts,DST-05,1,error,22000,error,dine in
4958,SUN-40094,2024-02-11,Classic_Beef_Burger,food,FOD-05,error,40000,120000,credit card,dine in
4959,SUN-30398,2024-07-08,nan,drinks,DRK-06,3,27000,81000,error,take away
4960,SUN-40511,2024-12-07,unknown,drinks,DRK-04,3,24000,72000,unknown,unknown
4961,SUN-34103,2024-05-19,Classic_Beef_Burger,food,FOD-05,2,40000,80000,credit card,take away
4962,SUN-40693,2024-12-17,Classic_Beef_Burger,food,FOD-05,4,40000,160000,cash,dine in
4963,SUN-35068,2024-07-05,Truffle Fries & Sausage,food,unknown,1,10000,missing,unknown,unknown
4964,SUN-43042,2024-03-11,Lotus Biscoff Cheesecake,desserts,DST-03,4,25000,100000,cash,online shop
4965,SUN-40770,2024-06-12,Earl_Grey_Milk_Tea,drinks,DRK-04,3,24000,72000,error,take away
4966,SUN-36412,2024-04-30,Mineral_Water,drinks,DRK-07,3,26000,78000,credit card,dine in
4967,SUN-30647,2024-09-05,error,unknown,DST-01,nan,45000,135000,missing,dine in
4968,SUN-36726,2024-11-18,Nasi Goreng Kampung Premium,food,FOD-02,3,32000,96000,cash,dine in
4969,SUN-35432,2024-12-10,Cinnamon Roll,desserts,DST-04,nan,35000,105000,nan,unknown
4970,SUN-49144,2024-07-23,Nasi Goreng Kampung Premium,food,FOD-02,3,32000,96000,digital wallet,dine in
4971,SUN-35986,2024-05-21,unknown,food,FOD-04,1,42000,42000,cash,error
4972,SUN-40206,2024-05-29,nan,food,FOD-02,2,32000,64000,missing,take away
4973,SUN-38687,2024-01-02,Earl_Grey_Milk_Tea,drinks,DRK-04,nan,24000,48000,cash,dine in
4974,SUN-43472,2024-12-22,Butter Croissant,desserts,DST-01,1,45000,45000,cash,online shop
4975,SUN-47471,2024-11-02,Nasi Goreng Kampung Premium,food,FOD-02,missing,32000,96000,nan,dine in
4976,SUN-32699,2024-10-07,missing,desserts,DST-05,3,22000,66000,digital wallet,take away
4977,SUN-39295,2024-09-06,Fudgy Brownie With Ice Cream,desserts,DST-02,2,18000,nan,credit card,take away
4978,SUN-47330,2024-04-02,Grilled Chicken Mentai Rice,food,FOD-04,4,42000,nan,credit card,take away
4979,SUN-39978,2024-05-28,Iced_Aren_Latte,drinks,DRK-01,2,25000,nan,cash,dine in
4980,SUN-44643,2024-11-05,Tiramisu Tres Leches,desserts,DST-05,2,22000,44000,digital wallet,dine in
4981,SUN-48613,2024-01-15,Lemonade_Espresso_Tonic,drinks,missing,4,24000,96000,digital wallet,take away
4982,SUN-45765,2024-01-18,missing,nan,DST-04,1,35000,35000,credit card,take away
4983,SUN-48820,2024-12-06,Lemonade_Espresso_Tonic,drinks,DRK-05,1,24000,24000,nan,dine in
4984,SUN-38115,2024-05-23,Earl_Grey_Milk_Tea,unknown,DRK-04,4,24000,96000,credit card,online shop
4985,SUN-49498,2024-08-12,nan,desserts,DST-05,missing,22000,22000,digital wallet,online shop
4986,SUN-31921,2024-08-29,Lotus Biscoff Cheesecake,desserts,DST-03,4,25000,100000,nan,unknown
4987,missing,2024-07-13,Hot_Americano,drinks,DRK-02,4,22000,88000,credit card,take away
4988,nan,2024-02-10,nan,error,nan,1,error,18000,digital wallet,unknown
4989,SUN-32819,2024-09-28,Earl_Grey_Milk_Tea,unknown,DRK-04,4,24000,missing,digital wallet,nan
4990,SUN-37446,2024-07-15,Nasi Goreng Kampung Premium,food,FOD-02,4,32000,error,cash,take away
4991,SUN-34677,2024-07-24,Lemonade_Espresso_Tonic,drinks,DRK-05,1,24000,24000,credit card,error
4992,SUN-39486,2024-01-21,Lemonade_Espresso_Tonic,missing,DRK-05,1,24000,24000,credit card,dine in
4993,SUN-34603,2024-12-08,Classic_Beef_Burger,food,missing,1,40000,40000,credit card,missing
4994,error,2024-10-13,unknown,unknown,DST-04,3,missing,105000,credit card,online shop
4995,SUN-48908,2024-10-30,Strawberry_Mojito_Mocktail,drinks,DRK-06,4,27000,108000,cash,dine in
4996,SUN-31854,2024-09-23,Lemonade_Espresso_Tonic,drinks,DRK-05,2,unknown,48000,credit card,dine in
4997,SUN-47190,2024-03-08,Hot_Americano,drinks,DRK-02,3,22000,66000,credit card,missing
4998,SUN-42139,2024-05-05,Nasi Goreng Kampung Premium,food,FOD-02,nan,32000,32000,cash,online shop
4999,SUN-35807,2024-02-09,Butter Croissant,desserts,DST-01,1,45000,45000,error,online shop
5000,SUN-48890,2024-09-04,Matcha_Berry_Latte,drinks,DRK-03,3,28000,84000,credit card,dine in
5001,SUN-43085,2024-11-19,nan,desserts,DST-03,1,25000,25000,digital wallet,online shop
5002,SUN-39472,2024-10-17,Butter Croissant,desserts,DST-01,1,45000,45000,unknown,online shop
5003,SUN-35859,2024-12-04,missing,desserts,DST-01,3,45000,135000,error,online shop
5004,SUN-47183,2024-10-27,Tiramisu Tres Leches,desserts,DST-05,1,22000,unknown,credit card,take away
5005,SUN-34091,2024-07-21,missing,desserts,DST-04,1,35000,35000,digital wallet,online shop
5006,SUN-48250,2024-10-28,Classic_Beef_Burger,food,FOD-05,3,40000,120000,credit card,online shop
5007,SUN-41039,2024-05-14,Earl_Grey_Milk_Tea,drinks,unknown,4,error,96000,nan,take away
5008,unknown,2024-01-24,unknown,error,FOD-01,1,10000,10000,credit card,nan
5009,SUN-48687,2024-10-02,Lotus Biscoff Cheesecake,desserts,DST-03,4,nan,100000,credit card,take away
5010,SUN-42372,2024-09-28,Cinnamon Roll,desserts,DST-04,4,35000,140000,error,online shop
5011,SUN-48738,2024-09-27,Fudgy Brownie With Ice Cream,desserts,DST-02,unknown,18000,nan,cash,dine in
5012,SUN-38810,2024-01-30,Matcha_Berry_Latte,drinks,DRK-03,2,28000,56000,credit card,online shop
5013,SUN-44241,2024-11-18,Classic_Beef_Burger,food,FOD-05,4,40000,160000,cash,online shop
5014,SUN-32962,2024-09-10,Classic_Beef_Burger,error,FOD-05,1,40000,40000,nan,online shop
5015,SUN-44998,2024-12-16,Cinnamon Roll,nan,DST-04,unknown,35000,70000,credit card,take away
5016,SUN-35632,2024-10-20,Cinnamon Roll,desserts,DST-04,missing,35000,missing,digital wallet,take away
5017,SUN-35236,2024-09-12,Matcha_Berry_Latte,drinks,DRK-03,missing,28000,28000,digital wallet,dine in
5018,SUN-33997,2024-06-26,error,food,FOD-03,1,nan,38000,unknown,dine in
5019,SUN-37673,2024-07-09,Fudgy Brownie With Ice Cream,desserts,DST-02,3,nan,54000,digital wallet,take away
5020,SUN-40255,2024-07-27,Nasi Goreng Kampung Premium,food,FOD-02,4,32000,128000,cash,online shop
5021,missing,2024-05-20,error,desserts,DST-03,1,25000,25000,credit card,take away
5022,SUN-46888,2024-01-02,Iced_Aren_Latte,drinks,DRK-01,2,25000,50000,cash,online shop
5023,SUN-41739,2024-09-03,missing,desserts,DST-05,3,22000,66000,cash,take away
5024,SUN-40932,2024-03-21,Lotus Biscoff Cheesecake,desserts,unknown,3,nan,75000,missing,online shop
5025,SUN-37608,2024-06-19,Classic_Beef_Burger,food,FOD-05,error,40000,40000,unknown,dine in
5026,SUN-47701,2024-09-10,Mineral_Water,drinks,DRK-07,4,26000,104000,cash,online shop
5027,SUN-36214,2024-02-17,Classic_Beef_Burger,food,FOD-05,2,40000,80000,credit card,take away
5028,SUN-44803,2024-06-30,Lemonade_Espresso_Tonic,drinks,DRK-05,3,24000,72000,credit card,online shop
5029,SUN-34697,2024-12-13,Creamy Spaghetti Carbonara,food,FOD-03,3,38000,114000,digital wallet,error
5030,SUN-41958,2024-07-29,Hot_Americano,drinks,DRK-02,4,22000,88000,credit card,online shop
5031,SUN-43925,2024-01-01,Nasi Goreng Kampung Premium,food,FOD-02,4,32000,128000,cash,unknown
5032,SUN-33759,2024-07-06,unknown,drinks,nan,4,28000,112000,cash,missing
5033,SUN-38101,2024-12-24,Truffle Fries & Sausage,food,FOD-01,error,10000,10000,cash,take away
5034,SUN-39700,2024-10-02,Lotus Biscoff Cheesecake,desserts,DST-03,3,25000,75000,digital wallet,online shop
5035,SUN-47816,2024-12-19,Earl_Grey_Milk_Tea,drinks,DRK-04,2,24000,48000,digital wallet,take away
5036,SUN-30469,2024-09-17,Nasi Goreng Kampung Premium,food,FOD-02,3,32000,96000,digital wallet,take away
5037,SUN-33777,2024-08-11,error,food,FOD-03,4,38000,152000,digital wallet,take away
5038,error,2024-01-23,Butter Croissant,desserts,DST-01,3,45000,135000,digital wallet,dine in
5039,SUN-32328,2024-06-19,Tiramisu Tres Leches,desserts,DST-05,1,unknown,22000,cash,online shop
5040,SUN-43864,2024-08-22,Strawberry_Mojito_Mocktail,drinks,DRK-06,4,27000,108000,credit card,dine in
5041,SUN-46614,2024-02-21,Fudgy Brownie With Ice Cream,desserts,DST-02,2,18000,36000,cash,take away
5042,SUN-39687,2024-04-19,Fudgy Brownie With Ice Cream,desserts,DST-02,3,18000,54000,cash,error
5043,SUN-33953,2024-11-02,Matcha_Berry_Latte,drinks,unknown,3,28000,84000,unknown,unknown
5044,SUN-48649,2024-06-04,Classic_Beef_Burger,food,FOD-05,1,40000,40000,credit card,online shop
5045,SUN-41122,2024-10-20,Truffle Fries & Sausage,food,FOD-01,2,nan,20000,cash,online shop
5046,SUN-44296,2024-05-07,nan,nan,DRK-06,3,27000,81000,credit card,online shop
5047,SUN-48580,2024-01-20,Fudgy Brownie With Ice Cream,desserts,unknown,4,18000,72000,credit card,nan
5048,SUN-48142,2024-05-20,Fudgy Brownie With Ice Cream,desserts,DST-02,3,error,54000,digital wallet,online shop
5049,SUN-41410,2024-09-23,Hot_Americano,drinks,DRK-02,2,22000,nan,digital wallet,dine in
5050,SUN-45148,2024-05-19,Strawberry_Mojito_Mocktail,drinks,DRK-06,1,27000,27000,cash,dine in
5051,SUN-30738,2024-01-19,Lemonade_Espresso_Tonic,nan,DRK-05,2,24000,48000,cash,dine in
5052,SUN-39181,2024-10-09,Mineral_Water,drinks,DRK-07,4,26000,104000,credit card,take away
5053,SUN-46333,2024-07-04,missing,drinks,DRK-01,1,25000,25000,credit card,take away
5054,SUN-43480,2024-02-19,unknown,food,FOD-05,4,40000,160000,credit card,online shop
5055,SUN-45962,2024-05-08,Creamy Spaghetti Carbonara,food,FOD-03,2,38000,76000,error,take away
5056,SUN-43635,2024-01-10,missing,food,FOD-05,2,40000,80000,cash,online shop
5057,SUN-37083,2024-05-10,Nasi Goreng Kampung Premium,food,unknown,error,32000,128000,cash,take away
5058,SUN-43421,2024-09-17,Strawberry_Mojito_Mocktail,drinks,DRK-06,4,27000,108000,cash,take away
5059,nan,2024-09-23,Classic_Beef_Burger,food,FOD-05,4,40000,error,cash,online shop
5060,SUN-42689,2024-06-17,Strawberry_Mojito_Mocktail,drinks,DRK-06,4,27000,108000,digital wallet,online shop
5061,SUN-39934,2024-04-03,Lemonade_Espresso_Tonic,drinks,DRK-05,1,24000,24000,digital wallet,online shop
5062,SUN-30045,2024-09-07,Hot_Americano,drinks,DRK-02,4,22000,88000,credit card,dine in
5063,SUN-35812,2024-02-08,Classic_Beef_Burger,food,FOD-05,1,40000,40000,credit card,dine in
5064,SUN-39471,2024-07-08,Truffle Fries & Sausage,food,FOD-01,1,10000,error,cash,online shop
5065,SUN-41256,2024-01-13,Hot_Americano,drinks,unknown,1,22000,nan,credit card,error
5066,SUN-48826,2024-10-28,Lotus Biscoff Cheesecake,desserts,DST-03,unknown,25000,75000,digital wallet,online shop
5067,SUN-30774,2024-10-12,Lemonade_Espresso_Tonic,drinks,DRK-05,4,24000,96000,credit card,online shop
5068,nan,2024-06-24,Fudgy Brownie With Ice Cream,desserts,unknown,1,18000,18000,cash,take away
5069,SUN-34714,2024-09-24,Iced_Aren_Latte,drinks,DRK-01,2,25000,50000,credit card,dine in
5070,SUN-48753,2024-01-30,Nasi Goreng Kampung Premium,food,missing,2,missing,64000,digital wallet,nan
5071,error,2024-04-08,Earl_Grey_Milk_Tea,drinks,DRK-04,2,24000,48000,credit card,dine in
5072,SUN-43989,2024-07-15,Strawberry_Mojito_Mocktail,drinks,DRK-06,2,27000,54000,digital wallet,online shop
5073,SUN-37500,2024-05-09,error,drinks,DRK-01,3,25000,75000,digital wallet,dine in
5074,SUN-44593,2024-07-07,Lemonade_Espresso_Tonic,drinks,DRK-05,3,24000,72000,digital wallet,online shop
5075,SUN-36896,2024-08-31,Butter Croissant,desserts,DST-01,2,45000,90000,digital wallet,error
5076,missing,2024-02-22,Classic_Beef_Burger,food,FOD-05,2,40000,error,cash,dine in
5077,SUN-32063,2024-01-23,Cinnamon Roll,desserts,DST-04,2,nan,70000,cash,online shop
5078,SUN-47440,2024-12-30,Lemonade_Espresso_Tonic,drinks,DRK-05,2,24000,48000,credit card,dine in
5079,SUN-41177,2024-10-26,Cinnamon Roll,desserts,DST-04,3,35000,105000,digital wallet,take away
5080,SUN-36178,2024-04-16,Mineral_Water,drinks,DRK-07,4,26000,104000,credit card,dine in
5081,SUN-49136,2024-07-20,Earl_Grey_Milk_Tea,drinks,DRK-04,unknown,24000,96000,cash,take away
5082,SUN-44634,2024-05-03,Classic_Beef_Burger,food,FOD-05,1,40000,nan,error,online shop
5083,unknown,2024-06-10,Iced_Aren_Latte,drinks,DRK-01,1,25000,25000,digital wallet,online shop
5084,SUN-43449,2024-10-18,Lemonade_Espresso_Tonic,drinks,DRK-05,1,24000,24000,credit card,take away
5085,SUN-45090,2024-01-02,Nasi Goreng Kampung Premium,food,FOD-02,1,32000,32000,digital wallet,dine in
5086,SUN-35568,2024-07-09,Hot_Americano,unknown,DRK-02,3,22000,66000,cash,online shop
5087,SUN-30982,2024-11-21,Lemonade_Espresso_Tonic,drinks,DRK-05,1,24000,24000,missing,dine in
5088,SUN-49443,2024-11-21,missing,desserts,DST-01,3,45000,135000,cash,online shop
5089,SUN-42911,2024-02-07,error,food,unknown,4,42000,168000,credit card,dine in
5090,SUN-39354,2024-08-09,Butter Croissant,desserts,DST-01,unknown,45000,135000,credit card,missing
5091,SUN-44750,2024-10-23,Earl_Grey_Milk_Tea,drinks,DRK-04,3,24000,nan,digital wallet,dine in
5092,SUN-30432,2024-12-12,Earl_Grey_Milk_Tea,drinks,DRK-04,4,24000,error,credit card,missing
5093,SUN-35079,unknown,Grilled Chicken Mentai Rice,food,FOD-04,4,nan,error,cash,online shop
5094,nan,2024-12-10,Mineral_Water,drinks,DRK-07,2,26000,52000,error,take away
5095,SUN-48005,2024-09-12,Iced_Aren_Latte,drinks,DRK-01,1,unknown,25000,credit card,dine in
5096,SUN-44100,2024-07-12,Earl_Grey_Milk_Tea,nan,missing,2,24000,48000,digital wallet,take away
5097,SUN-39143,2024-05-24,Matcha_Berry_Latte,drinks,DRK-03,4,28000,112000,credit card,missing
5098,SUN-34054,2024-07-26,Mineral_Water,drinks,DRK-07,4,26000,104000,cash,dine in
5099,SUN-49200,2024-06-23,Butter Croissant,desserts,DST-01,2,45000,90000,digital wallet,nan
5100,SUN-44280,2024-06-03,Iced_Aren_Latte,drinks,DRK-01,error,25000,100000,cash,dine in
5101,SUN-44982,2024-09-24,Tiramisu Tres Leches,desserts,DST-05,3,22000,66000,digital wallet,take away
5102,SUN-44012,2024-07-31,Matcha_Berry_Latte,drinks,missing,4,28000,error,digital wallet,online shop
5103,SUN-45304,2024-10-21,Classic_Beef_Burger,missing,FOD-05,1,40000,40000,digital wallet,missing
5104,SUN-46405,2024-07-12,Earl_Grey_Milk_Tea,drinks,DRK-04,3,24000,72000,error,take away
5105,SUN-42249,2024-02-18,Iced_Aren_Latte,drinks,DRK-01,3,25000,75000,credit card,unknown
5106,missing,2024-06-27,Butter Croissant,desserts,DST-01,1,45000,45000,cash,take away
5107,SUN-46847,2024-11-24,Fudgy Brownie With Ice Cream,desserts,DST-02,4,18000,72000,unknown,online shop
5108,SUN-44857,2024-02-17,Creamy Spaghetti Carbonara,food,nan,missing,38000,error,digital wallet,take away
5109,SUN-45346,2024-06-22,Truffle Fries & Sausage,food,FOD-01,1,10000,10000,digital wallet,take away
5110,SUN-49801,2024-02-13,error,food,FOD-05,3,40000,120000,digital wallet,take away
5111,SUN-41571,2024-08-14,Strawberry_Mojito_Mocktail,drinks,DRK-06,4,nan,108000,cash,missing
5112,SUN-31464,2024-09-22,Classic_Beef_Burger,food,FOD-05,2,40000,80000,digital wallet,dine in
5113,SUN-47043,2024-09-12,Creamy Spaghetti Carbonara,food,FOD-03,4,38000,152000,cash,online shop
5114,SUN-44064,2024-03-01,unknown,drinks,DRK-07,4,26000,104000,error,take away
5115,SUN-42413,2024-07-20,Tiramisu Tres Leches,desserts,DST-05,3,22000,66000,missing,unknown
5116,SUN-32249,2024-11-09,Lotus Biscoff Cheesecake,desserts,DST-03,1,25000,25000,digital wallet,error
5117,SUN-30988,2024-04-17,Hot_Americano,drinks,DRK-02,4,missing,nan,credit card,take away
5118,nan,2024-06-12,Creamy Spaghetti Carbonara,food,FOD-03,1,38000,38000,cash,dine in
5119,SUN-41562,2024-07-30,Lotus Biscoff Cheesecake,desserts,unknown,2,25000,50000,credit card,dine in
5120,unknown,2024-08-15,Strawberry_Mojito_Mocktail,drinks,DRK-06,4,27000,error,credit card,online shop
5121,SUN-38878,2024-06-08,Lemonade_Espresso_Tonic,drinks,DRK-05,1,24000,24000,unknown,dine in
5122,SUN-44445,2024-06-04,Truffle Fries & Sausage,food,FOD-01,4,unknown,40000,credit card,missing
5123,SUN-40598,2024-06-07,nan,desserts,DST-05,2,22000,44000,credit card,nan
5124,SUN-30542,2024-05-07,Earl_Grey_Milk_Tea,drinks,DRK-04,3,24000,missing,cash,take away
5125,SUN-39524,2024-08-11,Creamy Spaghetti Carbonara,food,FOD-03,error,38000,38000,nan,online shop
5126,missing,2024-05-29,Creamy Spaghetti Carbonara,food,FOD-03,1,unknown,38000,cash,online shop
5127,SUN-40248,2024-11-26,missing,desserts,DST-01,2,45000,90000,digital wallet,dine in
5128,SUN-34002,2024-01-14,Cinnamon Roll,desserts,DST-04,error,35000,140000,credit card,online shop
5129,SUN-42637,2024-02-29,Lotus Biscoff Cheesecake,desserts,DST-03,4,25000,100000,cash,take away
5130,SUN-35020,2024-10-13,Lemonade_Espresso_Tonic,drinks,DRK-05,1,error,error,error,dine in
5131,SUN-37129,2024-02-02,Truffle Fries & Sausage,food,FOD-01,1,10000,nan,digital wallet,dine in
5132,SUN-48988,2024-12-03,Lemonade_Espresso_Tonic,drinks,DRK-05,3,24000,72000,digital wallet,dine in
5133,SUN-46492,2024-06-04,Creamy Spaghetti Carbonara,food,FOD-03,1,38000,38000,credit card,dine in
5134,SUN-48863,nan,Nasi Goreng Kampung Premium,missing,missing,4,32000,128000,credit card,dine in
5135,error,2024-06-12,Grilled Chicken Mentai Rice,food,FOD-04,4,42000,168000,digital wallet,online shop
5136,SUN-37059,2024-05-21,missing,food,FOD-02,1,32000,32000,cash,dine in
5137,SUN-31373,2024-09-21,Hot_Americano,drinks,DRK-02,4,22000,missing,cash,dine in
5138,SUN-36637,2024-09-14,Hot_Americano,drinks,DRK-02,4,unknown,88000,credit card,dine in
5139,error,2024-05-26,Iced_Aren_Latte,drinks,unknown,2,25000,nan,credit card,dine in
5140,SUN-43156,2024-05-11,nan,drinks,DRK-05,3,24000,72000,error,dine in
5141,SUN-33523,2024-07-03,unknown,drinks,DRK-02,1,22000,22000,digital wallet,online shop
5142,SUN-34600,2024-11-13,Matcha_Berry_Latte,drinks,DRK-03,4,28000,112000,digital wallet,dine in
5143,SUN-41990,2024-06-01,nan,desserts,DST-03,4,25000,100000,credit card,take away
5144,missing,2024-11-05,Nasi Goreng Kampung Premium,food,FOD-02,missing,32000,nan,digital wallet,dine in
5145,SUN-45226,2024-01-21,Iced_Aren_Latte,drinks,unknown,1,25000,25000,digital wallet,online shop
5146,SUN-41383,2024-03-29,Tiramisu Tres Leches,desserts,DST-05,3,22000,66000,error,take away
5147,SUN-43432,2024-06-28,Truffle Fries & Sausage,food,FOD-01,2,10000,20000,cash,online shop
5148,SUN-42946,2024-06-05,Tiramisu Tres Leches,desserts,DST-05,missing,22000,44000,digital wallet,online shop
5149,error,2024-12-05,error,unknown,DST-04,unknown,35000,140000,unknown,unknown
5150,SUN-41885,missing,Cinnamon Roll,missing,DST-04,3,missing,105000,digital wallet,unknown
5151,SUN-47352,2024-06-21,nan,food,FOD-02,3,32000,96000,digital wallet,online shop
5152,SUN-31674,2024-05-06,unknown,drinks,DRK-07,1,26000,error,digital wallet,dine in
5153,SUN-46501,2024-09-18,Hot_Americano,drinks,DRK-02,4,22000,88000,digital wallet,dine in
5154,SUN-32008,2024-07-14,missing,drinks,DRK-04,2,24000,48000,cash,online shop
5155,SUN-38029,2024-04-30,Cinnamon Roll,desserts,DST-04,2,35000,70000,credit card,dine in
5156,SUN-45428,2024-08-17,Creamy Spaghetti Carbonara,nan,FOD-03,4,38000,152000,cash,dine in
5157,SUN-48528,2024-01-02,Creamy Spaghetti Carbonara,food,FOD-03,3,38000,114000,cash,take away
5158,SUN-38965,2024-06-14,Creamy Spaghetti Carbonara,food,FOD-03,4,38000,unknown,cash,take away
5159,SUN-32134,2024-12-12,Classic_Beef_Burger,food,FOD-05,2,nan,nan,cash,take away
5160,SUN-45036,2024-04-29,Iced_Aren_Latte,drinks,DRK-01,3,25000,75000,nan,dine in
5161,SUN-38452,2024-09-15,Grilled Chicken Mentai Rice,food,FOD-04,4,42000,168000,cash,take away
5162,SUN-31631,2024-12-20,Cinnamon Roll,desserts,DST-04,2,35000,70000,digital wallet,take away
5163,SUN-33878,2024-02-19,Butter Croissant,desserts,DST-01,4,45000,180000,credit card,online shop
5164,SUN-47471,2024-06-19,Hot_Americano,missing,DRK-02,1,22000,22000,cash,take away
5165,SUN-37458,2024-12-19,Mineral_Water,missing,DRK-07,4,26000,104000,cash,online shop
5166,SUN-43972,2024-11-15,Earl_Grey_Milk_Tea,drinks,DRK-04,3,unknown,72000,digital wallet,nan
5167,SUN-45061,2024-11-12,Earl_Grey_Milk_Tea,drinks,DRK-04,error,24000,96000,digital wallet,error
5168,SUN-48365,2024-07-20,Classic_Beef_Burger,food,FOD-05,3,40000,120000,credit card,dine in
5169,SUN-47258,2024-03-02,Earl_Grey_Milk_Tea,drinks,DRK-04,3,24000,72000,error,take away
5170,SUN-37024,2024-05-09,Mineral_Water,drinks,DRK-07,2,26000,52000,credit card,take away
5171,SUN-31922,2024-08-24,error,drinks,DRK-07,1,26000,26000,error,online shop
5172,SUN-41624,2024-09-14,Butter Croissant,desserts,DST-01,2,45000,90000,cash,take away
5173,SUN-44712,2024-10-10,Earl_Grey_Milk_Tea,drinks,DRK-04,error,24000,72000,digital wallet,dine in
5174,SUN-33802,2024-03-02,Cinnamon Roll,desserts,nan,2,35000,70000,digital wallet,take away
5175,SUN-34763,2024-05-14,Butter Croissant,desserts,DST-01,1,45000,45000,error,take away
5176,SUN-35739,2024-02-27,Classic_Beef_Burger,missing,FOD-05,1,error,40000,cash,take away
5177,SUN-42817,2024-05-30,Creamy Spaghetti Carbonara,food,FOD-03,error,38000,152000,unknown,dine in
5178,unknown,2024-07-18,Truffle Fries & Sausage,food,FOD-01,4,10000,unknown,cash,dine in
5179,SUN-30775,2024-12-06,Creamy Spaghetti Carbonara,food,FOD-03,4,38000,152000,cash,take away
5180,SUN-41707,2024-09-02,missing,drinks,DRK-06,2,27000,missing,error,online shop
5181,SUN-40949,2024-08-16,Hot_Americano,drinks,DRK-02,nan,22000,66000,digital wallet,online shop
5182,SUN-35400,2024-04-07,Lotus Biscoff Cheesecake,desserts,DST-03,1,25000,unknown,digital wallet,take away
5183,SUN-34171,2024-10-28,Strawberry_Mojito_Mocktail,drinks,DRK-06,4,27000,missing,cash,take away
5184,SUN-33939,2024-11-15,Earl_Grey_Milk_Tea,drinks,DRK-04,3,24000,72000,nan,dine in
5185,SUN-48710,2024-12-15,Grilled Chicken Mentai Rice,food,FOD-04,4,42000,168000,digital wallet,take away
5186,SUN-45989,2024-03-19,Cinnamon Roll,desserts,DST-04,1,35000,35000,error,take away
5187,SUN-38210,2024-10-12,Butter Croissant,desserts,DST-01,2,nan,90000,digital wallet,take away
5188,SUN-44667,2024-06-16,nan,food,FOD-01,3,10000,30000,error,dine in
5189,SUN-34317,2024-07-29,Creamy Spaghetti Carbonara,food,FOD-03,missing,38000,114000,digital wallet,dine in
5190,SUN-43023,2024-04-11,Mineral_Water,drinks,DRK-07,1,26000,26000,digital wallet,online shop
5191,nan,2024-06-06,Mineral_Water,drinks,DRK-07,1,26000,26000,cash,dine in
5192,SUN-42198,2024-04-23,Earl_Grey_Milk_Tea,drinks,DRK-04,3,24000,72000,cash,online shop
5193,SUN-44681,2024-11-04,Lemonade_Espresso_Tonic,error,DRK-05,error,24000,24000,cash,dine in
5194,SUN-48270,2024-12-23,error,food,FOD-03,4,38000,152000,credit card,take away
5195,SUN-45970,2024-03-31,Matcha_Berry_Latte,drinks,DRK-03,4,28000,112000,digital wallet,dine in
5196,SUN-35755,2024-12-27,Butter Croissant,nan,DST-01,2,45000,90000,credit card,online shop
5197,SUN-39453,2024-01-04,Mineral_Water,drinks,unknown,1,26000,26000,digital wallet,dine in
5198,SUN-35048,2024-12-09,Grilled Chicken Mentai Rice,food,FOD-04,1,42000,42000,cash,online shop
5199,SUN-43890,2024-11-22,Lemonade_Espresso_Tonic,drinks,DRK-05,2,24000,48000,nan,online shop
5200,SUN-40710,2024-02-22,Nasi Goreng Kampung Premium,food,FOD-02,4,32000,unknown,credit card,dine in
5201,SUN-48060,2024-01-13,Creamy Spaghetti Carbonara,error,FOD-03,2,38000,76000,digital wallet,dine in
5202,SUN-35220,2024-04-22,nan,drinks,DRK-06,1,27000,27000,error,missing
5203,SUN-39285,2024-12-21,Hot_Americano,drinks,error,4,22000,nan,cash,dine in
5204,unknown,2024-04-22,Lotus Biscoff Cheesecake,nan,DST-03,1,25000,25000,cash,take away
5205,SUN-49567,2024-01-26,Creamy Spaghetti Carbonara,food,FOD-03,4,38000,152000,cash,online shop
5206,SUN-49929,2024-08-04,Iced_Aren_Latte,drinks,DRK-01,4,nan,unknown,cash,dine in
5207,SUN-49651,2024-01-03,Nasi Goreng Kampung Premium,food,FOD-02,3,32000,96000,missing,take away
5208,nan,2024-06-26,Cinnamon Roll,desserts,DST-04,1,35000,35000,nan,take away
5209,SUN-37654,2024-03-04,Iced_Aren_Latte,drinks,DRK-01,4,25000,100000,cash,take away
5210,SUN-32980,2024-06-28,nan,unknown,DRK-04,unknown,24000,24000,error,online shop
5211,SUN-31066,2024-10-25,Creamy Spaghetti Carbonara,food,FOD-03,1,38000,38000,credit card,take away
5212,SUN-44825,2024-03-19,Strawberry_Mojito_Mocktail,drinks,nan,4,27000,108000,digital wallet,dine in
5213,SUN-33301,2024-10-06,Creamy Spaghetti Carbonara,food,FOD-03,1,38000,38000,digital wallet,dine in
5214,SUN-48402,2024-06-06,Cinnamon Roll,desserts,DST-04,1,35000,35000,digital wallet,take away
5215,SUN-36981,2024-01-30,unknown,desserts,DST-03,2,25000,50000,credit card,nan
5216,SUN-38310,2024-10-04,Nasi Goreng Kampung Premium,food,FOD-02,3,32000,96000,cash,dine in
5217,unknown,2024-09-28,Nasi Goreng Kampung Premium,food,FOD-02,3,32000,unknown,digital wallet,take away
5218,SUN-38403,2024-04-04,Iced_Aren_Latte,error,DRK-01,1,missing,25000,cash,dine in
5219,SUN-42385,2024-03-27,Iced_Aren_Latte,drinks,nan,2,25000,50000,credit card,take away
5220,SUN-49795,2024-08-25,Creamy Spaghetti Carbonara,food,FOD-03,4,38000,152000,credit card,online shop
5221,SUN-49907,2024-10-24,Lemonade_Espresso_Tonic,drinks,DRK-05,4,24000,96000,cash,take away
5222,SUN-43542,2024-03-07,unknown,desserts,DST-03,missing,25000,100000,digital wallet,nan
5223,SUN-33693,2024-03-07,Creamy Spaghetti Carbonara,food,FOD-03,missing,38000,114000,nan,take away
5224,SUN-38155,2024-04-11,Strawberry_Mojito_Mocktail,drinks,DRK-06,3,27000,81000,digital wallet,dine in
5225,SUN-34241,2024-04-24,Cinnamon Roll,desserts,DST-04,3,35000,105000,cash,dine in
5226,SUN-47927,2024-05-23,Fudgy Brownie With Ice Cream,desserts,DST-02,3,18000,54000,digital wallet,missing
5227,SUN-33218,2024-01-23,Creamy Spaghetti Carbonara,food,missing,nan,38000,unknown,digital wallet,error
5228,error,2024-05-03,Matcha_Berry_Latte,drinks,DRK-03,3,28000,84000,missing,take away
5229,SUN-33969,2024-12-14,Nasi Goreng Kampung Premium,food,FOD-02,3,32000,96000,nan,online shop
5230,SUN-42256,2024-12-03,Strawberry_Mojito_Mocktail,error,DRK-06,nan,27000,54000,digital wallet,online shop
5231,SUN-37917,2024-01-30,Tiramisu Tres Leches,unknown,DST-05,1,22000,22000,credit card,dine in
5232,SUN-41977,2024-03-21,Grilled Chicken Mentai Rice,food,FOD-04,4,unknown,unknown,missing,dine in
5233,SUN-43575,2024-09-10,Classic_Beef_Burger,food,FOD-05,1,40000,unknown,credit card,online shop
5234,error,2024-02-19,Nasi Goreng Kampung Premium,food,FOD-02,3,32000,96000,cash,online shop
5235,SUN-37017,2024-10-08,Mineral_Water,drinks,DRK-07,2,26000,52000,credit card,take away
5236,SUN-42724,2024-01-03,Nasi Goreng Kampung Premium,food,FOD-02,2,32000,64000,cash,dine in
5237,nan,2024-06-08,nan,drinks,DRK-02,2,22000,44000,digital wallet,missing
5238,SUN-48408,2024-08-03,Earl_Grey_Milk_Tea,drinks,DRK-04,3,24000,72000,missing,take away
5239,SUN-45432,2024-09-24,error,food,FOD-02,1,32000,32000,digital wallet,dine in
5240,SUN-49894,2024-07-01,Hot_Americano,drinks,DRK-02,1,22000,22000,cash,error
5241,SUN-47692,2024-09-19,Truffle Fries & Sausage,food,FOD-01,2,10000,20000,nan,online shop
5242,SUN-38153,2024-09-21,Earl_Grey_Milk_Tea,drinks,DRK-04,3,24000,72000,nan,missing
5243,SUN-32023,2024-09-18,Lemonade_Espresso_Tonic,drinks,DRK-05,4,24000,96000,digital wallet,online shop
5244,SUN-35019,2024-01-12,Lemonade_Espresso_Tonic,unknown,DRK-05,2,error,48000,cash,online shop
5245,SUN-35540,2024-05-08,Truffle Fries & Sausage,food,FOD-01,4,10000,40000,missing,dine in
5246,SUN-43057,2024-10-22,Earl_Grey_Milk_Tea,drinks,error,1,24000,24000,cash,nan
5247,nan,2024-06-04,Mineral_Water,drinks,DRK-07,2,26000,52000,digital wallet,dine in
5248,nan,2024-10-16,Nasi Goreng Kampung Premium,error,FOD-02,1,32000,missing,digital wallet,dine in
5249,SUN-46648,2024-03-12,missing,food,FOD-04,1,42000,42000,cash,dine in
5250,SUN-39488,2024-10-06,Cinnamon Roll,desserts,DST-04,4,35000,140000,credit card,take away
5251,SUN-45992,2024-04-10,Cinnamon Roll,unknown,DST-04,1,35000,35000,credit card,dine in
5252,SUN-43373,2024-06-29,Classic_Beef_Burger,food,FOD-05,1,error,40000,digital wallet,dine in
5253,SUN-40454,2024-04-11,Strawberry_Mojito_Mocktail,drinks,unknown,error,27000,error,credit card,take away
5254,SUN-49458,2024-03-15,Hot_Americano,unknown,DRK-02,4,22000,nan,credit card,online shop
5255,SUN-46302,2024-03-02,error,desserts,DST-03,2,25000,50000,digital wallet,dine in
5256,SUN-34407,2024-07-08,Tiramisu Tres Leches,desserts,DST-05,3,missing,66000,error,take away
5257,SUN-35164,2024-09-17,Matcha_Berry_Latte,drinks,DRK-03,1,28000,28000,digital wallet,online shop
5258,SUN-33117,2024-06-18,Earl_Grey_Milk_Tea,drinks,DRK-04,2,24000,missing,cash,online shop
5259,SUN-46666,2024-06-19,Mineral_Water,drinks,missing,3,26000,78000,digital wallet,nan
5260,SUN-35604,2024-03-17,Truffle Fries & Sausage,unknown,unknown,2,10000,20000,credit card,online shop
5261,SUN-31396,2024-12-17,Tiramisu Tres Leches,desserts,DST-05,1,22000,22000,credit card,take away
5262,SUN-47222,2024-03-11,Butter Croissant,desserts,DST-01,1,45000,45000,cash,online shop
5263,SUN-36951,2024-07-02,Butter Croissant,desserts,DST-01,3,45000,135000,cash,dine in
5264,SUN-36016,2024-12-21,Grilled Chicken Mentai Rice,food,FOD-04,1,unknown,42000,credit card,dine in
5265,SUN-40226,2024-10-17,Truffle Fries & Sausage,food,FOD-01,3,10000,30000,digital wallet,dine in
5266,SUN-39900,2024-08-22,Hot_Americano,drinks,DRK-02,2,unknown,44000,cash,online shop
5267,SUN-47319,2024-09-10,unknown,drinks,DRK-07,4,error,104000,credit card,dine in
5268,SUN-30484,2024-06-18,Mineral_Water,drinks,DRK-07,2,26000,52000,cash,dine in
5269,SUN-37346,2024-05-12,Cinnamon Roll,desserts,DST-04,4,35000,140000,digital wallet,online shop
5270,SUN-46577,2024-05-02,Lemonade_Espresso_Tonic,drinks,missing,1,24000,error,credit card,online shop
5271,SUN-44517,2024-05-14,error,drinks,DRK-07,error,26000,26000,credit card,take away
5272,unknown,2024-08-19,Fudgy Brownie With Ice Cream,desserts,DST-02,4,nan,nan,unknown,take away
5273,SUN-37477,2024-01-09,Nasi Goreng Kampung Premium,food,FOD-02,3,32000,96000,digital wallet,take away
5274,missing,2024-10-07,Strawberry_Mojito_Mocktail,error,DRK-06,1,27000,27000,credit card,dine in
5275,SUN-39820,2024-08-10,Earl_Grey_Milk_Tea,drinks,DRK-04,2,24000,48000,credit card,take away
5276,SUN-36476,2024-04-20,Cinnamon Roll,desserts,error,4,35000,140000,missing,dine in
5277,SUN-36608,2024-06-01,Nasi Goreng Kampung Premium,food,FOD-02,1,32000,32000,cash,take away
5278,SUN-47640,2024-06-04,Lemonade_Espresso_Tonic,drinks,DRK-05,2,24000,48000,credit card,online shop
5279,SUN-42342,2024-02-26,Cinnamon Roll,desserts,DST-04,3,35000,105000,digital wallet,error
5280,SUN-46884,2024-03-03,nan,drinks,nan,2,27000,54000,credit card,online shop
5281,SUN-30067,2024-01-24,Fudgy Brownie With Ice Cream,nan,DST-02,4,error,72000,digital wallet,online shop
5282,SUN-40625,2024-02-07,Classic_Beef_Burger,food,FOD-05,2,missing,80000,credit card,take away
5283,SUN-41365,2024-12-11,Hot_Americano,drinks,DRK-02,1,22000,22000,credit card,dine in
5284,SUN-35033,2024-12-01,Classic_Beef_Burger,food,FOD-05,1,40000,40000,cash,online shop
5285,SUN-37434,2024-02-04,Tiramisu Tres Leches,desserts,DST-05,1,22000,22000,credit card,dine in
5286,SUN-37245,2024-02-13,Nasi Goreng Kampung Premium,nan,FOD-02,1,unknown,32000,missing,dine in
5287,SUN-46595,2024-03-04,Matcha_Berry_Latte,drinks,DRK-03,1,missing,error,credit card,take away
5288,SUN-31645,2024-03-23,Mineral_Water,drinks,DRK-07,1,nan,26000,error,take away
5289,SUN-37561,2024-12-28,Fudgy Brownie With Ice Cream,unknown,DST-02,missing,18000,error,digital wallet,take away
5290,SUN-39732,2024-07-28,nan,drinks,DRK-07,2,26000,52000,cash,dine in
5291,nan,2024-12-18,missing,drinks,DRK-05,2,24000,48000,cash,online shop
5292,SUN-43324,2024-02-07,error,desserts,DST-01,3,45000,135000,digital wallet,take away
5293,SUN-48931,2024-12-06,Nasi Goreng Kampung Premium,food,FOD-02,3,32000,96000,digital wallet,dine in
5294,SUN-35762,2024-03-10,Grilled Chicken Mentai Rice,food,FOD-04,missing,42000,error,digital wallet,take away
5295,SUN-36100,2024-06-06,Nasi Goreng Kampung Premium,food,FOD-02,2,32000,64000,credit card,take away
5296,SUN-44603,2024-03-25,Truffle Fries & Sausage,food,FOD-01,nan,10000,40000,cash,dine in
5297,SUN-41049,2024-04-13,Lotus Biscoff Cheesecake,nan,DST-03,4,25000,100000,credit card,take away
5298,SUN-42847,2024-12-18,Truffle Fries & Sausage,food,FOD-01,2,10000,missing,cash,error
5299,SUN-30768,2024-03-28,Matcha_Berry_Latte,drinks,DRK-03,1,28000,28000,nan,missing
5300,SUN-44654,2024-11-23,Hot_Americano,drinks,DRK-02,2,22000,44000,digital wallet,dine in
5301,SUN-37550,2024-12-26,Truffle Fries & Sausage,food,nan,1,10000,10000,cash,take away
5302,SUN-47948,2024-07-08,Matcha_Berry_Latte,drinks,DRK-03,4,28000,112000,credit card,online shop
5303,SUN-45216,2024-07-28,Cinnamon Roll,desserts,missing,4,missing,140000,digital wallet,online shop
5304,SUN-42706,2024-08-29,Truffle Fries & Sausage,food,FOD-01,4,10000,40000,credit card,dine in
5305,SUN-47531,2024-04-27,Strawberry_Mojito_Mocktail,drinks,DRK-06,nan,27000,27000,cash,dine in
5306,SUN-41390,2024-11-17,Grilled Chicken Mentai Rice,food,FOD-04,error,42000,unknown,credit card,online shop
5307,SUN-47998,2024-09-19,Cinnamon Roll,desserts,DST-04,4,35000,140000,nan,dine in
5308,SUN-33149,2024-07-06,Lemonade_Espresso_Tonic,drinks,DRK-05,4,error,96000,digital wallet,online shop
5309,SUN-38511,2024-10-06,Mineral_Water,missing,DRK-07,1,26000,26000,missing,dine in
5310,SUN-33305,2024-05-26,Grilled Chicken Mentai Rice,nan,FOD-04,3,42000,126000,credit card,take away
5311,SUN-30746,2024-02-02,Truffle Fries & Sausage,food,FOD-01,1,10000,10000,cash,take away
5312,SUN-40246,2024-01-09,Grilled Chicken Mentai Rice,nan,FOD-04,1,42000,42000,credit card,online shop
5313,SUN-37693,2024-08-09,Butter Croissant,desserts,DST-01,3,45000,135000,credit card,dine in
5314,SUN-38724,2024-06-19,Truffle Fries & Sausage,nan,FOD-01,4,10000,error,unknown,online shop
5315,SUN-44085,2024-12-28,Grilled Chicken Mentai Rice,food,FOD-04,4,42000,168000,credit card,online shop
5316,SUN-49860,2024-01-16,Matcha_Berry_Latte,error,DRK-03,1,28000,28000,digital wallet,dine in
5317,SUN-36457,2024-07-03,unknown,drinks,DRK-01,3,25000,75000,cash,missing
5318,SUN-49719,2024-12-07,Grilled Chicken Mentai Rice,food,FOD-04,2,42000,84000,credit card,dine in
5319,SUN-45611,2024-01-16,Lemonade_Espresso_Tonic,drinks,DRK-05,4,24000,96000,error,online shop
5320,SUN-35344,2024-05-12,nan,missing,FOD-02,1,32000,32000,credit card,dine in
5321,SUN-41133,2024-09-23,Hot_Americano,drinks,DRK-02,4,22000,88000,credit card,online shop
5322,SUN-39188,2024-10-20,Mineral_Water,nan,DRK-07,1,26000,26000,cash,dine in
5323,unknown,2024-08-05,Lotus Biscoff Cheesecake,desserts,DST-03,1,25000,25000,digital wallet,dine in
5324,missing,2024-05-05,Hot_Americano,drinks,DRK-02,3,22000,missing,credit card,take away
5325,SUN-33141,2024-03-28,unknown,food,FOD-03,2,error,unknown,digital wallet,online shop
5326,SUN-32678,2024-06-14,Matcha_Berry_Latte,unknown,DRK-03,1,28000,missing,credit card,take away
5327,SUN-46119,unknown,Grilled Chicken Mentai Rice,food,FOD-04,2,42000,84000,digital wallet,nan
5328,SUN-39588,2024-01-29,Cinnamon Roll,desserts,DST-04,2,35000,error,error,unknown
5329,SUN-36168,2024-05-29,Hot_Americano,drinks,DRK-02,1,error,22000,digital wallet,take away
5330,SUN-38580,2024-08-24,Hot_Americano,drinks,DRK-02,4,22000,88000,digital wallet,online shop
5331,SUN-44772,2024-03-28,Strawberry_Mojito_Mocktail,drinks,unknown,3,27000,81000,cash,take away
5332,SUN-41745,2024-05-20,Creamy Spaghetti Carbonara,food,FOD-03,4,38000,152000,missing,dine in
5333,SUN-41639,2024-10-23,Classic_Beef_Burger,food,FOD-05,4,40000,unknown,missing,dine in
5334,SUN-48033,2024-10-17,error,desserts,error,1,error,45000,credit card,dine in
5335,SUN-40643,2024-01-04,Lotus Biscoff Cheesecake,desserts,DST-03,3,25000,75000,credit card,dine in
5336,SUN-43602,2024-01-11,Lotus Biscoff Cheesecake,desserts,DST-03,4,25000,100000,cash,dine in
5337,SUN-46029,2024-05-01,Strawberry_Mojito_Mocktail,drinks,DRK-06,4,27000,108000,cash,missing
5338,SUN-35534,2024-11-24,Grilled Chicken Mentai Rice,missing,FOD-04,4,42000,unknown,credit card,take away
5339,SUN-40320,2024-05-25,Truffle Fries & Sausage,food,FOD-01,2,10000,20000,credit card,take away
5340,SUN-30918,2024-06-03,Mineral_Water,unknown,DRK-07,3,26000,78000,digital wallet,online shop
5341,SUN-34828,2024-08-05,Hot_Americano,unknown,DRK-02,missing,22000,missing,cash,take away
5342,SUN-49962,2024-11-20,Nasi Goreng Kampung Premium,food,FOD-02,3,32000,96000,credit card,take away
5343,SUN-42251,2024-11-23,Iced_Aren_Latte,drinks,nan,1,25000,25000,cash,take away
5344,SUN-32262,2024-10-19,Cinnamon Roll,unknown,error,3,35000,105000,nan,dine in
5345,SUN-47711,2024-10-04,Truffle Fries & Sausage,food,FOD-01,4,10000,40000,cash,dine in
5346,SUN-30541,2024-05-23,Strawberry_Mojito_Mocktail,drinks,DRK-06,1,27000,missing,credit card,take away
5347,SUN-45436,2024-01-21,Cinnamon Roll,unknown,DST-04,4,35000,140000,credit card,dine in
5348,SUN-37768,2024-07-01,Tiramisu Tres Leches,error,DST-05,3,unknown,66000,digital wallet,dine in
5349,SUN-30003,2024-10-25,Classic_Beef_Burger,food,FOD-05,2,40000,unknown,nan,online shop
5350,SUN-45733,2024-06-19,Grilled Chicken Mentai Rice,food,FOD-04,2,42000,84000,cash,dine in
5351,nan,2024-08-19,Mineral_Water,drinks,DRK-07,error,26000,78000,cash,dine in
5352,SUN-33646,2024-08-06,Butter Croissant,desserts,DST-01,4,error,180000,digital wallet,dine in
5353,nan,2024-12-06,Strawberry_Mojito_Mocktail,drinks,DRK-06,3,27000,81000,digital wallet,take away
5354,missing,2024-07-08,Grilled Chicken Mentai Rice,food,FOD-04,1,42000,42000,error,dine in
5355,SUN-39836,2024-07-14,Lotus Biscoff Cheesecake,desserts,DST-03,4,25000,100000,credit card,online shop
5356,SUN-41990,2024-06-24,Strawberry_Mojito_Mocktail,drinks,DRK-06,2,27000,54000,credit card,nan
5357,SUN-47248,2024-03-03,Lemonade_Espresso_Tonic,drinks,DRK-05,missing,24000,24000,error,missing
5358,SUN-34630,2024-10-26,Truffle Fries & Sausage,food,FOD-01,4,10000,40000,cash,take away
5359,SUN-45862,2024-03-20,Grilled Chicken Mentai Rice,food,FOD-04,4,42000,168000,cash,dine in
5360,SUN-40868,2024-04-07,Grilled Chicken Mentai Rice,food,FOD-04,error,42000,126000,cash,dine in
5361,SUN-48828,2024-12-11,unknown,unknown,DRK-02,4,22000,88000,digital wallet,take away
5362,SUN-44014,2024-08-04,Matcha_Berry_Latte,drinks,DRK-03,1,28000,unknown,cash,dine in
5363,SUN-46673,2024-01-18,unknown,desserts,DST-01,1,45000,45000,cash,take away
5364,SUN-44047,2024-07-31,Truffle Fries & Sausage,food,FOD-01,2,10000,20000,cash,take away
5365,SUN-46083,2024-02-17,Mineral_Water,drinks,missing,2,26000,52000,digital wallet,take away
5366,SUN-46827,2024-05-15,Mineral_Water,drinks,DRK-07,2,26000,52000,credit card,online shop
5367,SUN-48059,2024-09-27,Butter Croissant,desserts,DST-01,2,45000,90000,cash,online shop
5368,SUN-30415,2024-07-30,Earl_Grey_Milk_Tea,drinks,DRK-04,1,24000,24000,cash,dine in
5369,SUN-45509,2024-12-25,Matcha_Berry_Latte,drinks,DRK-03,3,28000,84000,nan,online shop
5370,SUN-34958,2024-07-14,Creamy Spaghetti Carbonara,food,FOD-03,3,38000,114000,missing,online shop
5371,SUN-35949,2024-01-02,Grilled Chicken Mentai Rice,food,FOD-04,2,42000,unknown,credit card,dine in
5372,nan,2024-05-07,Creamy Spaghetti Carbonara,food,FOD-03,missing,38000,114000,credit card,online shop
5373,SUN-45582,2024-08-15,Earl_Grey_Milk_Tea,drinks,DRK-04,3,24000,72000,cash,online shop
5374,SUN-41558,2024-01-01,error,food,FOD-04,4,42000,168000,cash,take away
5375,SUN-31604,2024-10-26,Iced_Aren_Latte,drinks,DRK-01,2,25000,50000,cash,online shop
5376,SUN-45316,2024-05-13,error,desserts,DST-05,4,22000,88000,digital wallet,take away
5377,SUN-44100,2024-08-03,missing,missing,DST-01,2,45000,90000,cash,unknown
5378,SUN-43109,2024-01-18,Truffle Fries & Sausage,food,FOD-01,3,10000,30000,missing,take away
5379,SUN-45003,2024-07-12,unknown,drinks,DRK-06,2,error,54000,cash,online shop
5380,SUN-39126,2024-10-01,nan,food,FOD-04,4,42000,error,error,take away
5381,SUN-36879,2024-10-01,Iced_Aren_Latte,drinks,DRK-01,3,25000,75000,credit card,take away
5382,SUN-48313,2024-09-05,Fudgy Brownie With Ice Cream,desserts,DST-02,3,18000,missing,credit card,take away
5383,SUN-34337,2024-03-29,Creamy Spaghetti Carbonara,food,FOD-03,error,38000,152000,credit card,dine in
5384,SUN-43914,2024-12-02,Fudgy Brownie With Ice Cream,unknown,DST-02,1,nan,18000,credit card,dine in
5385,SUN-48539,2024-04-30,Earl_Grey_Milk_Tea,drinks,DRK-04,4,24000,96000,credit card,dine in
5386,SUN-39261,2024-08-07,error,drinks,DRK-06,3,27000,81000,cash,nan
5387,SUN-35737,2024-10-22,Butter Croissant,unknown,DST-01,2,45000,90000,digital wallet,take away
5388,SUN-48331,2024-07-20,Iced_Aren_Latte,drinks,DRK-01,2,25000,50000,credit card,error
5389,unknown,2024-06-14,Matcha_Berry_Latte,missing,DRK-03,1,unknown,28000,digital wallet,dine in
5390,SUN-49545,2024-04-26,Fudgy Brownie With Ice Cream,desserts,nan,2,18000,36000,credit card,take away
5391,error,2024-03-28,Truffle Fries & Sausage,nan,FOD-01,3,10000,30000,digital wallet,online shop
5392,SUN-33371,2024-01-31,Iced_Aren_Latte,drinks,DRK-01,4,25000,nan,missing,online shop
5393,SUN-45361,2024-10-11,Mineral_Water,missing,DRK-07,4,26000,104000,digital wallet,dine in
5394,SUN-38640,2024-08-04,error,error,FOD-01,1,10000,10000,missing,take away
5395,SUN-36591,2024-01-10,Cinnamon Roll,desserts,DST-04,4,35000,140000,credit card,take away
5396,error,2024-08-06,Iced_Aren_Latte,drinks,DRK-01,1,25000,25000,digital wallet,dine in
5397,SUN-33384,2024-05-30,Iced_Aren_Latte,drinks,DRK-01,3,25000,nan,digital wallet,take away
5398,SUN-46692,2024-01-29,Hot_Americano,drinks,DRK-02,4,22000,missing,credit card,take away
5399,SUN-34741,2024-03-31,nan,food,FOD-04,2,42000,84000,digital wallet,take away
5400,nan,2024-09-25,Earl_Grey_Milk_Tea,drinks,DRK-04,1,24000,24000,error,online shop
5401,missing,2024-10-16,Creamy Spaghetti Carbonara,food,FOD-03,1,38000,unknown,digital wallet,unknown
5402,SUN-44733,2024-05-25,error,drinks,DRK-06,3,unknown,81000,nan,missing
5403,SUN-42869,2024-06-07,error,unknown,FOD-03,2,38000,76000,digital wallet,dine in
5404,SUN-37300,2024-03-20,Cinnamon Roll,desserts,DST-04,nan,35000,35000,digital wallet,online shop
5405,SUN-37095,2024-09-27,Lotus Biscoff Cheesecake,desserts,DST-03,3,missing,75000,nan,error
5406,SUN-40695,2024-12-19,Creamy Spaghetti Carbonara,food,FOD-03,3,38000,114000,digital wallet,nan
5407,SUN-47304,2024-07-05,Strawberry_Mojito_Mocktail,drinks,DRK-06,3,27000,81000,missing,unknown
5408,error,2024-03-12,Tiramisu Tres Leches,desserts,DST-05,3,22000,missing,unknown,unknown
5409,SUN-46682,2024-06-08,Strawberry_Mojito_Mocktail,unknown,DRK-06,3,nan,81000,cash,missing
5410,SUN-37992,2024-06-06,Hot_Americano,drinks,DRK-02,1,22000,22000,cash,take away
5411,SUN-38259,2024-11-24,unknown,desserts,DST-05,4,22000,88000,credit card,dine in
5412,SUN-40460,2024-05-26,Iced_Aren_Latte,drinks,unknown,3,25000,unknown,cash,online shop
5413,SUN-30429,2024-04-22,Grilled Chicken Mentai Rice,food,FOD-04,unknown,42000,42000,digital wallet,dine in
5414,error,2024-07-06,Mineral_Water,drinks,error,2,26000,52000,missing,online shop
5415,SUN-45873,2024-09-18,Earl_Grey_Milk_Tea,drinks,DRK-04,3,24000,72000,credit card,take away
5416,SUN-45356,2024-09-06,Lemonade_Espresso_Tonic,drinks,DRK-05,2,error,48000,cash,online shop
5417,SUN-48418,2024-08-08,unknown,desserts,DST-01,2,45000,90000,cash,take away
5418,SUN-43972,2024-02-06,Creamy Spaghetti Carbonara,food,FOD-03,1,38000,38000,digital wallet,take away
5419,SUN-47111,2024-07-28,Classic_Beef_Burger,error,missing,3,40000,120000,cash,dine in
5420,SUN-30613,2024-07-21,Creamy Spaghetti Carbonara,food,FOD-03,3,unknown,114000,credit card,error
5421,missing,2024-05-17,unknown,unknown,DRK-04,2,24000,unknown,digital wallet,online shop
5422,SUN-43831,2024-01-28,Nasi Goreng Kampung Premium,food,FOD-02,3,32000,96000,cash,nan
5423,SUN-46646,2024-04-05,error,drinks,DRK-02,3,22000,66000,missing,online shop
5424,SUN-41510,2024-06-20,Iced_Aren_Latte,drinks,DRK-01,2,25000,50000,digital wallet,take away
5425,SUN-42801,2024-04-11,Creamy Spaghetti Carbonara,food,FOD-03,1,error,error,nan,take away
5426,SUN-48358,2024-11-11,error,drinks,DRK-03,missing,28000,112000,cash,take away
5427,SUN-42320,2024-01-09,Nasi Goreng Kampung Premium,unknown,FOD-02,1,32000,32000,cash,online shop
5428,SUN-42715,2024-07-04,Strawberry_Mojito_Mocktail,drinks,DRK-06,2,27000,54000,cash,online shop
5429,SUN-33552,2024-10-26,Earl_Grey_Milk_Tea,drinks,DRK-04,2,24000,48000,cash,error
5430,unknown,2024-03-23,Nasi Goreng Kampung Premium,missing,FOD-02,1,32000,32000,credit card,take away
5431,SUN-40190,2024-02-14,Nasi Goreng Kampung Premium,food,nan,3,error,96000,credit card,take away
5432,SUN-46357,2024-04-23,Tiramisu Tres Leches,missing,DST-05,4,22000,error,nan,take away
5433,SUN-38044,2024-10-13,Tiramisu Tres Leches,desserts,DST-05,2,22000,44000,credit card,missing
5434,missing,2024-08-07,Iced_Aren_Latte,drinks,unknown,4,25000,100000,cash,dine in
5435,nan,2024-12-26,Grilled Chicken Mentai Rice,food,FOD-04,3,42000,126000,cash,missing
5436,SUN-45301,2024-09-09,Tiramisu Tres Leches,desserts,missing,1,22000,22000,cash,take away
5437,SUN-34671,2024-01-06,Nasi Goreng Kampung Premium,food,FOD-02,2,32000,64000,digital wallet,take away
5438,SUN-43748,2024-01-05,Classic_Beef_Burger,nan,FOD-05,2,40000,missing,nan,online shop
5439,SUN-39303,2024-05-13,Cinnamon Roll,desserts,DST-04,4,35000,140000,cash,unknown
5440,SUN-41553,2024-03-15,Truffle Fries & Sausage,unknown,FOD-01,4,10000,40000,digital wallet,online shop
5441,SUN-46100,2024-03-02,Strawberry_Mojito_Mocktail,drinks,DRK-06,4,27000,108000,credit card,take away
5442,SUN-30311,2024-07-16,Lemonade_Espresso_Tonic,drinks,DRK-05,missing,24000,24000,credit card,online shop
5443,nan,2024-05-27,Lemonade_Espresso_Tonic,drinks,DRK-05,nan,24000,missing,credit card,dine in
5444,SUN-41180,2024-06-14,Butter Croissant,desserts,DST-01,4,45000,180000,digital wallet,online shop
5445,SUN-42805,2024-04-16,Matcha_Berry_Latte,drinks,DRK-03,3,28000,84000,credit card,missing
5446,SUN-32826,error,Truffle Fries & Sausage,food,FOD-01,4,missing,unknown,credit card,dine in
5447,missing,2024-02-26,Strawberry_Mojito_Mocktail,nan,DRK-06,3,error,81000,digital wallet,take away
5448,SUN-30215,2024-03-11,Matcha_Berry_Latte,drinks,DRK-03,missing,28000,112000,digital wallet,error
5449,SUN-46550,2024-02-10,Iced_Aren_Latte,drinks,DRK-01,1,25000,25000,credit card,take away
5450,SUN-44709,2024-08-28,Hot_Americano,drinks,DRK-02,4,22000,88000,digital wallet,error
5451,nan,2024-03-03,Earl_Grey_Milk_Tea,drinks,DRK-04,1,24000,24000,credit card,dine in
5452,SUN-40966,missing,Fudgy Brownie With Ice Cream,desserts,missing,2,18000,error,cash,dine in
5453,SUN-43994,2024-10-06,Lemonade_Espresso_Tonic,error,DRK-05,4,24000,96000,cash,online shop
5454,nan,2024-10-27,Creamy Spaghetti Carbonara,food,FOD-03,1,38000,38000,cash,dine in
5455,nan,2024-10-03,Fudgy Brownie With Ice Cream,desserts,DST-02,3,unknown,54000,cash,take away
5456,SUN-33502,2024-03-06,Cinnamon Roll,desserts,DST-04,1,missing,35000,cash,take away
5457,SUN-48815,2024-11-30,Lotus Biscoff Cheesecake,desserts,DST-03,1,25000,25000,credit card,take away
5458,SUN-32050,2024-05-29,Matcha_Berry_Latte,nan,DRK-03,3,28000,84000,digital wallet,take away
5459,SUN-48754,2024-01-03,Cinnamon Roll,desserts,DST-04,unknown,35000,105000,nan,online shop
5460,SUN-33973,2024-11-17,Hot_Americano,drinks,nan,2,22000,44000,credit card,take away
5461,SUN-33801,2024-08-16,Cinnamon Roll,desserts,DST-04,4,35000,140000,cash,take away
5462,SUN-45503,2024-10-28,Grilled Chicken Mentai Rice,nan,unknown,1,42000,42000,credit card,dine in
5463,SUN-48168,2024-06-27,Matcha_Berry_Latte,drinks,DRK-03,3,28000,84000,digital wallet,error
5464,unknown,2024-08-03,Mineral_Water,drinks,DRK-07,4,26000,104000,cash,take away
5465,SUN-38463,2024-04-23,unknown,drinks,DRK-06,nan,27000,81000,nan,take away
5466,SUN-44153,2024-06-18,Tiramisu Tres Leches,desserts,DST-05,1,22000,22000,error,online shop
5467,SUN-31513,2024-09-24,Nasi Goreng Kampung Premium,food,FOD-02,3,32000,96000,cash,dine in
5468,SUN-36562,2024-04-19,Lotus Biscoff Cheesecake,desserts,DST-03,1,25000,25000,cash,nan
5469,SUN-34670,2024-07-14,Creamy Spaghetti Carbonara,food,FOD-03,3,38000,114000,credit card,dine in
5470,SUN-33390,2024-10-24,Creamy Spaghetti Carbonara,food,FOD-03,3,38000,unknown,digital wallet,dine in
5471,SUN-42863,2024-03-18,Creamy Spaghetti Carbonara,food,FOD-03,4,38000,152000,cash,error
5472,SUN-43459,2024-02-11,Hot_Americano,drinks,DRK-02,4,22000,88000,cash,online shop
5473,SUN-49387,2024-08-02,Truffle Fries & Sausage,food,FOD-01,2,10000,missing,credit card,dine in
5474,SUN-34870,2024-05-16,Strawberry_Mojito_Mocktail,drinks,DRK-06,4,27000,108000,error,dine in
5475,SUN-49255,2024-09-14,Iced_Aren_Latte,drinks,DRK-01,1,25000,25000,digital wallet,dine in
5476,SUN-45049,2024-01-12,Iced_Aren_Latte,drinks,DRK-01,4,25000,100000,credit card,online shop
5477,SUN-39480,2024-12-14,Classic_Beef_Burger,food,FOD-05,1,40000,40000,cash,dine in
5478,nan,2024-04-23,Cinnamon Roll,desserts,DST-04,1,35000,35000,cash,take away
5479,SUN-36931,2024-05-20,Strawberry_Mojito_Mocktail,drinks,missing,2,27000,54000,digital wallet,unknown
5480,nan,2024-09-03,error,unknown,DRK-01,1,25000,25000,cash,online shop
5481,SUN-43292,2024-08-11,Earl_Grey_Milk_Tea,drinks,DRK-04,2,error,48000,digital wallet,online shop
5482,SUN-32871,2024-02-27,missing,desserts,DST-01,2,45000,90000,cash,dine in
5483,SUN-35146,2024-10-14,Lotus Biscoff Cheesecake,desserts,DST-03,nan,25000,50000,digital wallet,take away
5484,SUN-33838,2024-09-02,Creamy Spaghetti Carbonara,food,FOD-03,1,38000,38000,credit card,online shop
5485,SUN-37377,2024-10-25,Earl_Grey_Milk_Tea,drinks,DRK-04,1,missing,24000,digital wallet,take away
5486,SUN-38704,2024-11-11,Cinnamon Roll,desserts,DST-04,1,error,35000,credit card,take away
5487,SUN-41712,2024-04-07,Earl_Grey_Milk_Tea,drinks,DRK-04,2,24000,48000,digital wallet,dine in
5488,SUN-39336,2024-12-19,Hot_Americano,drinks,DRK-02,4,22000,88000,cash,take away
5489,SUN-44625,2024-03-09,error,food,FOD-04,2,nan,84000,cash,take away
5490,SUN-41258,2024-02-18,Iced_Aren_Latte,drinks,missing,error,25000,100000,cash,take away
5491,SUN-41366,2024-01-29,Truffle Fries & Sausage,food,FOD-01,2,10000,20000,digital wallet,error
5492,missing,2024-04-17,Classic_Beef_Burger,error,FOD-05,4,40000,missing,digital wallet,missing
5493,SUN-30209,2024-07-16,Lotus Biscoff Cheesecake,desserts,DST-03,4,25000,100000,digital wallet,online shop
5494,SUN-34522,2024-02-19,Cinnamon Roll,desserts,DST-04,4,35000,140000,cash,dine in
5495,SUN-41931,2024-10-12,Butter Croissant,desserts,DST-01,3,45000,135000,credit card,take away
5496,SUN-37391,2024-12-04,Classic_Beef_Burger,food,FOD-05,2,40000,80000,credit card,dine in
5497,unknown,2024-03-19,nan,desserts,DST-04,3,35000,missing,credit card,online shop
5498,SUN-34553,2024-08-28,Truffle Fries & Sausage,food,FOD-01,1,10000,10000,cash,take away
5499,SUN-30613,2024-01-13,Truffle Fries & Sausage,food,FOD-01,4,10000,40000,cash,online shop
5500,SUN-34721,2024-01-26,Earl_Grey_Milk_Tea,drinks,DRK-04,2,24000,48000,digital wallet,dine in
5501,SUN-38368,2024-03-27,Lemonade_Espresso_Tonic,nan,DRK-05,4,24000,96000,error,nan
5502,SUN-30837,2024-09-05,error,drinks,DRK-02,3,22000,66000,cash,dine in
5503,SUN-30359,2024-05-08,error,drinks,DRK-01,3,25000,error,digital wallet,dine in
5504,SUN-47909,2024-02-15,Iced_Aren_Latte,nan,DRK-01,2,25000,50000,digital wallet,take away
5505,error,2024-07-19,Hot_Americano,drinks,DRK-02,1,22000,22000,missing,nan
5506,SUN-48068,2024-10-03,Iced_Aren_Latte,drinks,DRK-01,3,25000,75000,cash,online shop
5507,SUN-34397,2024-01-19,Grilled Chicken Mentai Rice,food,FOD-04,3,42000,126000,nan,take away
5508,SUN-39496,2024-09-08,unknown,desserts,DST-02,1,unknown,nan,digital wallet,online shop
5509,SUN-31630,2024-10-10,nan,food,FOD-05,2,40000,80000,credit card,dine in
5510,SUN-39949,2024-10-19,Tiramisu Tres Leches,missing,DST-05,2,22000,44000,digital wallet,dine in
5511,SUN-45279,2024-03-05,nan,drinks,DRK-05,1,nan,24000,unknown,online shop
5512,SUN-39439,2024-01-26,Earl_Grey_Milk_Tea,drinks,DRK-04,3,24000,72000,digital wallet,online shop
5513,SUN-30670,2024-12-29,Mineral_Water,drinks,DRK-07,3,26000,78000,cash,dine in
5514,SUN-47105,2024-06-10,Creamy Spaghetti Carbonara,food,FOD-03,3,38000,114000,digital wallet,dine in
5515,SUN-45993,2024-01-21,Nasi Goreng Kampung Premium,nan,FOD-02,1,32000,32000,credit card,take away
5516,SUN-44639,2024-06-17,Tiramisu Tres Leches,desserts,DST-05,1,22000,22000,digital wallet,nan
5517,SUN-43730,2024-10-21,Truffle Fries & Sausage,unknown,FOD-01,3,10000,30000,digital wallet,dine in
5518,SUN-31925,2024-02-19,Fudgy Brownie With Ice Cream,desserts,DST-02,4,18000,72000,digital wallet,online shop
5519,missing,2024-11-14,Classic_Beef_Burger,food,FOD-05,4,40000,160000,digital wallet,online shop
5520,SUN-30419,2024-04-26,Grilled Chicken Mentai Rice,food,FOD-04,3,42000,126000,error,dine in
5521,SUN-30819,2024-01-05,Tiramisu Tres Leches,desserts,DST-05,1,22000,22000,digital wallet,online shop
5522,SUN-43514,2024-05-17,Lotus Biscoff Cheesecake,missing,DST-03,error,25000,100000,error,take away
5523,SUN-35287,2024-03-25,Mineral_Water,drinks,DRK-07,nan,26000,26000,digital wallet,dine in
5524,SUN-49812,2024-03-12,Nasi Goreng Kampung Premium,food,FOD-02,1,32000,32000,cash,online shop
5525,SUN-40400,2024-09-18,Cinnamon Roll,desserts,DST-04,4,35000,140000,credit card,missing
5526,SUN-40771,2024-10-05,Strawberry_Mojito_Mocktail,drinks,DRK-06,2,error,54000,credit card,nan
5527,SUN-39586,2024-12-30,Butter Croissant,desserts,DST-01,unknown,45000,45000,credit card,nan
5528,SUN-43696,2024-05-30,Iced_Aren_Latte,drinks,DRK-01,2,25000,50000,credit card,dine in
5529,SUN-30445,2024-08-11,Iced_Aren_Latte,drinks,DRK-01,4,25000,100000,digital wallet,take away
5530,SUN-40737,2024-11-12,Creamy Spaghetti Carbonara,food,FOD-03,2,38000,missing,digital wallet,take away
5531,SUN-39503,2024-11-20,Strawberry_Mojito_Mocktail,drinks,DRK-06,3,27000,81000,digital wallet,unknown
5532,SUN-39451,2024-07-08,Classic_Beef_Burger,food,FOD-05,3,nan,120000,digital wallet,online shop
5533,SUN-36850,2024-09-05,Earl_Grey_Milk_Tea,drinks,DRK-04,3,error,72000,nan,error
5534,SUN-37090,2024-05-03,nan,nan,DRK-06,3,27000,81000,cash,online shop
5535,SUN-47891,2024-07-10,Fudgy Brownie With Ice Cream,unknown,DST-02,1,missing,nan,unknown,take away
5536,SUN-46144,2024-10-14,Hot_Americano,drinks,DRK-02,2,22000,44000,cash,online shop
5537,SUN-35246,2024-09-20,Mineral_Water,drinks,DRK-07,4,missing,104000,cash,nan
5538,SUN-34039,2024-05-24,Lemonade_Espresso_Tonic,drinks,DRK-05,3,24000,72000,digital wallet,dine in
5539,SUN-30993,2024-09-05,Strawberry_Mojito_Mocktail,drinks,DRK-06,unknown,27000,27000,digital wallet,online shop
5540,SUN-41722,2024-02-17,Strawberry_Mojito_Mocktail,drinks,DRK-06,4,nan,108000,credit card,take away
5541,SUN-33523,2024-04-04,Creamy Spaghetti Carbonara,food,FOD-03,4,38000,missing,credit card,online shop
5542,SUN-44561,2024-01-15,Strawberry_Mojito_Mocktail,drinks,DRK-06,4,27000,error,cash,take away
5543,SUN-36048,2024-05-09,Hot_Americano,drinks,DRK-02,3,missing,66000,cash,online shop
5544,SUN-42824,2024-04-06,Grilled Chicken Mentai Rice,food,FOD-04,1,42000,error,nan,take away
5545,SUN-35338,2024-11-15,Nasi Goreng Kampung Premium,error,FOD-02,2,32000,error,missing,error
5546,SUN-41107,2024-09-30,Cinnamon Roll,desserts,DST-04,4,35000,error,unknown,take away
5547,SUN-41331,2024-04-03,Tiramisu Tres Leches,desserts,DST-05,1,22000,22000,nan,take away
5548,SUN-34912,2024-04-26,Earl_Grey_Milk_Tea,drinks,DRK-04,4,24000,96000,cash,online shop
5549,SUN-35308,2024-03-20,Butter Croissant,desserts,DST-01,1,error,45000,error,online shop
5550,SUN-42011,2024-10-25,Hot_Americano,drinks,nan,1,22000,22000,credit card,take away
5551,SUN-33112,2024-07-17,Matcha_Berry_Latte,drinks,DRK-03,1,28000,28000,credit card,dine in
5552,SUN-38614,2024-09-10,Mineral_Water,drinks,DRK-07,4,26000,104000,cash,online shop
5553,SUN-33446,2024-10-25,Butter Croissant,desserts,DST-01,1,45000,error,digital wallet,error
5554,SUN-32391,2024-02-04,Classic_Beef_Burger,food,FOD-05,4,40000,160000,credit card,dine in
5555,SUN-32848,2024-05-18,Lemonade_Espresso_Tonic,drinks,DRK-05,1,24000,24000,cash,dine in
5556,SUN-49236,2024-09-03,Earl_Grey_Milk_Tea,drinks,DRK-04,3,24000,72000,missing,online shop
5557,SUN-48704,2024-03-15,Creamy Spaghetti Carbonara,food,FOD-03,3,38000,114000,digital wallet,take away
5558,SUN-49808,2024-05-04,Matcha_Berry_Latte,drinks,DRK-03,3,28000,unknown,cash,online shop
5559,SUN-44789,2024-12-26,Matcha_Berry_Latte,drinks,DRK-03,4,28000,112000,nan,dine in
5560,SUN-45062,2024-12-17,unknown,drinks,DRK-02,4,22000,88000,unknown,take away
5561,SUN-46640,2024-04-24,Truffle Fries & Sausage,food,FOD-01,error,10000,30000,digital wallet,take away
5562,SUN-30286,2024-10-05,Matcha_Berry_Latte,drinks,DRK-03,3,28000,unknown,cash,unknown
5563,SUN-31131,2024-03-02,Hot_Americano,nan,DRK-02,4,22000,88000,cash,take away
5564,SUN-30463,2024-02-21,nan,drinks,DRK-03,3,28000,84000,cash,error
5565,SUN-38749,2024-07-22,Mineral_Water,drinks,DRK-07,4,26000,104000,credit card,dine in
5566,SUN-39011,2024-07-22,Strawberry_Mojito_Mocktail,drinks,DRK-06,2,missing,54000,credit card,error
5567,SUN-41412,2024-04-18,Earl_Grey_Milk_Tea,drinks,DRK-04,1,24000,24000,cash,dine in
5568,SUN-41579,2024-09-14,Classic_Beef_Burger,food,FOD-05,2,40000,80000,cash,online shop
5569,SUN-39517,2024-02-23,Grilled Chicken Mentai Rice,food,error,2,42000,84000,digital wallet,online shop
5570,SUN-32301,2024-06-12,error,food,FOD-03,1,38000,38000,digital wallet,take away
5571,SUN-31569,2024-09-10,Hot_Americano,drinks,DRK-02,2,22000,44000,credit card,dine in
5572,SUN-35499,2024-09-28,Matcha_Berry_Latte,drinks,DRK-03,4,28000,missing,cash,take away
5573,SUN-35285,2024-10-19,Grilled Chicken Mentai Rice,missing,FOD-04,1,42000,42000,credit card,take away
5574,SUN-43942,2024-12-24,Nasi Goreng Kampung Premium,food,FOD-02,4,32000,128000,cash,take away
5575,nan,2024-11-09,Lotus Biscoff Cheesecake,desserts,DST-03,3,unknown,75000,credit card,dine in
5576,SUN-49553,2024-02-13,unknown,drinks,DRK-07,2,nan,52000,credit card,dine in
5577,SUN-44395,2024-04-26,Lotus Biscoff Cheesecake,desserts,DST-03,3,25000,error,nan,online shop
5578,SUN-45130,2024-02-19,Butter Croissant,desserts,DST-01,4,45000,missing,credit card,take away
5579,SUN-37864,2024-02-09,missing,drinks,DRK-03,1,28000,28000,error,take away
5580,SUN-44593,2024-10-09,Classic_Beef_Burger,food,missing,nan,40000,120000,digital wallet,online shop
5581,SUN-41568,2024-11-24,Truffle Fries & Sausage,food,FOD-01,error,10000,40000,error,error
5582,SUN-46046,2024-08-26,Creamy Spaghetti Carbonara,error,FOD-03,2,38000,76000,credit card,nan
5583,SUN-44588,2024-10-06,error,food,FOD-05,1,nan,40000,cash,online shop
5584,SUN-40847,2024-09-29,missing,desserts,error,1,35000,35000,credit card,take away
5585,error,2024-06-30,Creamy Spaghetti Carbonara,food,FOD-03,1,38000,38000,credit card,take away
5586,SUN-49473,2024-08-25,error,drinks,unknown,3,26000,78000,credit card,take away
5587,SUN-44482,2024-01-18,Mineral_Water,missing,DRK-07,4,26000,104000,credit card,online shop
5588,SUN-42333,2024-06-21,Classic_Beef_Burger,nan,FOD-05,4,40000,160000,cash,unknown
5589,SUN-36698,2024-04-06,nan,error,FOD-03,2,38000,76000,cash,online shop
5590,SUN-38279,2024-09-22,Tiramisu Tres Leches,desserts,DST-05,error,22000,66000,cash,online shop
5591,SUN-33019,2024-10-29,unknown,drinks,DRK-02,3,22000,66000,digital wallet,take away
5592,SUN-31745,2024-10-28,Truffle Fries & Sausage,food,FOD-01,1,10000,10000,cash,online shop
5593,SUN-35259,2024-06-21,Lotus Biscoff Cheesecake,desserts,DST-03,1,25000,25000,digital wallet,dine in
5594,SUN-40609,2024-06-19,Strawberry_Mojito_Mocktail,drinks,DRK-06,3,27000,81000,credit card,error
5595,SUN-42711,2024-01-09,missing,food,FOD-03,1,38000,38000,digital wallet,dine in
5596,SUN-32295,2024-08-04,Grilled Chicken Mentai Rice,food,FOD-04,2,42000,84000,unknown,dine in
5597,SUN-32300,2024-06-27,Lotus Biscoff Cheesecake,desserts,DST-03,2,25000,50000,unknown,dine in
5598,SUN-41486,2024-07-17,Creamy Spaghetti Carbonara,food,FOD-03,4,38000,152000,credit card,dine in
5599,SUN-48462,2024-04-08,Tiramisu Tres Leches,desserts,DST-05,2,nan,44000,digital wallet,missing
5600,missing,2024-08-20,Truffle Fries & Sausage,food,FOD-01,4,10000,40000,error,online shop
5601,SUN-32591,2024-06-08,Truffle Fries & Sausage,food,FOD-01,3,10000,30000,cash,take away
5602,SUN-31955,2024-01-30,Earl_Grey_Milk_Tea,drinks,error,1,error,24000,cash,take away
5603,SUN-34826,2024-04-26,error,desserts,missing,2,45000,missing,cash,take away
5604,SUN-46865,2024-03-23,Lotus Biscoff Cheesecake,desserts,DST-03,3,25000,75000,missing,take away
5605,SUN-33863,2024-02-22,Truffle Fries & Sausage,food,FOD-01,1,10000,10000,digital wallet,dine in
5606,SUN-44488,2024-05-25,Earl_Grey_Milk_Tea,drinks,DRK-04,4,24000,96000,digital wallet,take away
5607,SUN-35371,2024-03-16,Lemonade_Espresso_Tonic,drinks,DRK-05,4,unknown,nan,credit card,dine in
5608,SUN-42206,2024-12-30,Matcha_Berry_Latte,drinks,DRK-03,3,28000,84000,nan,online shop
5609,nan,2024-05-25,Creamy Spaghetti Carbonara,food,FOD-03,1,38000,38000,error,nan
5610,SUN-42264,2024-06-08,Iced_Aren_Latte,drinks,DRK-01,1,25000,25000,digital wallet,take away
5611,SUN-49514,2024-05-25,Nasi Goreng Kampung Premium,food,FOD-02,error,32000,96000,cash,take away
5612,SUN-44331,2024-11-07,Creamy Spaghetti Carbonara,food,FOD-03,unknown,38000,76000,credit card,dine in
5613,SUN-47097,2024-10-27,nan,desserts,DST-01,nan,45000,45000,digital wallet,take away
5614,SUN-39524,2024-01-20,Tiramisu Tres Leches,desserts,DST-05,4,22000,88000,unknown,take away
5615,SUN-38890,2024-07-23,nan,food,FOD-03,4,38000,152000,credit card,online shop
5616,nan,2024-12-05,unknown,food,FOD-05,2,40000,80000,credit card,online shop
5617,SUN-37960,2024-08-05,Cinnamon Roll,desserts,DST-04,3,35000,105000,credit card,online shop
5618,SUN-45466,2024-12-05,Grilled Chicken Mentai Rice,food,FOD-04,4,42000,168000,cash,take away
5619,SUN-43386,2024-09-02,Grilled Chicken Mentai Rice,nan,FOD-04,3,42000,126000,digital wallet,nan
5620,SUN-40860,2024-09-30,Classic_Beef_Burger,food,unknown,4,40000,160000,cash,take away
5621,SUN-42666,2024-04-30,Hot_Americano,missing,DRK-02,2,22000,44000,credit card,take away
5622,SUN-45256,2024-04-21,Tiramisu Tres Leches,desserts,DST-05,missing,22000,error,cash,take away
5623,SUN-45187,2024-06-21,Butter Croissant,desserts,DST-01,2,45000,90000,cash,dine in
5624,SUN-41495,2024-11-14,missing,drinks,DRK-07,1,26000,26000,nan,take away
5625,SUN-37397,2024-04-26,missing,drinks,DRK-07,4,26000,104000,digital wallet,take away
5626,SUN-38643,2024-07-28,Lemonade_Espresso_Tonic,drinks,DRK-05,1,24000,24000,digital wallet,error
5627,SUN-33527,2024-05-26,Creamy Spaghetti Carbonara,food,FOD-03,2,38000,error,cash,nan
5628,SUN-34480,2024-04-11,Classic_Beef_Burger,food,FOD-05,2,40000,80000,credit card,dine in
5629,unknown,2024-06-09,Earl_Grey_Milk_Tea,drinks,DRK-04,3,24000,72000,digital wallet,take away
5630,SUN-48270,2024-11-29,Creamy Spaghetti Carbonara,food,FOD-03,3,38000,114000,credit card,dine in
5631,SUN-30269,2024-04-21,Strawberry_Mojito_Mocktail,unknown,DRK-06,1,27000,27000,credit card,dine in
5632,SUN-48776,2024-11-17,Matcha_Berry_Latte,drinks,DRK-03,2,28000,56000,error,dine in
5633,SUN-30298,2024-08-01,Earl_Grey_Milk_Tea,drinks,DRK-04,3,24000,72000,cash,take away
5634,SUN-42716,2024-02-01,Mineral_Water,drinks,DRK-07,3,26000,78000,credit card,dine in
5635,SUN-38487,2024-10-18,Butter Croissant,desserts,DST-01,missing,45000,180000,nan,error
5636,SUN-31725,2024-07-16,Lemonade_Espresso_Tonic,drinks,DRK-05,2,24000,48000,cash,dine in
5637,SUN-40058,2024-05-06,Lemonade_Espresso_Tonic,drinks,DRK-05,2,24000,48000,nan,dine in
5638,SUN-47860,2024-01-24,Grilled Chicken Mentai Rice,food,FOD-04,1,nan,42000,credit card,take away
5639,SUN-31358,2024-02-04,Grilled Chicken Mentai Rice,unknown,FOD-04,3,42000,126000,cash,online shop
5640,SUN-39025,2024-04-29,Earl_Grey_Milk_Tea,drinks,missing,1,24000,24000,missing,online shop
5641,SUN-41782,2024-03-04,missing,drinks,DRK-04,3,24000,72000,digital wallet,nan
5642,SUN-39382,2024-01-31,Iced_Aren_Latte,drinks,DRK-01,2,25000,50000,credit card,missing
5643,SUN-35277,2024-11-18,error,drinks,DRK-01,1,25000,missing,cash,unknown
5644,SUN-41193,2024-12-05,missing,desserts,DST-04,4,35000,140000,digital wallet,online shop
5645,SUN-35113,2024-11-23,Lotus Biscoff Cheesecake,desserts,DST-03,2,25000,50000,credit card,take away
5646,SUN-34149,2024-11-24,Cinnamon Roll,desserts,DST-04,1,35000,35000,digital wallet,take away
5647,error,2024-06-19,Matcha_Berry_Latte,drinks,DRK-03,1,28000,missing,credit card,take away
5648,SUN-39980,2024-05-13,Iced_Aren_Latte,drinks,DRK-01,3,25000,unknown,digital wallet,take away
5649,SUN-45517,2024-02-14,Earl_Grey_Milk_Tea,drinks,DRK-04,1,missing,error,credit card,dine in
5650,SUN-43387,2024-11-30,Cinnamon Roll,desserts,DST-04,3,35000,error,digital wallet,online shop
5651,SUN-37431,2024-10-14,Creamy Spaghetti Carbonara,food,FOD-03,3,38000,114000,missing,dine in
5652,SUN-33863,2024-12-22,Nasi Goreng Kampung Premium,unknown,FOD-02,3,missing,96000,credit card,take away
5653,SUN-45298,2024-08-09,Fudgy Brownie With Ice Cream,desserts,DST-02,1,18000,18000,digital wallet,online shop
5654,SUN-32248,2024-09-20,Truffle Fries & Sausage,food,FOD-01,unknown,10000,40000,cash,unknown
5655,SUN-44488,2024-09-11,Tiramisu Tres Leches,unknown,error,1,22000,22000,cash,take away
5656,SUN-33797,2024-02-05,error,desserts,DST-02,4,18000,unknown,credit card,online shop
5657,SUN-30606,2024-08-08,Tiramisu Tres Leches,desserts,DST-05,2,22000,44000,digital wallet,online shop
5658,SUN-47766,2024-04-19,Earl_Grey_Milk_Tea,nan,DRK-04,2,24000,48000,cash,dine in
5659,SUN-31431,2024-06-18,Hot_Americano,drinks,DRK-02,3,22000,66000,credit card,online shop
5660,SUN-37577,2024-11-15,Butter Croissant,desserts,DST-01,2,45000,90000,error,take away
5661,SUN-43276,2024-09-24,Strawberry_Mojito_Mocktail,drinks,DRK-06,2,nan,54000,nan,nan
5662,SUN-34135,2024-03-05,Cinnamon Roll,nan,DST-04,2,35000,unknown,cash,take away
5663,SUN-30314,2024-12-28,Iced_Aren_Latte,drinks,DRK-01,1,25000,25000,digital wallet,take away
5664,SUN-38624,2024-07-29,unknown,unknown,FOD-01,error,10000,20000,cash,take away
5665,SUN-31505,2024-12-24,Iced_Aren_Latte,drinks,DRK-01,1,25000,25000,credit card,nan
5666,SUN-38371,2024-01-07,Lotus Biscoff Cheesecake,unknown,DST-03,3,25000,75000,error,dine in
5667,SUN-35628,2024-02-15,Iced_Aren_Latte,drinks,DRK-01,1,25000,25000,cash,take away
5668,SUN-44797,2024-08-14,Lemonade_Espresso_Tonic,drinks,DRK-05,2,24000,48000,credit card,take away
5669,SUN-36831,2024-01-13,Fudgy Brownie With Ice Cream,unknown,DST-02,1,nan,18000,cash,online shop
5670,SUN-49819,2024-02-13,Strawberry_Mojito_Mocktail,drinks,DRK-06,1,27000,missing,credit card,unknown
5671,SUN-47189,2024-02-28,Grilled Chicken Mentai Rice,error,FOD-04,2,42000,84000,cash,nan
5672,SUN-38494,2024-08-01,Cinnamon Roll,desserts,DST-04,1,35000,35000,unknown,unknown
5673,SUN-45739,2024-03-19,Truffle Fries & Sausage,food,FOD-01,error,10000,10000,digital wallet,dine in
5674,SUN-33550,2024-01-30,Hot_Americano,error,DRK-02,3,22000,66000,cash,dine in
5675,SUN-39498,2024-12-09,Grilled Chicken Mentai Rice,food,FOD-04,2,42000,84000,cash,dine in
5676,SUN-43639,2024-01-02,Iced_Aren_Latte,drinks,DRK-01,3,25000,75000,digital wallet,online shop
5677,SUN-33596,2024-05-13,Butter Croissant,missing,DST-01,4,45000,180000,unknown,take away
5678,SUN-33812,2024-10-29,Strawberry_Mojito_Mocktail,drinks,DRK-06,1,27000,27000,credit card,error
5679,SUN-30944,2024-08-02,unknown,drinks,DRK-02,4,22000,88000,credit card,missing
5680,SUN-49320,2024-01-25,Truffle Fries & Sausage,food,FOD-01,1,10000,10000,cash,dine in
5681,SUN-44233,2024-12-18,Strawberry_Mojito_Mocktail,drinks,DRK-06,4,27000,108000,cash,dine in
5682,SUN-48043,2024-12-16,Matcha_Berry_Latte,drinks,DRK-03,4,28000,112000,credit card,take away
5683,SUN-36681,2024-07-30,Earl_Grey_Milk_Tea,drinks,DRK-04,4,24000,96000,credit card,online shop
5684,SUN-47007,2024-07-04,Hot_Americano,error,DRK-02,1,22000,22000,cash,online shop
5685,SUN-32178,2024-05-02,Nasi Goreng Kampung Premium,missing,FOD-02,3,missing,nan,credit card,dine in
5686,SUN-44527,2024-02-16,Classic_Beef_Burger,food,FOD-05,1,40000,missing,digital wallet,missing
5687,SUN-46983,2024-10-25,Creamy Spaghetti Carbonara,food,FOD-03,unknown,38000,76000,missing,take away
5688,SUN-33776,2024-08-21,Grilled Chicken Mentai Rice,food,FOD-04,1,42000,42000,credit card,take away
5689,missing,2024-05-28,Matcha_Berry_Latte,drinks,missing,1,28000,28000,credit card,online shop
5690,SUN-33293,2024-12-23,Lotus Biscoff Cheesecake,desserts,DST-03,3,25000,75000,credit card,take away
5691,SUN-41572,2024-02-25,Nasi Goreng Kampung Premium,food,FOD-02,3,nan,96000,credit card,dine in
5692,SUN-32883,2024-06-12,Hot_Americano,drinks,DRK-02,nan,22000,44000,cash,dine in
5693,SUN-30620,2024-09-25,Matcha_Berry_Latte,drinks,DRK-03,1,28000,unknown,digital wallet,error
5694,SUN-30717,2024-08-15,Creamy Spaghetti Carbonara,missing,FOD-03,3,38000,114000,cash,online shop
5695,error,2024-09-26,Hot_Americano,unknown,error,2,missing,44000,cash,online shop
5696,SUN-44599,2024-10-31,Mineral_Water,drinks,DRK-07,1,26000,26000,cash,take away
5697,SUN-36515,2024-06-02,Strawberry_Mojito_Mocktail,drinks,DRK-06,2,unknown,54000,credit card,take away
5698,SUN-49987,2024-12-10,Butter Croissant,desserts,DST-01,2,45000,90000,credit card,online shop
5699,SUN-43701,2024-07-11,nan,drinks,DRK-07,4,26000,104000,digital wallet,online shop
5700,SUN-49389,2024-08-31,Grilled Chicken Mentai Rice,food,FOD-04,1,42000,42000,credit card,take away
5701,SUN-46041,2024-09-18,Tiramisu Tres Leches,desserts,DST-05,4,22000,88000,cash,dine in
5702,error,2024-05-14,error,drinks,DRK-01,unknown,25000,100000,nan,online shop
5703,SUN-32304,2024-10-22,Fudgy Brownie With Ice Cream,desserts,DST-02,2,18000,36000,digital wallet,take away
5704,SUN-45195,2024-06-02,nan,desserts,DST-05,unknown,22000,44000,unknown,take away
5705,SUN-47110,2024-04-30,Classic_Beef_Burger,food,FOD-05,2,40000,80000,nan,take away
5706,SUN-39613,2024-12-08,missing,drinks,DRK-07,3,nan,78000,cash,take away
5707,SUN-37957,2024-12-10,missing,desserts,DST-04,2,35000,70000,credit card,take away
5708,SUN-32054,2024-05-26,Hot_Americano,drinks,DRK-02,unknown,22000,missing,missing,take away
5709,SUN-30438,2024-11-26,Classic_Beef_Burger,error,FOD-05,1,40000,40000,digital wallet,take away
5710,SUN-30354,2024-06-23,Cinnamon Roll,desserts,error,4,35000,140000,error,online shop
5711,SUN-37016,2024-09-24,Butter Croissant,desserts,nan,1,45000,45000,cash,online shop
5712,SUN-38129,2024-04-11,Lemonade_Espresso_Tonic,nan,DRK-05,1,24000,missing,cash,dine in
5713,SUN-32528,2024-04-06,Earl_Grey_Milk_Tea,drinks,DRK-04,3,missing,72000,cash,take away
5714,SUN-38260,2024-02-02,missing,drinks,DRK-02,3,22000,66000,cash,online shop
5715,unknown,2024-01-29,Classic_Beef_Burger,food,FOD-05,3,40000,120000,nan,dine in
5716,SUN-31952,2024-07-23,Strawberry_Mojito_Mocktail,drinks,DRK-06,3,27000,81000,digital wallet,take away
5717,SUN-35309,2024-05-19,Fudgy Brownie With Ice Cream,desserts,DST-02,3,18000,54000,nan,take away
5718,SUN-37849,2024-07-01,Lotus Biscoff Cheesecake,desserts,missing,nan,25000,75000,unknown,online shop
5719,SUN-43228,2024-09-13,error,desserts,DST-02,4,18000,72000,credit card,online shop
5720,unknown,2024-11-17,Truffle Fries & Sausage,food,nan,2,10000,20000,digital wallet,online shop
5721,SUN-40389,2024-02-01,Truffle Fries & Sausage,food,FOD-01,1,error,10000,cash,take away
5722,SUN-30182,2024-10-30,Tiramisu Tres Leches,error,DST-05,1,22000,22000,cash,dine in
5723,unknown,2024-10-11,missing,desserts,DST-03,4,25000,100000,nan,unknown
5724,SUN-49548,2024-09-26,Lotus Biscoff Cheesecake,desserts,DST-03,3,25000,75000,unknown,dine in
5725,SUN-36292,2024-07-17,Mineral_Water,drinks,DRK-07,1,26000,26000,cash,dine in
5726,SUN-37550,2024-12-09,Tiramisu Tres Leches,nan,DST-05,4,22000,88000,unknown,take away
5727,SUN-39037,2024-09-17,Butter Croissant,desserts,error,4,45000,180000,unknown,take away
5728,SUN-38667,2024-09-15,Cinnamon Roll,desserts,DST-04,nan,35000,140000,error,take away
5729,SUN-32687,2024-07-28,Classic_Beef_Burger,food,FOD-05,1,40000,40000,credit card,take away
5730,SUN-33466,2024-03-07,Nasi Goreng Kampung Premium,food,FOD-02,1,missing,32000,unknown,take away
5731,SUN-48599,2024-04-28,Matcha_Berry_Latte,drinks,DRK-03,2,28000,56000,cash,online shop
5732,SUN-39275,2024-03-13,unknown,drinks,DRK-06,1,27000,27000,unknown,take away
5733,SUN-42265,2024-10-31,Matcha_Berry_Latte,drinks,DRK-03,3,28000,nan,digital wallet,online shop
5734,SUN-47632,2024-11-24,Fudgy Brownie With Ice Cream,desserts,DST-02,4,18000,72000,credit card,online shop
5735,SUN-33047,2024-03-07,Creamy Spaghetti Carbonara,food,FOD-03,1,38000,38000,credit card,online shop
5736,SUN-40814,2024-03-18,error,desserts,DST-05,4,22000,88000,credit card,take away
5737,SUN-43948,2024-02-29,Iced_Aren_Latte,drinks,DRK-01,1,unknown,25000,digital wallet,dine in
5738,SUN-34821,2024-10-07,Tiramisu Tres Leches,desserts,DST-05,4,22000,missing,unknown,unknown
5739,SUN-31957,2024-11-17,Creamy Spaghetti Carbonara,food,FOD-03,2,38000,unknown,digital wallet,online shop
5740,SUN-48453,2024-06-13,error,unknown,DRK-03,3,28000,84000,credit card,dine in
5741,SUN-31645,2024-10-04,Mineral_Water,drinks,DRK-07,2,26000,52000,credit card,dine in
5742,SUN-34992,2024-06-17,Truffle Fries & Sausage,food,nan,3,10000,30000,credit card,take away
5743,SUN-32739,2024-11-23,Fudgy Brownie With Ice Cream,desserts,DST-02,4,18000,72000,credit card,dine in
5744,nan,2024-05-16,Creamy Spaghetti Carbonara,food,FOD-03,2,38000,76000,digital wallet,dine in
5745,SUN-30179,2024-09-18,Tiramisu Tres Leches,unknown,DST-05,2,22000,44000,credit card,take away
5746,SUN-31188,2024-07-01,nan,food,FOD-02,1,32000,32000,digital wallet,online shop
5747,SUN-36311,2024-01-15,Lotus Biscoff Cheesecake,desserts,DST-03,3,25000,75000,credit card,error
5748,SUN-40385,2024-10-22,Butter Croissant,error,DST-01,3,45000,missing,digital wallet,take away
5749,SUN-49667,2024-08-12,Lemonade_Espresso_Tonic,drinks,nan,4,24000,96000,digital wallet,missing
5750,unknown,2024-12-01,unknown,food,FOD-05,nan,40000,unknown,credit card,online shop
5751,SUN-33363,2024-02-11,Creamy Spaghetti Carbonara,food,FOD-03,1,error,38000,credit card,error
5752,SUN-48358,2024-02-03,Fudgy Brownie With Ice Cream,desserts,DST-02,4,18000,72000,digital wallet,dine in
5753,SUN-48037,2024-04-29,Mineral_Water,drinks,DRK-07,2,26000,52000,digital wallet,dine in
5754,SUN-40656,2024-12-01,error,drinks,DRK-06,missing,27000,81000,digital wallet,online shop
5755,SUN-38942,2024-02-23,Truffle Fries & Sausage,food,FOD-01,4,10000,40000,digital wallet,error
5756,SUN-37184,2024-05-29,nan,food,FOD-05,nan,40000,80000,digital wallet,online shop
5757,unknown,2024-08-31,Strawberry_Mojito_Mocktail,drinks,DRK-06,3,27000,81000,cash,online shop
5758,SUN-37742,2024-02-20,Truffle Fries & Sausage,food,FOD-01,2,10000,20000,credit card,online shop
5759,SUN-35760,2024-10-13,Classic_Beef_Burger,food,error,1,40000,40000,credit card,dine in
5760,SUN-41849,2024-05-23,Lemonade_Espresso_Tonic,drinks,DRK-05,1,24000,24000,credit card,take away
5761,SUN-47566,2024-04-03,Matcha_Berry_Latte,drinks,DRK-03,2,28000,56000,digital wallet,online shop
5762,SUN-33068,2024-04-06,Iced_Aren_Latte,drinks,DRK-01,1,25000,unknown,cash,missing
5763,error,2024-03-27,Earl_Grey_Milk_Tea,drinks,DRK-04,2,24000,48000,digital wallet,unknown
5764,SUN-39026,2024-01-10,Lotus Biscoff Cheesecake,desserts,DST-03,2,25000,50000,cash,online shop
5765,SUN-34992,2024-05-15,error,drinks,DRK-06,4,27000,108000,cash,take away
5766,SUN-44420,2024-03-21,unknown,food,error,3,42000,126000,nan,dine in
5767,SUN-45524,2024-08-29,Hot_Americano,drinks,DRK-02,4,22000,88000,cash,dine in
5768,SUN-31230,2024-08-16,Iced_Aren_Latte,drinks,DRK-01,3,error,75000,digital wallet,online shop
5769,SUN-31614,2024-09-26,Fudgy Brownie With Ice Cream,desserts,DST-02,2,missing,36000,missing,error
5770,SUN-33451,2024-08-24,Tiramisu Tres Leches,desserts,DST-05,1,unknown,22000,credit card,online shop
5771,SUN-36579,2024-03-24,Nasi Goreng Kampung Premium,food,FOD-02,4,32000,128000,credit card,take away
5772,SUN-41912,2024-02-04,Earl_Grey_Milk_Tea,drinks,DRK-04,4,24000,96000,credit card,take away
5773,SUN-36330,2024-02-14,Tiramisu Tres Leches,desserts,DST-05,1,22000,22000,unknown,dine in
5774,nan,2024-09-04,Classic_Beef_Burger,food,FOD-05,unknown,40000,160000,digital wallet,online shop
5775,unknown,2024-04-18,nan,unknown,DST-05,4,22000,88000,digital wallet,dine in
5776,SUN-39084,2024-02-05,Fudgy Brownie With Ice Cream,error,DST-02,4,18000,72000,missing,online shop
5777,SUN-48020,2024-04-25,unknown,drinks,DRK-04,1,24000,nan,digital wallet,error
5778,SUN-39436,2024-01-23,Grilled Chicken Mentai Rice,food,FOD-04,2,42000,84000,digital wallet,dine in
5779,SUN-41339,2024-12-21,Truffle Fries & Sausage,food,FOD-01,3,10000,30000,error,dine in
5780,SUN-45350,2024-01-25,Hot_Americano,drinks,DRK-02,3,22000,66000,digital wallet,take away
5781,SUN-30887,2024-08-22,Lotus Biscoff Cheesecake,desserts,DST-03,2,25000,50000,cash,online shop
5782,SUN-30260,2024-02-29,Grilled Chicken Mentai Rice,food,FOD-04,missing,42000,84000,digital wallet,dine in
5783,error,2024-04-19,Earl_Grey_Milk_Tea,drinks,DRK-04,4,error,96000,cash,take away
5784,SUN-34959,2024-07-15,Strawberry_Mojito_Mocktail,drinks,DRK-06,4,27000,108000,credit card,dine in
5785,SUN-36160,2024-11-08,Lotus Biscoff Cheesecake,error,DST-03,2,25000,50000,credit card,online shop
5786,SUN-37725,2024-06-25,Creamy Spaghetti Carbonara,food,FOD-03,1,38000,missing,digital wallet,dine in
5787,SUN-35578,2024-09-23,Lotus Biscoff Cheesecake,desserts,DST-03,2,25000,error,cash,take away
5788,SUN-37920,2024-08-26,Lotus Biscoff Cheesecake,desserts,DST-03,1,25000,25000,credit card,dine in
5789,SUN-45676,2024-09-06,Earl_Grey_Milk_Tea,drinks,DRK-04,3,24000,72000,digital wallet,take away
5790,unknown,2024-02-05,Matcha_Berry_Latte,drinks,DRK-03,3,unknown,84000,credit card,take away
5791,SUN-43328,2024-08-31,error,unknown,DRK-07,2,26000,52000,cash,online shop
5792,SUN-31387,2024-07-12,Lotus Biscoff Cheesecake,error,DST-03,1,25000,missing,digital wallet,take away
5793,SUN-35901,2024-08-20,Lotus Biscoff Cheesecake,desserts,DST-03,2,nan,50000,unknown,online shop
5794,SUN-30815,2024-06-04,Creamy Spaghetti Carbonara,food,FOD-03,4,nan,152000,nan,take away
5795,SUN-31444,2024-02-01,Butter Croissant,desserts,DST-01,4,45000,180000,credit card,error
5796,SUN-33559,2024-05-26,nan,nan,DST-04,3,error,105000,cash,online shop
5797,SUN-41922,2024-06-19,Lemonade_Espresso_Tonic,drinks,DRK-05,2,24000,48000,credit card,error
5798,SUN-35673,2024-09-15,Lotus Biscoff Cheesecake,desserts,DST-03,error,25000,100000,digital wallet,dine in
5799,SUN-47210,2024-05-10,nan,drinks,DRK-01,3,25000,75000,nan,dine in
5800,SUN-43701,2024-03-21,Iced_Aren_Latte,drinks,DRK-01,3,25000,75000,credit card,online shop
5801,SUN-33160,2024-01-31,Truffle Fries & Sausage,food,FOD-01,4,10000,40000,missing,error
5802,SUN-49192,2024-01-16,Iced_Aren_Latte,drinks,DRK-01,1,25000,25000,credit card,online shop
5803,SUN-35463,2024-09-09,Strawberry_Mojito_Mocktail,drinks,DRK-06,4,27000,108000,cash,take away
5804,SUN-32761,2024-05-21,Mineral_Water,drinks,DRK-07,nan,26000,104000,error,dine in
5805,SUN-38428,2024-12-27,error,desserts,DST-05,3,22000,66000,cash,dine in
5806,SUN-44744,2024-02-02,Lotus Biscoff Cheesecake,desserts,DST-03,3,25000,75000,credit card,dine in
5807,SUN-40604,2024-10-02,unknown,desserts,DST-01,3,45000,135000,cash,dine in
5808,SUN-44066,2024-12-24,Mineral_Water,drinks,DRK-07,2,26000,unknown,credit card,dine in
5809,unknown,2024-08-26,Lemonade_Espresso_Tonic,drinks,DRK-05,1,unknown,24000,cash,online shop
5810,SUN-35988,2024-03-20,Nasi Goreng Kampung Premium,food,FOD-02,3,32000,96000,cash,dine in
5811,SUN-49084,2024-10-30,Matcha_Berry_Latte,drinks,DRK-03,3,unknown,84000,cash,missing
5812,SUN-40871,2024-11-05,Iced_Aren_Latte,drinks,DRK-01,1,error,25000,unknown,take away
5813,SUN-45530,2024-02-14,Iced_Aren_Latte,drinks,DRK-01,3,25000,error,cash,online shop
5814,SUN-47291,2024-09-11,missing,desserts,DST-03,4,error,100000,nan,dine in
5815,SUN-43097,2024-06-06,Earl_Grey_Milk_Tea,drinks,DRK-04,1,24000,24000,digital wallet,take away
5816,SUN-48885,2024-08-11,Matcha_Berry_Latte,drinks,DRK-03,3,28000,84000,cash,online shop
5817,nan,2024-01-29,Strawberry_Mojito_Mocktail,drinks,error,4,27000,108000,missing,take away
5818,SUN-38934,2024-07-17,error,drinks,unknown,1,26000,26000,digital wallet,dine in
5819,SUN-45443,2024-03-16,error,missing,DRK-05,3,missing,72000,error,missing
5820,SUN-49387,2024-02-28,Mineral_Water,drinks,DRK-07,unknown,26000,26000,credit card,take away
5821,SUN-46963,2024-03-27,missing,drinks,DRK-05,1,24000,24000,unknown,nan
5822,SUN-40219,2024-01-13,Strawberry_Mojito_Mocktail,drinks,DRK-06,4,27000,108000,cash,take away
5823,SUN-39784,2024-01-13,Nasi Goreng Kampung Premium,food,FOD-02,1,32000,32000,digital wallet,take away
5824,SUN-48231,2024-03-20,Matcha_Berry_Latte,unknown,DRK-03,2,28000,56000,cash,dine in
5825,SUN-43756,2024-04-18,Butter Croissant,desserts,DST-01,1,missing,45000,credit card,dine in
5826,SUN-45200,2024-08-05,Fudgy Brownie With Ice Cream,desserts,DST-02,1,18000,18000,digital wallet,take away
5827,SUN-34079,2024-01-06,nan,food,FOD-03,1,38000,38000,digital wallet,dine in
5828,SUN-39795,2024-05-07,Mineral_Water,drinks,DRK-07,3,26000,78000,cash,take away
5829,SUN-30913,2024-04-10,Classic_Beef_Burger,food,FOD-05,3,40000,120000,credit card,take away
5830,SUN-38972,2024-09-20,error,drinks,DRK-05,1,24000,24000,credit card,dine in
5831,SUN-31207,2024-09-23,Classic_Beef_Burger,food,FOD-05,1,40000,40000,digital wallet,online shop
5832,SUN-38838,2024-04-17,Tiramisu Tres Leches,desserts,DST-05,2,22000,44000,unknown,dine in
5833,SUN-48998,2024-12-05,error,food,FOD-04,2,42000,unknown,credit card,take away
5834,SUN-32452,2024-02-24,Hot_Americano,drinks,DRK-02,error,22000,22000,digital wallet,take away
5835,SUN-48142,2024-12-05,Strawberry_Mojito_Mocktail,drinks,DRK-06,2,27000,54000,digital wallet,dine in
5836,SUN-33364,2024-05-25,Earl_Grey_Milk_Tea,drinks,DRK-04,3,24000,72000,digital wallet,nan
5837,SUN-45870,2024-07-15,error,drinks,DRK-01,3,25000,75000,cash,take away
5838,SUN-44362,2024-08-09,Truffle Fries & Sausage,nan,FOD-01,nan,10000,40000,credit card,dine in
5839,SUN-33045,2024-11-06,Mineral_Water,drinks,DRK-07,3,26000,78000,error,online shop
5840,SUN-32288,2024-04-17,Iced_Aren_Latte,drinks,DRK-01,2,unknown,nan,credit card,dine in
5841,SUN-34542,2024-06-13,Mineral_Water,missing,DRK-07,3,26000,78000,digital wallet,take away
5842,SUN-31179,2024-09-29,Truffle Fries & Sausage,food,FOD-01,nan,10000,40000,cash,missing
5843,SUN-34593,2024-07-23,Matcha_Berry_Latte,drinks,DRK-03,3,28000,error,cash,online shop
5844,SUN-41240,2024-07-15,Nasi Goreng Kampung Premium,food,FOD-02,3,unknown,96000,credit card,dine in
5845,SUN-31495,2024-12-10,Nasi Goreng Kampung Premium,food,FOD-02,3,nan,96000,credit card,dine in
5846,SUN-30177,2024-01-31,nan,food,FOD-05,1,40000,40000,digital wallet,take away
5847,SUN-47469,2024-03-14,Fudgy Brownie With Ice Cream,desserts,DST-02,4,18000,72000,error,dine in
5848,SUN-43829,2024-02-24,Matcha_Berry_Latte,drinks,DRK-03,error,28000,112000,credit card,online shop
5849,SUN-36172,2024-02-12,unknown,nan,DRK-04,3,24000,72000,credit card,dine in
5850,SUN-44228,2024-02-27,Tiramisu Tres Leches,desserts,DST-05,4,22000,88000,credit card,dine in
5851,SUN-38069,2024-06-30,Iced_Aren_Latte,drinks,DRK-01,1,25000,25000,cash,online shop
5852,SUN-49144,2024-06-11,nan,drinks,DRK-02,3,22000,66000,cash,dine in
5853,SUN-42810,2024-10-30,Hot_Americano,missing,DRK-02,1,22000,22000,cash,take away
5854,SUN-44041,2024-12-23,Matcha_Berry_Latte,drinks,DRK-03,1,unknown,28000,error,take away
5855,SUN-30580,2024-06-20,Strawberry_Mojito_Mocktail,drinks,DRK-06,3,27000,81000,credit card,online shop
5856,SUN-31875,2024-07-13,nan,desserts,DST-03,3,25000,75000,error,online shop
5857,SUN-37544,2024-01-25,Iced_Aren_Latte,drinks,DRK-01,4,25000,100000,digital wallet,online shop
5858,SUN-46387,2024-09-05,unknown,food,nan,1,42000,42000,credit card,take away
5859,SUN-31823,2024-03-03,Iced_Aren_Latte,drinks,DRK-01,3,nan,75000,digital wallet,take away
5860,SUN-42573,2024-10-19,Fudgy Brownie With Ice Cream,nan,DST-02,3,18000,54000,digital wallet,online shop
5861,SUN-39221,2024-07-07,Earl_Grey_Milk_Tea,drinks,DRK-04,3,24000,72000,digital wallet,take away
5862,SUN-36229,2024-09-29,Butter Croissant,desserts,DST-01,2,45000,90000,digital wallet,dine in
5863,SUN-44901,2024-03-03,Classic_Beef_Burger,food,FOD-05,4,40000,160000,digital wallet,online shop
5864,SUN-35478,2024-08-14,Grilled Chicken Mentai Rice,missing,FOD-04,4,42000,168000,digital wallet,take away
5865,missing,2024-01-17,Hot_Americano,drinks,DRK-02,1,22000,22000,credit card,dine in
5866,SUN-31796,2024-02-18,Butter Croissant,desserts,DST-01,1,45000,nan,cash,dine in
5867,SUN-42821,2024-05-15,nan,food,FOD-01,4,10000,40000,credit card,dine in
5868,SUN-38000,2024-03-20,Butter Croissant,desserts,DST-01,2,45000,90000,cash,dine in
5869,SUN-33174,2024-03-15,Lotus Biscoff Cheesecake,desserts,DST-03,1,25000,25000,credit card,take away
5870,SUN-42439,2024-03-16,Hot_Americano,drinks,DRK-02,2,22000,error,cash,take away
5871,SUN-33198,2024-12-23,Lemonade_Espresso_Tonic,nan,DRK-05,3,24000,72000,credit card,take away
5872,SUN-45216,2024-07-19,Lotus Biscoff Cheesecake,desserts,nan,4,25000,100000,nan,take away
5873,SUN-31846,2024-05-30,Iced_Aren_Latte,nan,DRK-01,2,25000,50000,credit card,online shop
5874,SUN-32569,2024-04-28,Classic_Beef_Burger,food,FOD-05,2,unknown,80000,unknown,online shop
5875,unknown,2024-05-28,Cinnamon Roll,desserts,DST-04,1,35000,35000,digital wallet,online shop
5876,SUN-43050,2024-05-30,Iced_Aren_Latte,drinks,DRK-01,1,25000,error,cash,dine in
5877,SUN-39408,2024-04-12,Iced_Aren_Latte,drinks,DRK-01,3,25000,nan,cash,dine in
5878,SUN-36710,2024-04-06,Nasi Goreng Kampung Premium,food,unknown,2,32000,64000,credit card,online shop
5879,missing,2024-02-03,Matcha_Berry_Latte,drinks,DRK-03,1,28000,28000,error,take away
5880,SUN-31653,2024-11-25,Hot_Americano,missing,DRK-02,3,22000,66000,cash,online shop
5881,SUN-42572,2024-10-01,Matcha_Berry_Latte,drinks,DRK-03,1,28000,missing,credit card,dine in
5882,SUN-31633,2024-03-13,Grilled Chicken Mentai Rice,food,FOD-04,2,unknown,84000,credit card,dine in
5883,SUN-38277,2024-07-06,Cinnamon Roll,desserts,DST-04,3,35000,105000,cash,online shop
5884,SUN-42765,2024-08-18,Nasi Goreng Kampung Premium,food,FOD-02,nan,32000,96000,digital wallet,take away
5885,SUN-33534,2024-12-30,Nasi Goreng Kampung Premium,food,FOD-02,4,32000,128000,digital wallet,take away
5886,SUN-41621,2024-05-18,Tiramisu Tres Leches,desserts,DST-05,4,22000,nan,credit card,online shop
5887,SUN-48339,2024-12-12,missing,food,FOD-05,2,40000,80000,digital wallet,take away
5888,nan,2024-11-08,Creamy Spaghetti Carbonara,missing,FOD-03,3,38000,114000,cash,take away
5889,nan,2024-04-05,Truffle Fries & Sausage,food,missing,4,10000,nan,cash,online shop
5890,SUN-35351,2024-01-31,error,food,FOD-01,4,10000,40000,unknown,online shop
5891,SUN-34668,2024-12-25,unknown,nan,DST-03,4,25000,100000,credit card,online shop
5892,SUN-49193,2024-09-14,Fudgy Brownie With Ice Cream,desserts,DST-02,3,18000,missing,cash,online shop
5893,SUN-36845,2024-10-07,Hot_Americano,drinks,DRK-02,error,22000,66000,digital wallet,take away
5894,SUN-44204,2024-04-21,Iced_Aren_Latte,drinks,DRK-01,4,25000,100000,error,online shop
5895,SUN-49611,2024-12-15,Classic_Beef_Burger,food,FOD-05,2,40000,80000,credit card,nan
5896,SUN-46394,2024-05-24,Cinnamon Roll,desserts,DST-04,1,35000,35000,cash,nan
5897,SUN-33054,2024-03-11,Cinnamon Roll,desserts,DST-04,4,error,140000,cash,take away
5898,SUN-48623,2024-11-21,Hot_Americano,drinks,DRK-02,3,22000,66000,error,take away
5899,SUN-42783,2024-12-15,Earl_Grey_Milk_Tea,drinks,missing,1,24000,missing,credit card,error
5900,SUN-36706,2024-03-24,Lotus Biscoff Cheesecake,desserts,DST-03,2,25000,50000,credit card,online shop
5901,SUN-33420,2024-02-15,Earl_Grey_Milk_Tea,drinks,error,1,error,24000,missing,take away
5902,SUN-32523,2024-03-16,Hot_Americano,drinks,DRK-02,4,22000,unknown,digital wallet,dine in
5903,SUN-37516,2024-03-19,Tiramisu Tres Leches,desserts,missing,missing,22000,error,cash,online shop
5904,SUN-45546,2024-09-05,Matcha_Berry_Latte,drinks,DRK-03,3,28000,84000,cash,dine in
5905,SUN-33575,2024-01-20,Lotus Biscoff Cheesecake,desserts,DST-03,missing,25000,100000,cash,online shop
5906,SUN-30002,2024-01-08,Strawberry_Mojito_Mocktail,drinks,DRK-06,4,nan,108000,cash,online shop
5907,SUN-31626,2024-11-26,Nasi Goreng Kampung Premium,food,FOD-02,2,32000,64000,digital wallet,dine in
5908,SUN-31783,2024-07-06,Creamy Spaghetti Carbonara,food,FOD-03,1,38000,nan,credit card,nan
5909,SUN-47600,2024-07-12,nan,desserts,DST-04,unknown,35000,nan,credit card,missing
5910,SUN-32849,2024-09-15,Earl_Grey_Milk_Tea,drinks,unknown,2,24000,48000,digital wallet,take away
5911,SUN-37976,2024-03-11,Matcha_Berry_Latte,drinks,DRK-03,1,28000,28000,digital wallet,error
5912,SUN-31891,2024-07-29,Nasi Goreng Kampung Premium,food,FOD-02,2,32000,64000,credit card,dine in
5913,SUN-35971,2024-09-20,Classic_Beef_Burger,food,FOD-05,1,40000,40000,credit card,dine in
5914,error,2024-05-19,Cinnamon Roll,desserts,DST-04,4,35000,140000,digital wallet,missing
5915,SUN-48977,2024-04-10,Strawberry_Mojito_Mocktail,drinks,DRK-06,2,missing,54000,digital wallet,online shop
5916,SUN-42305,2024-01-29,Lemonade_Espresso_Tonic,drinks,DRK-05,1,24000,unknown,digital wallet,online shop
5917,SUN-42772,2024-03-21,missing,desserts,DST-05,1,22000,22000,digital wallet,online shop
5918,SUN-48385,2024-08-25,error,food,FOD-02,2,32000,missing,digital wallet,online shop
5919,SUN-31444,2024-01-11,Truffle Fries & Sausage,food,FOD-01,1,10000,10000,credit card,missing
5920,missing,2024-09-16,nan,desserts,DST-03,3,25000,75000,digital wallet,take away
5921,SUN-33473,2024-08-10,error,food,FOD-02,4,32000,128000,digital wallet,online shop
5922,SUN-44446,2024-05-23,Creamy Spaghetti Carbonara,food,FOD-03,2,unknown,76000,credit card,take away
5923,SUN-38110,2024-09-17,Tiramisu Tres Leches,desserts,DST-05,4,nan,88000,cash,nan
5924,SUN-39182,2024-04-15,Butter Croissant,desserts,DST-01,2,45000,90000,digital wallet,dine in
5925,missing,2024-04-29,Matcha_Berry_Latte,drinks,DRK-03,1,28000,28000,cash,online shop
5926,SUN-31577,2024-03-18,Fudgy Brownie With Ice Cream,desserts,DST-02,2,missing,missing,cash,dine in
5927,SUN-39267,2024-01-03,Matcha_Berry_Latte,drinks,DRK-03,2,28000,56000,cash,take away
5928,SUN-41394,2024-05-22,Strawberry_Mojito_Mocktail,drinks,DRK-06,1,unknown,unknown,missing,online shop
5929,missing,2024-05-02,Lotus Biscoff Cheesecake,desserts,DST-03,1,25000,error,credit card,dine in
5930,SUN-43382,2024-11-26,Tiramisu Tres Leches,desserts,DST-05,2,22000,44000,unknown,online shop
5931,SUN-42347,2024-07-19,Earl_Grey_Milk_Tea,drinks,DRK-04,2,24000,48000,cash,online shop
5932,SUN-42431,2024-11-28,Classic_Beef_Burger,error,FOD-05,4,40000,160000,cash,dine in
5933,SUN-37740,2024-10-03,Hot_Americano,drinks,DRK-02,1,22000,22000,credit card,dine in
5934,SUN-34938,error,Tiramisu Tres Leches,desserts,DST-05,2,22000,44000,credit card,online shop
5935,SUN-37555,2024-10-17,Cinnamon Roll,desserts,DST-04,3,35000,nan,error,online shop
5936,SUN-30023,2024-09-21,Mineral_Water,drinks,DRK-07,2,26000,52000,cash,take away
5937,SUN-32821,2024-09-16,Earl_Grey_Milk_Tea,drinks,DRK-04,3,24000,72000,credit card,dine in
5938,SUN-40529,2024-05-10,Lemonade_Espresso_Tonic,drinks,DRK-05,2,24000,48000,digital wallet,online shop
5939,SUN-39243,2024-03-01,Tiramisu Tres Leches,desserts,DST-05,3,22000,66000,credit card,online shop
5940,SUN-36725,2024-07-11,Matcha_Berry_Latte,drinks,DRK-03,4,28000,112000,credit card,online shop
5941,SUN-48438,2024-06-17,error,food,FOD-04,1,42000,42000,error,missing
5942,SUN-43836,2024-04-12,Fudgy Brownie With Ice Cream,desserts,DST-02,3,18000,54000,credit card,error
5943,SUN-42319,2024-06-26,Creamy Spaghetti Carbonara,food,FOD-03,4,38000,152000,cash,take away
5944,SUN-42523,2024-01-13,Creamy Spaghetti Carbonara,food,FOD-03,2,38000,nan,digital wallet,online shop
5945,SUN-37075,2024-09-25,Nasi Goreng Kampung Premium,food,FOD-02,nan,32000,128000,credit card,online shop
5946,SUN-40909,2024-12-04,nan,food,FOD-01,1,10000,10000,cash,take away
5947,SUN-33359,2024-08-12,Creamy Spaghetti Carbonara,food,FOD-03,2,38000,76000,digital wallet,dine in
5948,SUN-39596,2024-09-20,Lotus Biscoff Cheesecake,desserts,DST-03,1,25000,25000,cash,online shop
5949,SUN-47760,2024-06-26,Grilled Chicken Mentai Rice,food,FOD-04,nan,42000,168000,credit card,online shop
5950,SUN-38812,2024-12-15,Strawberry_Mojito_Mocktail,drinks,DRK-06,1,27000,unknown,cash,dine in
5951,SUN-41370,2024-07-21,Hot_Americano,drinks,DRK-02,2,22000,44000,cash,dine in
5952,SUN-32053,2024-11-23,Hot_Americano,drinks,DRK-02,2,22000,unknown,digital wallet,online shop
5953,SUN-35140,2024-01-11,Hot_Americano,drinks,DRK-02,2,unknown,44000,nan,dine in
5954,SUN-48387,2024-11-26,Nasi Goreng Kampung Premium,food,FOD-02,error,32000,128000,digital wallet,missing
5955,SUN-41133,2024-06-04,Cinnamon Roll,desserts,DST-04,1,35000,35000,cash,error
5956,SUN-41044,2024-12-05,Mineral_Water,drinks,DRK-07,1,26000,26000,digital wallet,online shop
5957,unknown,2024-10-15,Grilled Chicken Mentai Rice,food,FOD-04,4,42000,168000,credit card,nan
5958,SUN-40406,2024-07-14,Lotus Biscoff Cheesecake,desserts,DST-03,1,25000,25000,credit card,online shop
5959,SUN-48858,2024-09-16,unknown,desserts,nan,4,35000,140000,credit card,take away
5960,SUN-37803,2024-04-02,Butter Croissant,desserts,DST-01,2,45000,90000,cash,take away
5961,SUN-40942,2024-03-12,Earl_Grey_Milk_Tea,drinks,DRK-04,error,24000,96000,error,take away
5962,SUN-37129,2024-06-18,Matcha_Berry_Latte,drinks,DRK-03,2,28000,56000,missing,online shop
5963,SUN-40913,2024-03-07,Earl_Grey_Milk_Tea,drinks,DRK-04,missing,24000,48000,cash,online shop
5964,SUN-34885,2024-06-18,Tiramisu Tres Leches,desserts,DST-05,1,nan,22000,cash,online shop
5965,SUN-41274,2024-10-09,Classic_Beef_Burger,food,FOD-05,1,40000,40000,credit card,online shop
5966,SUN-44807,2024-10-14,Matcha_Berry_Latte,missing,DRK-03,4,28000,112000,digital wallet,online shop
5967,SUN-39859,2024-06-20,Classic_Beef_Burger,food,FOD-05,4,40000,160000,nan,take away
5968,SUN-44048,2024-09-07,Cinnamon Roll,error,DST-04,3,nan,105000,cash,online shop
5969,SUN-49859,2024-04-12,Mineral_Water,drinks,DRK-07,4,26000,104000,credit card,dine in
5970,SUN-32154,2024-04-10,Grilled Chicken Mentai Rice,food,FOD-04,3,42000,126000,cash,dine in
5971,SUN-38647,2024-06-03,Classic_Beef_Burger,food,FOD-05,3,40000,120000,credit card,take away
5972,SUN-36449,2024-11-25,Cinnamon Roll,desserts,DST-04,3,35000,105000,credit card,take away
5973,SUN-49401,2024-09-21,Fudgy Brownie With Ice Cream,desserts,DST-02,1,18000,18000,digital wallet,missing
5974,SUN-37503,2024-11-16,Classic_Beef_Burger,food,FOD-05,4,40000,160000,nan,missing
5975,SUN-32267,2024-09-13,Fudgy Brownie With Ice Cream,desserts,DST-02,1,18000,18000,nan,missing
5976,SUN-39958,2024-05-06,error,drinks,error,2,24000,nan,digital wallet,take away
5977,SUN-45479,2024-08-29,Strawberry_Mojito_Mocktail,drinks,DRK-06,unknown,27000,81000,cash,take away
5978,SUN-49809,2024-01-08,Tiramisu Tres Leches,desserts,DST-05,unknown,22000,88000,digital wallet,dine in
5979,nan,2024-11-11,nan,drinks,DRK-05,unknown,24000,24000,digital wallet,dine in
5980,SUN-43178,2024-09-07,Lemonade_Espresso_Tonic,drinks,DRK-05,3,unknown,72000,cash,error
5981,unknown,2024-09-07,Tiramisu Tres Leches,desserts,DST-05,error,22000,88000,nan,nan
5982,nan,2024-10-23,Grilled Chicken Mentai Rice,food,FOD-04,1,42000,42000,credit card,dine in
5983,SUN-45284,2024-11-20,Lotus Biscoff Cheesecake,desserts,DST-03,4,25000,100000,cash,dine in
5984,SUN-30329,2024-09-17,missing,unknown,DRK-01,1,25000,25000,cash,dine in
5985,SUN-47410,2024-09-07,Tiramisu Tres Leches,error,DST-05,4,22000,88000,cash,take away
5986,SUN-40282,2024-01-12,Cinnamon Roll,desserts,DST-04,1,35000,35000,credit card,dine in
5987,SUN-36447,2024-01-13,Fudgy Brownie With Ice Cream,desserts,DST-02,4,18000,72000,cash,take away
5988,SUN-48348,2024-09-11,Strawberry_Mojito_Mocktail,drinks,DRK-06,4,27000,108000,credit card,dine in
5989,SUN-30818,2024-06-24,Cinnamon Roll,desserts,DST-04,1,35000,35000,missing,nan
5990,unknown,2024-01-09,Tiramisu Tres Leches,desserts,DST-05,3,nan,unknown,credit card,take away
5991,SUN-44618,2024-10-12,Hot_Americano,drinks,DRK-02,1,22000,22000,cash,take away
5992,SUN-39896,2024-12-31,Truffle Fries & Sausage,food,FOD-01,4,10000,40000,missing,missing
5993,SUN-36789,2024-10-29,Hot_Americano,drinks,DRK-02,4,22000,88000,digital wallet,nan
5994,SUN-47110,2024-05-17,Lemonade_Espresso_Tonic,missing,DRK-05,1,24000,24000,digital wallet,online shop
5995,SUN-43126,2024-03-15,Lemonade_Espresso_Tonic,drinks,DRK-05,3,24000,72000,credit card,online shop
5996,SUN-49648,2024-03-14,unknown,drinks,DRK-03,missing,28000,56000,cash,nan
5997,SUN-33006,2024-01-16,nan,desserts,DST-02,1,18000,18000,credit card,dine in
5998,SUN-36185,2024-03-06,Fudgy Brownie With Ice Cream,desserts,DST-02,3,18000,54000,credit card,take away
5999,SUN-36965,2024-09-19,Hot_Americano,drinks,error,1,22000,22000,credit card,online shop
6000,SUN-39137,2024-07-09,Fudgy Brownie With Ice Cream,desserts,DST-02,3,18000,54000,digital wallet,online shop
6001,SUN-40673,2024-09-11,Mineral_Water,drinks,DRK-07,1,unknown,26000,cash,take away
6002,SUN-31862,2024-09-22,Tiramisu Tres Leches,nan,DST-05,nan,22000,88000,unknown,online shop
6003,SUN-43895,2024-01-30,Earl_Grey_Milk_Tea,drinks,DRK-04,4,24000,96000,credit card,dine in
6004,SUN-40871,2024-09-12,Truffle Fries & Sausage,food,FOD-01,2,10000,20000,cash,online shop
6005,SUN-43912,2024-11-17,Mineral_Water,nan,DRK-07,2,26000,52000,credit card,dine in
6006,SUN-33747,2024-07-06,nan,drinks,DRK-01,1,25000,25000,digital wallet,take away
6007,SUN-34203,2024-05-23,missing,drinks,DRK-07,3,26000,missing,unknown,take away
6008,SUN-46973,2024-05-12,Truffle Fries & Sausage,food,FOD-01,3,10000,30000,cash,online shop
6009,SUN-41046,2024-07-30,Nasi Goreng Kampung Premium,food,FOD-02,missing,32000,128000,missing,dine in
6010,SUN-31212,2024-11-18,error,drinks,DRK-04,3,24000,72000,credit card,take away
6011,SUN-32327,2024-02-19,missing,desserts,DST-03,2,25000,50000,unknown,take away
6012,SUN-36064,2024-10-01,Hot_Americano,drinks,DRK-02,3,22000,66000,digital wallet,online shop
6013,SUN-31818,2024-08-30,Grilled Chicken Mentai Rice,food,nan,4,missing,168000,digital wallet,unknown
6014,SUN-41383,2024-12-27,Matcha_Berry_Latte,drinks,DRK-03,4,error,112000,credit card,take away
6015,SUN-43843,2024-09-11,Classic_Beef_Burger,food,FOD-05,4,40000,error,unknown,take away
6016,SUN-39280,2024-09-11,Tiramisu Tres Leches,missing,DST-05,1,22000,22000,credit card,online shop
6017,SUN-40001,2024-06-15,Grilled Chicken Mentai Rice,food,FOD-04,1,42000,42000,cash,unknown
6018,SUN-39477,2024-02-05,Earl_Grey_Milk_Tea,missing,DRK-04,4,24000,96000,cash,dine in
6019,SUN-44180,2024-07-11,nan,food,FOD-03,1,38000,38000,nan,take away
6020,SUN-31933,2024-03-28,Grilled Chicken Mentai Rice,food,FOD-04,3,42000,126000,cash,missing
6021,SUN-42065,2024-08-05,Fudgy Brownie With Ice Cream,nan,DST-02,4,18000,72000,digital wallet,take away
6022,SUN-38138,2024-02-13,Fudgy Brownie With Ice Cream,desserts,DST-02,2,nan,36000,credit card,dine in
6023,SUN-37178,2024-09-06,Mineral_Water,drinks,DRK-07,4,26000,nan,digital wallet,online shop
6024,SUN-36347,2024-10-07,Matcha_Berry_Latte,drinks,missing,1,28000,28000,cash,nan
6025,SUN-37954,2024-06-15,Iced_Aren_Latte,drinks,DRK-01,4,25000,100000,credit card,error
6026,SUN-31086,2024-11-28,unknown,drinks,DRK-01,4,25000,unknown,nan,online shop
6027,SUN-31425,2024-03-01,Hot_Americano,drinks,DRK-02,3,missing,missing,digital wallet,nan
6028,SUN-35902,2024-09-05,error,drinks,DRK-04,unknown,24000,24000,nan,take away
6029,SUN-45359,2024-09-15,Matcha_Berry_Latte,unknown,missing,4,28000,112000,cash,online shop
6030,SUN-30842,2024-09-15,missing,drinks,DRK-02,4,22000,88000,credit card,nan
6031,nan,2024-08-28,Mineral_Water,drinks,DRK-07,2,26000,52000,cash,take away
6032,missing,2024-12-31,Cinnamon Roll,desserts,error,3,35000,105000,error,error
6033,SUN-40419,2024-06-22,Hot_Americano,drinks,DRK-02,4,missing,88000,cash,take away
6034,SUN-30732,2024-01-21,Creamy Spaghetti Carbonara,food,FOD-03,missing,38000,error,credit card,unknown
6035,SUN-40190,2024-02-28,unknown,drinks,DRK-06,4,27000,108000,digital wallet,take away
6036,unknown,2024-06-30,Creamy Spaghetti Carbonara,food,FOD-03,2,38000,unknown,credit card,take away
6037,SUN-31675,2024-02-14,Butter Croissant,desserts,DST-01,nan,45000,error,digital wallet,take away
6038,SUN-37675,2024-07-10,nan,food,FOD-05,2,40000,80000,cash,dine in
6039,SUN-38688,2024-07-14,Strawberry_Mojito_Mocktail,drinks,error,2,27000,54000,cash,take away
6040,SUN-47145,2024-02-03,Creamy Spaghetti Carbonara,unknown,error,2,38000,76000,credit card,dine in
6041,SUN-47969,2024-03-13,nan,error,missing,1,40000,nan,cash,unknown
6042,SUN-49146,2024-12-16,Iced_Aren_Latte,drinks,unknown,3,25000,nan,missing,online shop
6043,SUN-48440,2024-01-13,Nasi Goreng Kampung Premium,food,FOD-02,4,32000,128000,cash,missing
6044,SUN-33785,2024-07-06,missing,nan,DRK-02,3,22000,66000,credit card,unknown
6045,SUN-35237,2024-04-24,Fudgy Brownie With Ice Cream,error,DST-02,4,18000,72000,credit card,online shop
6046,SUN-39741,2024-12-18,Hot_Americano,drinks,DRK-02,2,22000,44000,cash,nan
6047,SUN-37844,2024-06-03,Tiramisu Tres Leches,desserts,DST-05,3,22000,66000,credit card,error
6048,SUN-32132,2024-02-01,Cinnamon Roll,desserts,DST-04,1,35000,35000,cash,take away
6049,SUN-42074,2024-10-21,unknown,desserts,DST-04,2,35000,70000,missing,dine in
6050,SUN-36273,2024-05-18,Fudgy Brownie With Ice Cream,desserts,DST-02,4,18000,72000,cash,online shop
6051,nan,2024-06-10,Creamy Spaghetti Carbonara,food,unknown,4,38000,error,unknown,take away
6052,SUN-45166,2024-02-11,Classic_Beef_Burger,food,FOD-05,2,40000,80000,cash,dine in
6053,SUN-42533,2024-03-28,Strawberry_Mojito_Mocktail,error,DRK-06,1,27000,27000,credit card,online shop
6054,SUN-42251,2024-12-07,Lemonade_Espresso_Tonic,drinks,DRK-05,4,24000,96000,credit card,unknown
6055,SUN-32983,2024-03-26,Cinnamon Roll,desserts,DST-04,3,35000,105000,cash,dine in
6056,SUN-41199,2024-07-27,Iced_Aren_Latte,drinks,DRK-01,4,25000,100000,digital wallet,take away
6057,SUN-39719,2024-04-03,Cinnamon Roll,desserts,DST-04,1,35000,35000,unknown,dine in
6058,SUN-46007,2024-10-14,Truffle Fries & Sausage,food,FOD-01,2,10000,20000,digital wallet,missing
6059,SUN-36986,2024-10-13,Lotus Biscoff Cheesecake,desserts,DST-03,2,25000,50000,missing,dine in
6060,SUN-41207,2024-02-10,Classic_Beef_Burger,food,FOD-05,2,40000,80000,credit card,online shop
6061,error,2024-12-06,unknown,unknown,DST-05,3,22000,66000,cash,online shop
6062,SUN-30063,2024-04-25,Earl_Grey_Milk_Tea,drinks,DRK-04,1,24000,24000,credit card,error
6063,SUN-40774,2024-08-02,Tiramisu Tres Leches,desserts,DST-05,nan,22000,66000,cash,online shop
6064,SUN-35517,2024-09-08,Lemonade_Espresso_Tonic,drinks,DRK-05,2,24000,48000,credit card,dine in
6065,SUN-43151,2024-07-03,Hot_Americano,drinks,DRK-02,4,missing,88000,nan,take away
6066,SUN-32323,2024-02-18,Tiramisu Tres Leches,desserts,DST-05,2,22000,44000,cash,online shop
6067,SUN-41404,2024-03-23,Iced_Aren_Latte,drinks,DRK-01,4,unknown,100000,cash,dine in
6068,SUN-45185,2024-09-12,Grilled Chicken Mentai Rice,food,FOD-04,nan,42000,84000,error,take away
6069,missing,2024-10-30,Matcha_Berry_Latte,drinks,DRK-03,4,28000,112000,credit card,take away
6070,SUN-44376,2024-10-03,Cinnamon Roll,desserts,DST-04,1,35000,35000,digital wallet,take away
6071,SUN-36105,2024-07-29,Grilled Chicken Mentai Rice,food,FOD-04,1,42000,42000,credit card,online shop
6072,SUN-49130,2024-02-20,Lotus Biscoff Cheesecake,desserts,DST-03,2,25000,50000,digital wallet,take away
6073,SUN-45598,2024-02-07,Iced_Aren_Latte,drinks,DRK-01,2,25000,50000,cash,online shop
6074,SUN-37019,2024-09-15,Mineral_Water,drinks,DRK-07,4,26000,104000,cash,take away
6075,SUN-36452,2024-08-03,Cinnamon Roll,error,DST-04,error,35000,105000,credit card,error
6076,SUN-46191,2024-11-21,Truffle Fries & Sausage,nan,FOD-01,1,10000,10000,credit card,online shop
6077,SUN-34455,2024-05-29,Classic_Beef_Burger,food,FOD-05,missing,40000,160000,credit card,online shop
6078,SUN-37651,2024-11-20,Earl_Grey_Milk_Tea,drinks,DRK-04,3,24000,72000,credit card,dine in
6079,SUN-36636,2024-06-18,Fudgy Brownie With Ice Cream,desserts,DST-02,1,18000,nan,cash,unknown
6080,SUN-33238,2024-10-02,error,missing,DST-04,4,35000,140000,credit card,dine in
6081,error,2024-05-07,Creamy Spaghetti Carbonara,food,FOD-03,2,38000,76000,cash,dine in
6082,SUN-40820,2024-05-30,Mineral_Water,unknown,DRK-07,1,26000,unknown,digital wallet,dine in
6083,SUN-40316,2024-03-08,Butter Croissant,unknown,DST-01,4,45000,180000,credit card,dine in
6084,SUN-36961,2024-04-12,Lemonade_Espresso_Tonic,drinks,DRK-05,4,unknown,96000,cash,online shop
6085,SUN-31598,2024-09-15,Creamy Spaghetti Carbonara,unknown,FOD-03,4,38000,152000,cash,online shop
6086,nan,2024-04-11,Matcha_Berry_Latte,drinks,DRK-03,3,28000,84000,credit card,take away
6087,SUN-45986,2024-12-26,Strawberry_Mojito_Mocktail,drinks,DRK-06,4,27000,108000,digital wallet,dine in
6088,SUN-37275,2024-05-29,Hot_Americano,drinks,DRK-02,4,22000,88000,digital wallet,dine in
6089,SUN-43963,2024-01-12,Truffle Fries & Sausage,food,FOD-01,1,10000,10000,unknown,dine in
6090,SUN-37875,2024-01-22,nan,drinks,DRK-06,4,unknown,108000,digital wallet,take away
6091,SUN-33378,2024-08-12,Hot_Americano,drinks,DRK-02,2,22000,44000,credit card,online shop
6092,SUN-34221,2024-01-12,Truffle Fries & Sausage,food,FOD-01,1,10000,10000,digital wallet,unknown
6093,SUN-32754,2024-06-14,nan,desserts,DST-05,4,unknown,88000,cash,take away
6094,SUN-31919,2024-09-03,error,drinks,DRK-04,1,24000,24000,credit card,online shop
6095,error,2024-08-15,Matcha_Berry_Latte,unknown,DRK-03,4,28000,112000,cash,unknown
6096,nan,2024-12-29,Cinnamon Roll,desserts,DST-04,1,nan,35000,digital wallet,online shop
6097,SUN-30818,2024-09-08,Butter Croissant,desserts,DST-01,4,45000,180000,cash,online shop
6098,SUN-46421,2024-09-06,Tiramisu Tres Leches,desserts,DST-05,1,22000,22000,digital wallet,online shop
6099,SUN-35860,2024-01-03,Matcha_Berry_Latte,drinks,DRK-03,3,28000,84000,cash,take away
6100,SUN-39231,2024-04-05,Iced_Aren_Latte,drinks,DRK-01,4,25000,missing,digital wallet,missing
6101,SUN-46031,2024-11-05,Truffle Fries & Sausage,food,FOD-01,3,10000,30000,unknown,online shop
6102,SUN-30509,2024-02-23,nan,food,FOD-04,2,42000,84000,digital wallet,nan
6103,nan,2024-03-12,Nasi Goreng Kampung Premium,food,FOD-02,2,error,64000,digital wallet,take away
6104,SUN-30712,2024-03-31,Grilled Chicken Mentai Rice,food,FOD-04,nan,42000,error,cash,take away
6105,SUN-48850,2024-10-26,Matcha_Berry_Latte,drinks,DRK-03,3,28000,84000,credit card,take away
6106,SUN-34770,2024-04-24,Grilled Chicken Mentai Rice,food,FOD-04,4,42000,168000,digital wallet,dine in
6107,SUN-44334,2024-11-22,error,food,FOD-02,2,32000,64000,missing,take away
6108,SUN-41699,2024-11-09,Butter Croissant,desserts,DST-01,unknown,45000,nan,cash,online shop
6109,SUN-33676,2024-11-20,Creamy Spaghetti Carbonara,food,FOD-03,missing,38000,152000,missing,take away
6110,SUN-46751,2024-08-06,Butter Croissant,desserts,DST-01,1,45000,45000,digital wallet,online shop
6111,SUN-34122,2024-09-08,Hot_Americano,drinks,DRK-02,unknown,22000,66000,cash,take away
6112,SUN-45426,2024-06-25,Butter Croissant,desserts,DST-01,1,45000,error,credit card,nan
6113,SUN-32609,2024-09-13,Lotus Biscoff Cheesecake,desserts,DST-03,2,25000,50000,credit card,nan
6114,SUN-38934,2024-03-06,Butter Croissant,desserts,missing,3,45000,135000,missing,take away
6115,SUN-45850,2024-12-30,Truffle Fries & Sausage,food,FOD-01,1,10000,10000,cash,error
6116,SUN-40234,2024-05-02,Earl_Grey_Milk_Tea,drinks,DRK-04,unknown,24000,48000,nan,online shop
6117,nan,2024-01-11,error,drinks,DRK-05,1,error,24000,cash,dine in
6118,SUN-46532,2024-08-06,Iced_Aren_Latte,drinks,DRK-01,1,25000,25000,digital wallet,unknown
6119,SUN-49321,2024-11-04,Creamy Spaghetti Carbonara,food,FOD-03,nan,38000,38000,digital wallet,dine in
6120,SUN-44940,2024-07-20,Lotus Biscoff Cheesecake,missing,DST-03,4,25000,100000,digital wallet,dine in
6121,SUN-33851,2024-08-14,Fudgy Brownie With Ice Cream,desserts,DST-02,4,18000,72000,digital wallet,online shop
6122,SUN-41779,2024-12-21,Grilled Chicken Mentai Rice,food,FOD-04,2,42000,84000,digital wallet,take away
6123,SUN-47141,2024-12-13,Hot_Americano,drinks,DRK-02,2,22000,44000,unknown,take away
6124,SUN-44480,2024-04-08,Strawberry_Mojito_Mocktail,drinks,DRK-06,4,27000,108000,unknown,dine in
6125,SUN-41278,2024-12-01,Earl_Grey_Milk_Tea,drinks,DRK-04,3,24000,72000,cash,missing
6126,SUN-39783,2024-08-13,Matcha_Berry_Latte,drinks,DRK-03,1,28000,28000,credit card,take away
6127,SUN-31215,2024-02-03,Matcha_Berry_Latte,drinks,DRK-03,1,28000,28000,cash,online shop
6128,missing,2024-07-10,Grilled Chicken Mentai Rice,food,FOD-04,3,42000,126000,missing,online shop
6129,SUN-34492,2024-08-07,Truffle Fries & Sausage,food,FOD-01,4,10000,40000,cash,dine in
6130,SUN-34383,2024-12-10,Nasi Goreng Kampung Premium,food,FOD-02,3,32000,96000,credit card,take away
6131,unknown,2024-06-11,Mineral_Water,drinks,nan,4,26000,104000,nan,online shop
6132,SUN-30033,2024-02-28,error,food,FOD-01,4,10000,40000,cash,dine in
6133,SUN-44539,2024-04-11,Hot_Americano,drinks,DRK-02,3,22000,66000,cash,online shop
6134,SUN-46646,2024-02-14,Tiramisu Tres Leches,desserts,DST-05,4,22000,88000,digital wallet,dine in
6135,SUN-45040,2024-03-04,Cinnamon Roll,desserts,DST-04,4,unknown,140000,digital wallet,take away
6136,SUN-48084,2024-06-11,nan,drinks,DRK-06,4,27000,108000,error,take away
6137,SUN-47222,2024-02-02,missing,drinks,DRK-06,4,27000,108000,cash,online shop
6138,SUN-46085,2024-12-21,Hot_Americano,drinks,DRK-02,1,22000,22000,digital wallet,online shop
6139,SUN-32873,2024-02-08,Fudgy Brownie With Ice Cream,desserts,DST-02,3,18000,54000,credit card,take away
6140,SUN-35761,2024-08-19,Iced_Aren_Latte,drinks,DRK-01,error,25000,25000,cash,online shop
6141,SUN-46576,2024-06-22,Strawberry_Mojito_Mocktail,drinks,DRK-06,1,27000,27000,cash,take away
6142,SUN-33991,2024-05-12,Creamy Spaghetti Carbonara,food,FOD-03,1,38000,38000,digital wallet,take away
6143,SUN-42027,2024-03-25,nan,desserts,unknown,3,22000,66000,cash,take away
6144,error,2024-02-11,Lotus Biscoff Cheesecake,missing,DST-03,2,25000,50000,cash,take away
6145,SUN-34496,2024-03-09,Iced_Aren_Latte,drinks,DRK-01,1,missing,25000,credit card,take away
6146,SUN-45395,2024-12-23,Strawberry_Mojito_Mocktail,drinks,DRK-06,4,missing,unknown,unknown,dine in
6147,SUN-38982,2024-10-03,Mineral_Water,drinks,unknown,4,26000,104000,cash,online shop
6148,SUN-37654,2024-08-18,Earl_Grey_Milk_Tea,drinks,error,3,missing,error,digital wallet,online shop
6149,SUN-30407,2024-01-14,Matcha_Berry_Latte,drinks,DRK-03,4,unknown,unknown,error,dine in
6150,SUN-39570,2024-02-16,Strawberry_Mojito_Mocktail,drinks,DRK-06,2,27000,54000,nan,take away
6151,SUN-49284,2024-12-10,Strawberry_Mojito_Mocktail,drinks,DRK-06,1,27000,27000,cash,take away
6152,error,2024-06-15,Mineral_Water,drinks,DRK-07,3,26000,78000,credit card,dine in
6153,SUN-39350,2024-04-11,Classic_Beef_Burger,food,FOD-05,2,40000,80000,digital wallet,online shop
6154,SUN-39908,2024-08-10,Matcha_Berry_Latte,drinks,DRK-03,1,28000,28000,cash,take away
6155,SUN-36930,2024-01-06,Tiramisu Tres Leches,desserts,DST-05,3,22000,66000,credit card,online shop
6156,SUN-45563,2024-05-30,Earl_Grey_Milk_Tea,drinks,DRK-04,2,24000,48000,unknown,take away
6157,SUN-41076,2024-03-03,Strawberry_Mojito_Mocktail,drinks,DRK-06,1,27000,27000,unknown,unknown
6158,SUN-30296,2024-04-12,Tiramisu Tres Leches,unknown,DST-05,3,22000,66000,digital wallet,dine in
6159,SUN-47811,2024-07-27,Classic_Beef_Burger,food,FOD-05,4,40000,missing,credit card,take away
6160,SUN-44695,2024-09-18,Grilled Chicken Mentai Rice,food,FOD-04,4,42000,168000,missing,take away
6161,SUN-44171,2024-10-12,Butter Croissant,desserts,DST-01,3,45000,135000,cash,take away
6162,SUN-41671,2024-05-10,Lemonade_Espresso_Tonic,drinks,DRK-05,4,24000,96000,error,take away
6163,SUN-34018,2024-06-19,Lemonade_Espresso_Tonic,drinks,DRK-05,3,24000,72000,credit card,online shop
6164,SUN-42272,2024-11-15,error,food,FOD-01,error,10000,error,digital wallet,take away
6165,SUN-35972,2024-09-21,Butter Croissant,desserts,DST-01,2,45000,90000,digital wallet,online shop
6166,error,2024-07-28,Grilled Chicken Mentai Rice,food,FOD-04,3,42000,126000,credit card,dine in
6167,nan,2024-12-08,Classic_Beef_Burger,food,FOD-05,4,40000,160000,digital wallet,take away
6168,SUN-42532,2024-11-11,Cinnamon Roll,desserts,DST-04,missing,35000,35000,missing,online shop
6169,SUN-39941,2024-07-27,Grilled Chicken Mentai Rice,food,nan,4,42000,168000,missing,online shop
6170,SUN-42186,2024-11-18,Lotus Biscoff Cheesecake,desserts,DST-03,3,unknown,75000,cash,online shop
6171,SUN-47327,2024-09-09,Strawberry_Mojito_Mocktail,drinks,DRK-06,4,27000,nan,cash,take away
6172,SUN-31816,2024-03-01,Lotus Biscoff Cheesecake,desserts,unknown,2,25000,50000,nan,dine in
6173,SUN-31429,2024-07-08,error,desserts,unknown,2,22000,44000,digital wallet,error
6174,SUN-41935,2024-11-29,Classic_Beef_Burger,food,FOD-05,1,40000,40000,cash,dine in
6175,unknown,2024-01-01,Grilled Chicken Mentai Rice,food,FOD-04,2,42000,84000,cash,take away
6176,SUN-49470,2024-08-10,Butter Croissant,desserts,DST-01,2,unknown,90000,credit card,dine in
6177,SUN-46793,2024-10-16,Nasi Goreng Kampung Premium,food,FOD-02,1,32000,32000,error,take away
6178,SUN-34040,2024-12-30,nan,desserts,DST-02,3,nan,54000,credit card,online shop
6179,missing,2024-06-18,Grilled Chicken Mentai Rice,food,FOD-04,4,42000,168000,cash,missing
6180,SUN-44816,2024-04-30,Truffle Fries & Sausage,food,FOD-01,4,10000,40000,digital wallet,dine in
6181,SUN-37046,2024-02-14,Iced_Aren_Latte,drinks,DRK-01,1,25000,25000,digital wallet,online shop
6182,SUN-39728,2024-12-13,Classic_Beef_Burger,food,FOD-05,1,40000,40000,credit card,take away
6183,SUN-41860,2024-10-07,Fudgy Brownie With Ice Cream,desserts,DST-02,2,unknown,36000,cash,dine in
6184,SUN-42177,2024-02-28,Classic_Beef_Burger,food,FOD-05,3,40000,120000,digital wallet,take away
6185,nan,2024-02-03,Earl_Grey_Milk_Tea,drinks,DRK-04,1,24000,24000,digital wallet,dine in
6186,SUN-42333,2024-05-25,Grilled Chicken Mentai Rice,food,FOD-04,4,42000,168000,credit card,take away
6187,SUN-45632,2024-07-31,Butter Croissant,desserts,DST-01,nan,45000,135000,digital wallet,dine in
6188,SUN-37287,2024-09-17,Creamy Spaghetti Carbonara,food,FOD-03,2,error,76000,nan,take away
6189,SUN-41205,2024-08-26,Iced_Aren_Latte,drinks,DRK-01,4,25000,100000,cash,error
6190,SUN-49251,2024-05-06,Nasi Goreng Kampung Premium,food,FOD-02,4,32000,128000,credit card,take away
6191,missing,2024-07-12,Mineral_Water,drinks,DRK-07,3,26000,78000,digital wallet,online shop
6192,SUN-40327,2024-07-19,nan,drinks,DRK-01,3,25000,75000,unknown,online shop
6193,SUN-49787,2024-01-06,Earl_Grey_Milk_Tea,drinks,DRK-04,1,24000,missing,cash,online shop
6194,SUN-48571,2024-06-24,Cinnamon Roll,desserts,DST-04,missing,35000,35000,cash,dine in
6195,SUN-37626,2024-12-07,Iced_Aren_Latte,drinks,DRK-01,unknown,25000,50000,digital wallet,online shop
6196,SUN-37060,2024-01-11,Matcha_Berry_Latte,drinks,DRK-03,4,28000,112000,credit card,dine in
6197,SUN-39262,2024-03-08,Butter Croissant,desserts,DST-01,3,45000,135000,cash,take away
6198,SUN-47752,2024-02-29,Strawberry_Mojito_Mocktail,drinks,DRK-06,4,27000,missing,credit card,dine in
6199,SUN-38880,2024-07-28,Creamy Spaghetti Carbonara,food,FOD-03,unknown,38000,38000,credit card,online shop
6200,SUN-39806,2024-02-13,Matcha_Berry_Latte,drinks,DRK-03,3,28000,84000,credit card,nan
6201,SUN-43973,2024-11-06,Butter Croissant,desserts,DST-01,3,45000,nan,cash,online shop
6202,SUN-40702,2024-10-30,error,drinks,DRK-07,2,26000,52000,digital wallet,dine in
6203,SUN-43457,2024-05-06,Tiramisu Tres Leches,desserts,DST-05,2,22000,44000,credit card,error
6204,SUN-31742,2024-07-20,Hot_Americano,missing,DRK-02,3,22000,66000,cash,dine in
6205,SUN-33175,2024-06-15,unknown,missing,missing,1,25000,25000,cash,take away
6206,SUN-35637,2024-08-23,Hot_Americano,drinks,DRK-02,4,22000,88000,credit card,dine in
6207,SUN-48612,2024-08-17,Cinnamon Roll,desserts,DST-04,4,35000,140000,cash,unknown
6208,SUN-43179,2024-02-26,error,desserts,DST-03,2,nan,50000,error,dine in
6209,SUN-41840,2024-09-07,Earl_Grey_Milk_Tea,drinks,DRK-04,2,nan,error,missing,take away
6210,SUN-43495,2024-10-13,Classic_Beef_Burger,food,FOD-05,1,missing,40000,cash,online shop
6211,SUN-42557,2024-05-19,Earl_Grey_Milk_Tea,drinks,DRK-04,1,24000,24000,cash,dine in
6212,SUN-33344,2024-04-17,Classic_Beef_Burger,nan,FOD-05,1,missing,40000,cash,missing
6213,SUN-49417,2024-09-23,Matcha_Berry_Latte,drinks,DRK-03,3,28000,84000,nan,online shop
6214,SUN-31752,2024-04-23,Classic_Beef_Burger,food,FOD-05,2,40000,80000,cash,dine in
6215,SUN-35480,2024-05-13,Iced_Aren_Latte,drinks,DRK-01,2,25000,missing,cash,online shop
6216,SUN-48897,2024-10-03,Hot_Americano,drinks,DRK-02,1,22000,22000,credit card,nan
6217,SUN-32928,2024-04-27,Nasi Goreng Kampung Premium,missing,FOD-02,2,32000,64000,credit card,dine in
6218,SUN-45972,2024-01-08,Iced_Aren_Latte,nan,DRK-01,2,25000,50000,credit card,dine in
6219,SUN-41796,2024-08-19,Iced_Aren_Latte,error,DRK-01,1,25000,25000,cash,online shop
6220,SUN-46988,2024-02-20,Mineral_Water,drinks,DRK-07,3,26000,78000,cash,nan
6221,SUN-48700,2024-03-11,Creamy Spaghetti Carbonara,food,FOD-03,4,38000,152000,digital wallet,unknown
6222,SUN-32154,2024-12-31,Nasi Goreng Kampung Premium,food,FOD-02,3,32000,96000,error,take away
6223,SUN-32065,2024-09-25,Mineral_Water,drinks,DRK-07,3,26000,78000,digital wallet,take away
6224,SUN-32303,2024-11-10,Hot_Americano,drinks,DRK-02,2,22000,44000,error,take away
6225,nan,2024-01-22,Iced_Aren_Latte,drinks,DRK-01,2,25000,50000,unknown,take away
6226,SUN-47761,2024-06-16,Lemonade_Espresso_Tonic,drinks,DRK-05,3,24000,72000,digital wallet,take away
6227,SUN-44061,2024-01-04,Lemonade_Espresso_Tonic,drinks,DRK-05,3,nan,72000,missing,take away
6228,SUN-47490,2024-09-12,Creamy Spaghetti Carbonara,food,FOD-03,4,38000,152000,cash,take away
6229,SUN-42332,2024-02-29,Grilled Chicken Mentai Rice,error,FOD-04,2,42000,84000,credit card,online shop
6230,SUN-49768,2024-12-06,Tiramisu Tres Leches,unknown,DST-05,4,22000,nan,credit card,online shop
6231,SUN-38282,2024-08-31,Lemonade_Espresso_Tonic,drinks,DRK-05,4,24000,96000,credit card,online shop
6232,SUN-30567,2024-04-14,error,drinks,DRK-06,3,unknown,81000,cash,online shop
6233,SUN-44999,2024-07-12,unknown,error,DRK-01,4,25000,100000,digital wallet,take away
6234,missing,2024-10-22,Butter Croissant,error,DST-01,2,45000,90000,credit card,missing
6235,SUN-49748,2024-05-24,Fudgy Brownie With Ice Cream,desserts,DST-02,2,18000,36000,credit card,online shop
6236,SUN-40116,2024-04-06,error,desserts,DST-04,4,35000,140000,credit card,online shop
6237,SUN-31763,2024-02-12,Butter Croissant,desserts,DST-01,4,unknown,180000,nan,dine in
6238,SUN-31902,2024-10-29,Tiramisu Tres Leches,desserts,DST-05,3,22000,66000,cash,take away
6239,nan,2024-12-11,Strawberry_Mojito_Mocktail,drinks,DRK-06,2,27000,54000,digital wallet,online shop
6240,SUN-49691,2024-10-01,Lotus Biscoff Cheesecake,desserts,DST-03,4,25000,100000,cash,dine in
6241,unknown,2024-03-21,Iced_Aren_Latte,drinks,DRK-01,3,25000,75000,digital wallet,take away
6242,SUN-34379,2024-10-06,Iced_Aren_Latte,drinks,DRK-01,2,25000,50000,missing,online shop
6243,SUN-36903,2024-06-18,Lotus Biscoff Cheesecake,desserts,DST-03,4,25000,100000,credit card,online shop
6244,SUN-35742,2024-01-10,Mineral_Water,drinks,DRK-07,3,26000,78000,digital wallet,online shop
6245,SUN-32491,2024-03-18,Grilled Chicken Mentai Rice,food,FOD-04,3,42000,error,cash,nan
6246,SUN-46988,2024-09-06,Butter Croissant,desserts,DST-01,2,45000,90000,digital wallet,take away
6247,SUN-30775,2024-06-18,Iced_Aren_Latte,error,DRK-01,1,25000,error,cash,online shop
6248,SUN-44329,2024-04-03,Truffle Fries & Sausage,food,missing,2,10000,20000,cash,dine in
6249,SUN-43286,2024-05-14,Grilled Chicken Mentai Rice,food,FOD-04,3,42000,126000,digital wallet,take away
6250,SUN-39905,2024-03-13,Nasi Goreng Kampung Premium,food,FOD-02,1,32000,32000,credit card,take away
6251,SUN-38657,2024-05-06,Fudgy Brownie With Ice Cream,missing,DST-02,4,18000,72000,digital wallet,dine in
6252,SUN-47108,2024-07-26,Matcha_Berry_Latte,drinks,DRK-03,4,28000,112000,credit card,take away
6253,SUN-38033,2024-06-17,Lotus Biscoff Cheesecake,desserts,DST-03,1,unknown,25000,cash,dine in
6254,SUN-39899,2024-05-28,Earl_Grey_Milk_Tea,drinks,DRK-04,1,24000,24000,cash,dine in
6255,SUN-46219,2024-02-10,error,drinks,DRK-02,1,22000,22000,digital wallet,online shop
6256,SUN-47738,2024-09-10,Creamy Spaghetti Carbonara,food,FOD-03,2,38000,error,digital wallet,dine in
6257,SUN-30669,2024-03-17,Creamy Spaghetti Carbonara,error,FOD-03,2,38000,76000,credit card,online shop
6258,SUN-47784,2024-09-27,Earl_Grey_Milk_Tea,drinks,DRK-04,2,unknown,unknown,cash,online shop
6259,SUN-30421,2024-02-09,Hot_Americano,drinks,DRK-02,2,22000,44000,digital wallet,take away
6260,SUN-33639,2024-02-09,unknown,drinks,DRK-06,3,27000,81000,credit card,take away
6261,SUN-42075,2024-03-13,Mineral_Water,nan,DRK-07,unknown,26000,104000,digital wallet,take away
6262,unknown,2024-09-19,Lemonade_Espresso_Tonic,drinks,DRK-05,2,missing,48000,credit card,dine in
6263,SUN-35665,2024-07-08,Mineral_Water,nan,DRK-07,1,26000,26000,cash,take away
6264,SUN-43454,2024-02-13,error,desserts,DST-02,3,18000,54000,credit card,missing
6265,SUN-38777,2024-04-16,Cinnamon Roll,desserts,DST-04,1,unknown,35000,credit card,online shop
6266,SUN-35280,2024-11-22,Lemonade_Espresso_Tonic,drinks,DRK-05,4,24000,96000,cash,online shop
6267,SUN-40605,2024-12-22,Nasi Goreng Kampung Premium,food,FOD-02,3,32000,96000,credit card,take away
6268,SUN-43027,2024-10-11,Lemonade_Espresso_Tonic,drinks,DRK-05,1,24000,missing,digital wallet,take away
6269,SUN-44781,2024-03-05,Strawberry_Mojito_Mocktail,drinks,DRK-06,missing,27000,27000,credit card,dine in
6270,SUN-35817,2024-10-20,Tiramisu Tres Leches,desserts,DST-05,nan,22000,22000,digital wallet,unknown
6271,SUN-40532,2024-07-25,Fudgy Brownie With Ice Cream,error,DST-02,3,18000,54000,cash,dine in
6272,SUN-32155,2024-11-13,Creamy Spaghetti Carbonara,food,FOD-03,missing,38000,missing,digital wallet,online shop
6273,SUN-47180,2024-12-06,Earl_Grey_Milk_Tea,drinks,DRK-04,3,24000,72000,digital wallet,online shop
6274,SUN-47964,2024-03-14,Strawberry_Mojito_Mocktail,drinks,DRK-06,3,27000,81000,cash,online shop
6275,SUN-32566,2024-08-31,Lotus Biscoff Cheesecake,desserts,DST-03,3,25000,nan,credit card,dine in
6276,SUN-43549,2024-10-19,Nasi Goreng Kampung Premium,food,nan,3,32000,96000,digital wallet,take away
6277,SUN-39331,2024-03-19,Matcha_Berry_Latte,drinks,DRK-03,2,28000,56000,cash,unknown
6278,SUN-44840,2024-11-06,Nasi Goreng Kampung Premium,food,FOD-02,1,32000,32000,missing,online shop
6279,unknown,2024-12-30,Grilled Chicken Mentai Rice,food,unknown,2,42000,84000,digital wallet,online shop
6280,unknown,2024-10-20,unknown,food,FOD-03,3,38000,error,digital wallet,dine in
6281,SUN-44675,2024-02-25,Butter Croissant,desserts,DST-01,2,error,90000,credit card,take away
6282,SUN-34655,2024-10-02,nan,drinks,DRK-07,2,26000,52000,cash,online shop
6283,SUN-45627,2024-07-16,Grilled Chicken Mentai Rice,unknown,FOD-04,2,error,84000,nan,dine in
6284,SUN-49877,2024-11-20,Butter Croissant,desserts,DST-01,4,45000,180000,credit card,dine in
6285,SUN-32011,2024-11-23,Lemonade_Espresso_Tonic,missing,DRK-05,2,24000,48000,nan,dine in
6286,SUN-33919,2024-05-24,Strawberry_Mojito_Mocktail,drinks,DRK-06,4,27000,108000,cash,take away
6287,SUN-40206,2024-07-09,Butter Croissant,desserts,DST-01,2,unknown,90000,digital wallet,dine in
6288,SUN-46580,2024-12-02,nan,food,FOD-05,1,40000,missing,unknown,online shop
6289,SUN-49091,2024-12-16,Lotus Biscoff Cheesecake,desserts,error,1,missing,25000,digital wallet,online shop
6290,SUN-31251,2024-05-07,Lotus Biscoff Cheesecake,desserts,DST-03,2,25000,50000,cash,dine in
6291,SUN-37336,2024-10-14,Classic_Beef_Burger,food,FOD-05,3,40000,error,digital wallet,online shop
6292,SUN-40967,2024-09-26,Classic_Beef_Burger,food,FOD-05,4,error,160000,cash,dine in
6293,missing,2024-08-18,Iced_Aren_Latte,drinks,DRK-01,3,25000,75000,digital wallet,online shop
6294,SUN-37908,2024-02-16,Matcha_Berry_Latte,drinks,DRK-03,unknown,28000,112000,nan,online shop
6295,unknown,2024-08-05,Truffle Fries & Sausage,food,FOD-01,3,10000,30000,unknown,dine in
6296,SUN-35091,2024-01-07,Iced_Aren_Latte,drinks,DRK-01,4,25000,100000,cash,dine in
6297,SUN-33404,2024-11-05,Fudgy Brownie With Ice Cream,desserts,DST-02,3,error,54000,unknown,dine in
6298,SUN-46557,2024-07-11,Grilled Chicken Mentai Rice,food,FOD-04,2,42000,84000,error,error
6299,SUN-44281,2024-04-10,missing,food,FOD-03,4,38000,152000,digital wallet,online shop
6300,SUN-44014,2024-02-29,Mineral_Water,drinks,DRK-07,3,missing,78000,missing,online shop
6301,SUN-49383,2024-04-14,Fudgy Brownie With Ice Cream,desserts,DST-02,4,18000,72000,digital wallet,online shop
6302,SUN-46323,2024-08-16,Creamy Spaghetti Carbonara,food,FOD-03,1,38000,38000,unknown,take away
6303,SUN-47219,2024-03-14,Butter Croissant,unknown,DST-01,1,45000,45000,credit card,take away
6304,missing,2024-01-18,Grilled Chicken Mentai Rice,missing,FOD-04,2,42000,84000,credit card,unknown
6305,SUN-44101,2024-10-07,missing,food,FOD-03,2,38000,76000,cash,dine in
6306,SUN-39433,2024-04-17,missing,food,FOD-02,2,32000,64000,digital wallet,online shop
6307,SUN-49889,2024-02-22,Mineral_Water,drinks,DRK-07,2,26000,52000,credit card,unknown
6308,SUN-47431,2024-07-08,Classic_Beef_Burger,food,FOD-05,1,missing,error,cash,online shop
6309,SUN-36127,2024-12-10,Hot_Americano,drinks,DRK-02,1,22000,missing,digital wallet,missing
6310,SUN-43697,2024-12-30,unknown,food,FOD-04,4,42000,nan,cash,dine in
6311,nan,2024-10-25,Nasi Goreng Kampung Premium,food,FOD-02,2,unknown,64000,digital wallet,take away
6312,SUN-46999,2024-10-10,Iced_Aren_Latte,drinks,DRK-01,2,25000,50000,credit card,online shop
6313,SUN-40944,2024-03-27,Strawberry_Mojito_Mocktail,drinks,DRK-06,2,27000,54000,cash,dine in
6314,SUN-40907,2024-09-27,Classic_Beef_Burger,food,missing,2,40000,80000,cash,take away
6315,error,2024-06-10,Tiramisu Tres Leches,desserts,DST-05,1,22000,22000,cash,take away
6316,SUN-40143,2024-12-01,Iced_Aren_Latte,drinks,DRK-01,2,25000,50000,cash,take away
6317,SUN-39003,2024-10-05,Fudgy Brownie With Ice Cream,desserts,DST-02,2,18000,36000,digital wallet,take away
6318,SUN-35633,2024-11-21,missing,desserts,DST-02,4,18000,72000,digital wallet,take away
6319,SUN-48876,2024-02-28,Grilled Chicken Mentai Rice,food,FOD-04,nan,42000,42000,digital wallet,online shop
6320,SUN-35685,2024-02-13,Hot_Americano,nan,DRK-02,2,22000,44000,credit card,missing
6321,SUN-32855,2024-04-01,Classic_Beef_Burger,food,FOD-05,2,40000,80000,credit card,nan
6322,SUN-36910,2024-03-21,Cinnamon Roll,desserts,DST-04,3,35000,105000,cash,missing
6323,SUN-44696,2024-05-30,Iced_Aren_Latte,drinks,DRK-01,1,25000,25000,cash,take away
6324,SUN-38550,2024-08-14,Strawberry_Mojito_Mocktail,missing,DRK-06,1,27000,27000,digital wallet,dine in
6325,SUN-41094,2024-11-08,Truffle Fries & Sausage,error,FOD-01,nan,10000,10000,credit card,online shop
6326,SUN-37253,2024-04-01,Grilled Chicken Mentai Rice,food,FOD-04,4,42000,168000,cash,online shop
6327,SUN-38761,2024-04-10,Creamy Spaghetti Carbonara,food,FOD-03,1,38000,38000,credit card,take away
6328,SUN-48273,2024-11-04,Strawberry_Mojito_Mocktail,drinks,error,2,27000,error,credit card,dine in
6329,SUN-35020,2024-09-25,Truffle Fries & Sausage,unknown,FOD-01,3,missing,30000,credit card,dine in
6330,SUN-39809,2024-02-10,Matcha_Berry_Latte,drinks,DRK-03,3,28000,84000,digital wallet,dine in
6331,SUN-38423,2024-10-06,unknown,food,FOD-05,1,40000,40000,missing,take away
6332,SUN-45175,2024-11-14,nan,desserts,DST-05,4,22000,88000,cash,missing
6333,SUN-35776,2024-10-05,Tiramisu Tres Leches,desserts,DST-05,2,22000,44000,cash,online shop
6334,SUN-34264,2024-04-27,Matcha_Berry_Latte,drinks,DRK-03,3,28000,84000,digital wallet,online shop
6335,SUN-48864,2024-01-17,Mineral_Water,drinks,DRK-07,1,26000,26000,missing,dine in
6336,SUN-35039,2024-10-10,Grilled Chicken Mentai Rice,food,FOD-04,nan,42000,42000,cash,dine in
6337,SUN-35429,2024-06-28,Nasi Goreng Kampung Premium,unknown,FOD-02,3,32000,96000,cash,take away
6338,SUN-48868,2024-07-10,Lemonade_Espresso_Tonic,drinks,missing,3,24000,72000,credit card,online shop
6339,SUN-39584,2024-04-26,Classic_Beef_Burger,unknown,FOD-05,3,40000,120000,unknown,take away
6340,SUN-32610,2024-11-30,Grilled Chicken Mentai Rice,food,FOD-04,4,42000,168000,digital wallet,online shop
6341,SUN-48356,2024-04-09,unknown,error,FOD-04,1,42000,42000,cash,take away
6342,SUN-31778,2024-07-26,Iced_Aren_Latte,drinks,DRK-01,unknown,25000,50000,digital wallet,online shop
6343,nan,2024-10-24,Truffle Fries & Sausage,unknown,FOD-01,2,10000,20000,cash,nan
6344,SUN-45190,2024-08-16,Butter Croissant,desserts,error,2,45000,90000,missing,take away
6345,SUN-41337,2024-08-02,unknown,drinks,DRK-03,3,28000,84000,credit card,take away
6346,error,2024-01-25,Classic_Beef_Burger,food,FOD-05,3,40000,120000,digital wallet,dine in
6347,missing,2024-03-18,Grilled Chicken Mentai Rice,food,FOD-04,1,42000,42000,digital wallet,take away
6348,SUN-31921,2024-12-23,Tiramisu Tres Leches,desserts,DST-05,3,22000,66000,cash,online shop
6349,SUN-45753,2024-09-19,Lemonade_Espresso_Tonic,drinks,DRK-05,unknown,24000,96000,cash,nan
6350,SUN-40192,2024-11-24,Lemonade_Espresso_Tonic,drinks,DRK-05,unknown,24000,24000,digital wallet,online shop
6351,SUN-49198,2024-09-20,error,drinks,DRK-07,3,26000,78000,cash,dine in
6352,SUN-40711,2024-02-22,Strawberry_Mojito_Mocktail,drinks,DRK-06,2,27000,54000,credit card,online shop
6353,SUN-44502,2024-12-08,Lemonade_Espresso_Tonic,drinks,DRK-05,nan,24000,96000,digital wallet,dine in
6354,SUN-33611,2024-12-07,Strawberry_Mojito_Mocktail,drinks,unknown,3,27000,81000,digital wallet,take away
6355,SUN-46572,2024-12-25,Lemonade_Espresso_Tonic,drinks,DRK-05,3,24000,missing,digital wallet,online shop
6356,SUN-38827,2024-11-03,Classic_Beef_Burger,food,FOD-05,nan,40000,80000,credit card,online shop
6357,SUN-44291,2024-07-01,Hot_Americano,drinks,DRK-02,1,22000,22000,cash,dine in
6358,SUN-45449,2024-03-23,Earl_Grey_Milk_Tea,drinks,DRK-04,4,24000,96000,cash,dine in
6359,SUN-37144,2024-11-26,Matcha_Berry_Latte,drinks,DRK-03,2,28000,56000,missing,take away
6360,SUN-36360,2024-12-10,Lemonade_Espresso_Tonic,drinks,DRK-05,4,24000,96000,digital wallet,online shop
6361,nan,2024-10-25,Truffle Fries & Sausage,nan,FOD-01,3,10000,30000,digital wallet,take away
6362,SUN-38062,2024-03-26,Lotus Biscoff Cheesecake,desserts,DST-03,1,25000,25000,credit card,dine in
6363,SUN-38578,2024-10-17,Fudgy Brownie With Ice Cream,desserts,DST-02,2,18000,missing,nan,take away
6364,SUN-32752,2024-06-20,Butter Croissant,desserts,DST-01,3,45000,135000,credit card,missing
6365,SUN-39123,2024-02-16,Lotus Biscoff Cheesecake,missing,DST-03,2,unknown,50000,credit card,online shop
6366,SUN-37110,2024-05-26,Tiramisu Tres Leches,desserts,DST-05,4,22000,88000,digital wallet,online shop
6367,SUN-44294,2024-07-03,Fudgy Brownie With Ice Cream,desserts,DST-02,nan,18000,36000,nan,take away
6368,SUN-38770,2024-06-29,missing,missing,DST-03,1,25000,25000,digital wallet,missing
6369,missing,2024-07-21,Tiramisu Tres Leches,desserts,DST-05,3,22000,66000,unknown,dine in
6370,SUN-31544,2024-11-29,Butter Croissant,desserts,DST-01,2,45000,90000,digital wallet,take away
6371,SUN-40156,2024-10-21,error,desserts,DST-02,1,18000,18000,credit card,missing
6372,unknown,2024-01-26,missing,desserts,DST-05,3,22000,66000,digital wallet,dine in
6373,SUN-35726,2024-05-03,missing,drinks,DRK-03,4,28000,112000,digital wallet,nan
6374,SUN-49581,2024-03-03,Lotus Biscoff Cheesecake,desserts,DST-03,1,25000,25000,digital wallet,online shop
6375,SUN-49375,2024-04-14,Butter Croissant,desserts,DST-01,2,45000,90000,cash,online shop
6376,SUN-41876,2024-03-01,Butter Croissant,desserts,DST-01,1,45000,45000,cash,online shop
6377,SUN-36595,2024-03-17,Lemonade_Espresso_Tonic,drinks,DRK-05,error,24000,72000,credit card,dine in
6378,SUN-42055,2024-05-23,Truffle Fries & Sausage,food,FOD-01,2,10000,20000,digital wallet,online shop
6379,SUN-35128,2024-09-07,Earl_Grey_Milk_Tea,nan,DRK-04,4,24000,96000,credit card,dine in
6380,SUN-43784,2024-11-09,Fudgy Brownie With Ice Cream,desserts,DST-02,3,18000,54000,cash,take away
6381,SUN-49529,2024-07-19,missing,drinks,DRK-04,3,24000,72000,cash,take away
6382,SUN-49619,2024-03-23,missing,food,FOD-01,2,unknown,20000,cash,online shop
6383,SUN-40338,2024-10-20,Grilled Chicken Mentai Rice,food,FOD-04,nan,42000,168000,unknown,take away
6384,SUN-33377,2024-03-21,Classic_Beef_Burger,food,FOD-05,2,40000,80000,digital wallet,take away
6385,SUN-30172,2024-01-24,Iced_Aren_Latte,drinks,DRK-01,1,25000,25000,cash,missing
6386,SUN-30410,2024-06-28,Hot_Americano,drinks,DRK-02,1,error,22000,cash,take away
6387,SUN-31903,2024-12-13,Creamy Spaghetti Carbonara,food,FOD-03,3,38000,114000,credit card,dine in
6388,SUN-31606,2024-12-17,Tiramisu Tres Leches,desserts,DST-05,4,22000,88000,cash,dine in
6389,SUN-39108,2024-08-02,Truffle Fries & Sausage,food,FOD-01,3,10000,missing,nan,nan
6390,SUN-38300,2024-07-28,Fudgy Brownie With Ice Cream,desserts,DST-02,missing,18000,18000,digital wallet,online shop
6391,SUN-43731,2024-02-24,Hot_Americano,drinks,DRK-02,1,nan,22000,cash,take away
6392,SUN-44866,2024-09-21,Tiramisu Tres Leches,desserts,DST-05,1,22000,22000,digital wallet,dine in
6393,SUN-40713,2024-12-11,Fudgy Brownie With Ice Cream,desserts,unknown,unknown,18000,54000,error,online shop
6394,SUN-47601,2024-10-27,Earl_Grey_Milk_Tea,drinks,DRK-04,1,24000,24000,unknown,missing
6395,SUN-33324,2024-12-22,Creamy Spaghetti Carbonara,food,missing,3,38000,114000,digital wallet,dine in
6396,SUN-41131,2024-06-02,error,food,FOD-01,3,10000,error,digital wallet,dine in
6397,SUN-41612,2024-09-11,Iced_Aren_Latte,drinks,DRK-01,2,25000,50000,credit card,take away
6398,unknown,2024-05-25,Lotus Biscoff Cheesecake,desserts,DST-03,1,25000,25000,cash,dine in
6399,SUN-33256,2024-01-25,Hot_Americano,drinks,DRK-02,4,22000,88000,cash,online shop
6400,SUN-47305,2024-06-01,Lotus Biscoff Cheesecake,desserts,DST-03,2,25000,missing,cash,dine in
6401,SUN-48334,2024-10-19,Earl_Grey_Milk_Tea,error,error,error,24000,24000,credit card,online shop
6402,SUN-37842,2024-02-26,Cinnamon Roll,missing,DST-04,1,35000,35000,unknown,dine in
6403,SUN-39905,2024-10-17,Classic_Beef_Burger,food,FOD-05,4,40000,160000,cash,take away
6404,SUN-36166,2024-07-10,Tiramisu Tres Leches,desserts,DST-05,3,22000,missing,digital wallet,take away
6405,SUN-47769,2024-05-30,Mineral_Water,drinks,DRK-07,1,unknown,26000,digital wallet,online shop
6406,SUN-40650,2024-01-12,Hot_Americano,drinks,DRK-02,2,22000,44000,cash,dine in
6407,SUN-48024,2024-08-23,Nasi Goreng Kampung Premium,nan,FOD-02,4,32000,missing,credit card,error
6408,SUN-43550,2024-01-09,nan,desserts,DST-04,1,35000,35000,credit card,dine in
6409,SUN-42364,2024-04-01,unknown,food,FOD-01,1,unknown,10000,digital wallet,online shop
6410,SUN-44491,2024-09-29,unknown,desserts,DST-04,2,35000,nan,cash,take away
6411,SUN-38450,2024-08-06,Tiramisu Tres Leches,error,DST-05,1,22000,22000,digital wallet,dine in
6412,SUN-37809,2024-08-27,Matcha_Berry_Latte,error,DRK-03,3,28000,84000,error,take away
6413,SUN-34947,2024-12-16,Strawberry_Mojito_Mocktail,unknown,DRK-06,3,27000,missing,digital wallet,online shop
6414,SUN-44919,2024-06-20,Matcha_Berry_Latte,drinks,DRK-03,4,28000,112000,cash,take away
6415,SUN-36185,2024-08-09,Hot_Americano,drinks,DRK-02,3,22000,66000,unknown,take away
6416,nan,2024-04-11,Strawberry_Mojito_Mocktail,drinks,DRK-06,nan,27000,unknown,error,online shop
6417,SUN-44385,2024-09-07,Lotus Biscoff Cheesecake,desserts,DST-03,3,25000,75000,digital wallet,online shop
6418,SUN-39934,2024-05-07,Mineral_Water,drinks,DRK-07,2,26000,52000,digital wallet,missing
6419,SUN-41445,2024-02-15,Tiramisu Tres Leches,unknown,DST-05,4,22000,88000,cash,dine in
6420,SUN-48200,2024-10-12,Cinnamon Roll,desserts,missing,3,35000,105000,credit card,take away
6421,SUN-31175,2024-09-13,Classic_Beef_Burger,missing,FOD-05,2,40000,80000,digital wallet,take away
6422,SUN-43564,2024-03-04,Lemonade_Espresso_Tonic,drinks,DRK-05,unknown,24000,24000,digital wallet,take away
6423,SUN-33540,2024-06-02,Grilled Chicken Mentai Rice,food,FOD-04,3,nan,126000,cash,take away
6424,SUN-30014,2024-11-17,unknown,unknown,DST-03,4,missing,100000,cash,nan
6425,SUN-48858,2024-09-14,Lotus Biscoff Cheesecake,error,DST-03,3,25000,75000,nan,take away
6426,SUN-31295,2024-07-21,Iced_Aren_Latte,drinks,DRK-01,1,25000,25000,digital wallet,take away
6427,SUN-46167,2024-06-23,Earl_Grey_Milk_Tea,drinks,DRK-04,2,24000,48000,digital wallet,take away
6428,SUN-35797,2024-04-16,Truffle Fries & Sausage,food,FOD-01,1,10000,10000,digital wallet,online shop
6429,SUN-46845,2024-11-06,Truffle Fries & Sausage,food,FOD-01,4,10000,40000,credit card,nan
6430,SUN-48184,2024-01-08,Tiramisu Tres Leches,desserts,DST-05,1,22000,22000,credit card,online shop
6431,SUN-33446,2024-12-11,Creamy Spaghetti Carbonara,unknown,FOD-03,4,38000,152000,cash,take away
6432,missing,2024-01-29,Lotus Biscoff Cheesecake,desserts,DST-03,1,25000,25000,missing,take away
6433,SUN-34070,2024-06-22,Truffle Fries & Sausage,food,FOD-01,1,10000,10000,cash,take away
6434,SUN-37089,2024-11-10,Matcha_Berry_Latte,drinks,DRK-03,1,nan,28000,unknown,unknown
6435,SUN-36332,2024-10-31,Mineral_Water,drinks,DRK-07,3,26000,78000,credit card,online shop
6436,error,2024-09-29,Lotus Biscoff Cheesecake,desserts,DST-03,1,25000,missing,digital wallet,dine in
6437,SUN-44896,2024-06-09,nan,drinks,DRK-01,1,25000,25000,cash,take away
6438,SUN-44099,2024-07-14,Lemonade_Espresso_Tonic,drinks,DRK-05,1,24000,24000,cash,dine in
6439,SUN-43144,2024-12-04,Iced_Aren_Latte,drinks,DRK-01,2,25000,nan,digital wallet,dine in
6440,SUN-32000,2024-05-09,Classic_Beef_Burger,food,missing,2,nan,80000,credit card,take away
6441,SUN-35238,2024-03-24,Butter Croissant,desserts,DST-01,3,45000,135000,cash,take away
6442,SUN-45357,2024-08-13,Cinnamon Roll,unknown,DST-04,4,35000,140000,cash,dine in
6443,SUN-47188,2024-02-02,Grilled Chicken Mentai Rice,food,FOD-04,2,missing,84000,credit card,online shop
6444,SUN-48370,2024-05-05,Classic_Beef_Burger,error,FOD-05,1,40000,40000,digital wallet,unknown
6445,SUN-38406,2024-11-21,Truffle Fries & Sausage,food,FOD-01,3,10000,30000,credit card,error
6446,nan,2024-11-07,Cinnamon Roll,desserts,unknown,error,35000,140000,digital wallet,online shop
6447,SUN-49459,2024-06-16,Earl_Grey_Milk_Tea,drinks,nan,1,24000,24000,digital wallet,online shop
6448,SUN-33614,2024-09-03,unknown,drinks,DRK-06,1,nan,27000,digital wallet,take away
6449,SUN-34053,2024-06-20,Strawberry_Mojito_Mocktail,missing,DRK-06,4,error,error,credit card,take away
6450,SUN-32513,2024-09-04,Creamy Spaghetti Carbonara,food,FOD-03,4,38000,152000,credit card,take away
6451,SUN-42987,2024-08-16,error,drinks,DRK-07,1,error,26000,cash,take away
6452,SUN-30574,2024-02-10,Hot_Americano,drinks,DRK-02,4,22000,88000,cash,online shop
6453,SUN-37438,2024-01-03,Cinnamon Roll,desserts,DST-04,1,35000,35000,missing,dine in
6454,SUN-40439,2024-11-26,error,food,FOD-02,1,32000,32000,unknown,error
6455,SUN-45457,2024-09-25,missing,drinks,DRK-04,1,unknown,24000,digital wallet,unknown
6456,SUN-33955,2024-01-08,Grilled Chicken Mentai Rice,food,FOD-04,3,error,126000,missing,online shop
6457,SUN-42836,2024-12-01,Nasi Goreng Kampung Premium,food,FOD-02,3,32000,96000,unknown,take away
6458,SUN-49984,2024-02-03,Classic_Beef_Burger,food,missing,3,40000,120000,digital wallet,take away
6459,SUN-35108,2024-12-04,Earl_Grey_Milk_Tea,drinks,DRK-04,error,24000,96000,credit card,online shop
6460,SUN-40897,2024-06-07,Creamy Spaghetti Carbonara,food,FOD-03,3,38000,114000,digital wallet,dine in
6461,error,2024-10-12,Truffle Fries & Sausage,food,FOD-01,2,10000,20000,digital wallet,online shop
6462,SUN-33243,2024-06-18,Cinnamon Roll,desserts,missing,1,unknown,nan,credit card,dine in
6463,SUN-42324,2024-02-20,Fudgy Brownie With Ice Cream,error,DST-02,1,18000,18000,error,take away
6464,SUN-32522,2024-09-19,Truffle Fries & Sausage,food,FOD-01,2,10000,20000,credit card,error
6465,SUN-39731,2024-03-09,Hot_Americano,drinks,DRK-02,4,22000,88000,credit card,dine in
6466,SUN-40022,2024-08-11,Tiramisu Tres Leches,desserts,DST-05,1,22000,22000,credit card,take away
6467,SUN-30639,2024-11-20,Iced_Aren_Latte,unknown,DRK-01,3,25000,75000,digital wallet,online shop
6468,SUN-41117,2024-04-03,Earl_Grey_Milk_Tea,drinks,DRK-04,3,24000,72000,digital wallet,online shop
6469,SUN-32253,2024-11-05,Butter Croissant,desserts,DST-01,2,45000,90000,digital wallet,nan
6470,SUN-39405,2024-02-12,Strawberry_Mojito_Mocktail,unknown,DRK-06,nan,27000,27000,nan,dine in
6471,SUN-48952,2024-02-20,Mineral_Water,drinks,DRK-07,1,26000,26000,digital wallet,dine in
6472,SUN-39434,2024-03-29,Grilled Chicken Mentai Rice,missing,FOD-04,1,42000,42000,credit card,dine in
6473,SUN-43168,2024-06-15,Cinnamon Roll,desserts,DST-04,1,35000,error,cash,take away
6474,SUN-43800,2024-10-09,unknown,desserts,DST-03,4,25000,100000,cash,online shop
6475,SUN-33560,2024-04-22,Classic_Beef_Burger,food,FOD-05,1,40000,40000,cash,take away
6476,SUN-42161,2024-08-02,Classic_Beef_Burger,food,unknown,2,40000,80000,cash,error
6477,SUN-36449,2024-05-05,Cinnamon Roll,desserts,DST-04,3,35000,unknown,unknown,take away
6478,SUN-40629,2024-02-26,Tiramisu Tres Leches,desserts,DST-05,3,nan,66000,cash,online shop
6479,SUN-33263,2024-10-07,Grilled Chicken Mentai Rice,nan,FOD-04,1,42000,42000,unknown,dine in
6480,SUN-45267,2024-04-24,Iced_Aren_Latte,drinks,DRK-01,2,25000,50000,cash,take away
6481,SUN-35194,2024-01-27,Iced_Aren_Latte,drinks,DRK-01,3,unknown,nan,cash,online shop
6482,SUN-47270,2024-09-11,missing,food,FOD-04,missing,42000,126000,cash,dine in
6483,SUN-42346,2024-12-22,Iced_Aren_Latte,nan,DRK-01,unknown,25000,50000,credit card,online shop
6484,SUN-40752,2024-04-06,error,drinks,DRK-01,2,25000,50000,digital wallet,take away
6485,SUN-40060,2024-06-09,Earl_Grey_Milk_Tea,drinks,DRK-04,3,nan,72000,digital wallet,take away
6486,SUN-31522,2024-01-29,Iced_Aren_Latte,drinks,DRK-01,3,25000,75000,missing,online shop
6487,SUN-48278,2024-06-06,Grilled Chicken Mentai Rice,food,FOD-04,2,42000,84000,credit card,dine in
6488,SUN-45678,2024-08-30,Nasi Goreng Kampung Premium,food,FOD-02,4,32000,128000,cash,unknown
6489,SUN-32570,2024-08-29,Classic_Beef_Burger,food,FOD-05,1,40000,40000,cash,dine in
6490,SUN-48723,2024-06-10,Truffle Fries & Sausage,food,FOD-01,4,10000,40000,credit card,take away
6491,SUN-45049,2024-12-13,Truffle Fries & Sausage,missing,FOD-01,1,nan,10000,digital wallet,online shop
6492,missing,2024-04-03,Classic_Beef_Burger,nan,FOD-05,2,40000,80000,digital wallet,take away
6493,SUN-43540,2024-06-26,Strawberry_Mojito_Mocktail,drinks,DRK-06,4,27000,108000,digital wallet,online shop
6494,SUN-48889,2024-07-13,Butter Croissant,desserts,DST-01,2,45000,90000,digital wallet,online shop
6495,SUN-49854,2024-09-21,Strawberry_Mojito_Mocktail,drinks,DRK-06,4,27000,108000,cash,error
6496,SUN-44408,2024-10-13,Grilled Chicken Mentai Rice,unknown,nan,4,42000,168000,digital wallet,take away
6497,SUN-38794,2024-08-30,error,drinks,DRK-05,1,24000,24000,credit card,take away
6498,SUN-49839,2024-02-04,missing,desserts,DST-03,2,25000,50000,unknown,online shop
6499,SUN-40374,2024-11-26,Lotus Biscoff Cheesecake,desserts,DST-03,2,25000,unknown,nan,dine in
6500,SUN-45984,2024-06-09,Truffle Fries & Sausage,food,FOD-01,missing,10000,unknown,credit card,dine in
6501,SUN-36822,2024-10-20,Iced_Aren_Latte,drinks,DRK-01,2,25000,50000,digital wallet,take away
6502,SUN-43196,2024-09-05,Iced_Aren_Latte,drinks,DRK-01,4,25000,100000,cash,dine in
6503,SUN-45236,2024-07-15,error,drinks,DRK-03,4,28000,112000,credit card,online shop
6504,SUN-41072,2024-08-15,Strawberry_Mojito_Mocktail,missing,DRK-06,1,27000,27000,credit card,take away
6505,SUN-49815,2024-08-18,Nasi Goreng Kampung Premium,food,FOD-02,2,32000,64000,cash,dine in
6506,SUN-49791,2024-11-18,missing,drinks,DRK-01,1,25000,nan,cash,missing
6507,unknown,2024-10-05,error,food,FOD-04,3,42000,126000,cash,dine in
6508,SUN-35743,2024-11-27,Creamy Spaghetti Carbonara,food,missing,3,error,114000,credit card,online shop
6509,SUN-31213,2024-12-22,nan,drinks,DRK-03,1,28000,28000,credit card,online shop
6510,SUN-49524,2024-12-02,Cinnamon Roll,desserts,DST-04,3,35000,105000,cash,online shop
6511,nan,2024-08-13,nan,error,DRK-06,1,27000,27000,credit card,dine in
6512,SUN-45535,2024-11-27,Nasi Goreng Kampung Premium,food,FOD-02,3,nan,96000,digital wallet,dine in
6513,error,2024-01-20,Hot_Americano,missing,DRK-02,3,22000,unknown,credit card,dine in
6514,SUN-46613,2024-07-17,Cinnamon Roll,desserts,DST-04,1,35000,35000,cash,take away
6515,SUN-38631,2024-03-10,Mineral_Water,drinks,DRK-07,3,error,78000,cash,online shop
6516,SUN-48758,2024-09-26,Strawberry_Mojito_Mocktail,drinks,DRK-06,unknown,27000,54000,unknown,take away
6517,SUN-33105,2024-02-14,Fudgy Brownie With Ice Cream,desserts,missing,1,18000,18000,cash,dine in
6518,SUN-46985,2024-03-13,unknown,drinks,DRK-03,2,28000,unknown,credit card,dine in
6519,SUN-46371,2024-11-16,Cinnamon Roll,desserts,DST-04,error,35000,nan,cash,online shop
6520,SUN-42109,2024-03-11,Butter Croissant,desserts,DST-01,1,45000,45000,unknown,take away
6521,nan,2024-12-01,Iced_Aren_Latte,drinks,DRK-01,1,25000,25000,credit card,dine in
6522,SUN-39705,2024-04-24,Classic_Beef_Burger,food,FOD-05,2,40000,80000,error,online shop
6523,SUN-49049,2024-04-07,Butter Croissant,desserts,nan,unknown,45000,180000,credit card,dine in
6524,SUN-40217,2024-06-10,unknown,drinks,DRK-05,3,24000,72000,digital wallet,online shop
6525,SUN-40484,2024-02-16,Creamy Spaghetti Carbonara,food,FOD-03,4,38000,nan,credit card,take away
6526,error,2024-03-24,Cinnamon Roll,desserts,DST-04,1,35000,35000,digital wallet,dine in
6527,SUN-36945,2024-11-24,Grilled Chicken Mentai Rice,error,FOD-04,4,42000,168000,credit card,unknown
6528,SUN-43661,2024-08-10,unknown,desserts,DST-02,error,18000,36000,digital wallet,online shop
6529,SUN-46237,2024-07-26,Truffle Fries & Sausage,food,FOD-01,1,10000,error,missing,unknown
6530,SUN-32940,2024-09-04,Fudgy Brownie With Ice Cream,nan,DST-02,1,error,18000,credit card,online shop
6531,SUN-43316,2024-12-02,Cinnamon Roll,desserts,DST-04,3,nan,105000,cash,dine in
6532,SUN-38570,2024-05-13,Earl_Grey_Milk_Tea,drinks,DRK-04,nan,24000,48000,digital wallet,take away
6533,SUN-37507,2024-07-29,unknown,desserts,nan,4,35000,140000,missing,online shop
6534,SUN-42895,2024-10-17,Lotus Biscoff Cheesecake,unknown,DST-03,2,25000,50000,digital wallet,online shop
6535,SUN-35486,2024-08-21,missing,drinks,DRK-07,3,26000,78000,credit card,dine in
6536,SUN-38063,2024-03-03,error,desserts,DST-03,4,25000,100000,digital wallet,dine in
6537,SUN-34881,2024-08-29,nan,error,DST-02,1,18000,18000,credit card,take away
6538,SUN-43845,2024-08-29,Matcha_Berry_Latte,drinks,DRK-03,2,28000,unknown,cash,take away
6539,SUN-34067,2024-12-13,Butter Croissant,desserts,DST-01,2,45000,90000,digital wallet,take away
6540,SUN-45504,2024-01-13,Matcha_Berry_Latte,drinks,DRK-03,1,28000,28000,cash,unknown
6541,SUN-30252,2024-05-31,Mineral_Water,drinks,unknown,nan,26000,nan,error,online shop
6542,SUN-37238,missing,Truffle Fries & Sausage,food,unknown,3,10000,30000,digital wallet,nan
6543,SUN-35993,2024-07-15,Classic_Beef_Burger,unknown,FOD-05,2,40000,80000,digital wallet,online shop
6544,SUN-40182,2024-02-23,Nasi Goreng Kampung Premium,food,FOD-02,2,32000,64000,digital wallet,nan
6545,SUN-32581,2024-06-05,missing,desserts,DST-03,1,25000,25000,cash,dine in
6546,missing,2024-08-11,unknown,desserts,DST-04,2,35000,70000,cash,dine in
6547,SUN-45751,2024-05-17,unknown,drinks,DRK-04,3,24000,72000,digital wallet,dine in
6548,nan,2024-08-07,Nasi Goreng Kampung Premium,food,FOD-02,4,32000,128000,missing,take away
6549,SUN-37800,2024-09-04,nan,drinks,DRK-04,4,24000,96000,cash,take away
6550,missing,2024-11-03,Hot_Americano,drinks,DRK-02,2,22000,44000,cash,take away
6551,SUN-36952,2024-02-21,Fudgy Brownie With Ice Cream,desserts,DST-02,3,18000,54000,credit card,dine in
6552,SUN-35672,2024-12-15,Strawberry_Mojito_Mocktail,drinks,DRK-06,2,27000,54000,digital wallet,take away
6553,SUN-45648,2024-09-23,missing,desserts,DST-02,2,error,36000,digital wallet,take away
6554,SUN-45902,2024-03-22,Lemonade_Espresso_Tonic,unknown,DRK-05,2,24000,48000,digital wallet,dine in
6555,SUN-37238,2024-02-19,Lemonade_Espresso_Tonic,drinks,DRK-05,1,missing,missing,cash,online shop
6556,SUN-30257,2024-10-23,Mineral_Water,drinks,DRK-07,3,26000,78000,cash,take away
6557,SUN-35586,2024-07-30,Fudgy Brownie With Ice Cream,missing,DST-02,1,18000,nan,digital wallet,dine in
6558,SUN-33222,2024-07-23,Nasi Goreng Kampung Premium,food,FOD-02,1,32000,32000,nan,online shop
6559,SUN-48780,2024-08-10,Truffle Fries & Sausage,food,FOD-01,2,unknown,20000,credit card,dine in
6560,SUN-44848,2024-04-26,Cinnamon Roll,desserts,DST-04,4,35000,140000,digital wallet,error
6561,SUN-42198,2024-07-04,Strawberry_Mojito_Mocktail,drinks,DRK-06,3,nan,81000,credit card,dine in
6562,SUN-49199,2024-10-01,Hot_Americano,drinks,DRK-02,4,22000,88000,credit card,take away
6563,SUN-33907,2024-01-16,Fudgy Brownie With Ice Cream,desserts,DST-02,missing,18000,72000,digital wallet,online shop
6564,nan,2024-06-12,Lotus Biscoff Cheesecake,desserts,DST-03,1,25000,25000,cash,online shop
6565,SUN-32820,2024-04-21,missing,food,FOD-04,2,42000,84000,digital wallet,nan
6566,SUN-40433,2024-08-04,Cinnamon Roll,unknown,DST-04,nan,35000,140000,credit card,dine in
6567,SUN-39375,2024-02-23,Strawberry_Mojito_Mocktail,drinks,DRK-06,3,27000,81000,digital wallet,take away
6568,SUN-45313,2024-09-24,Butter Croissant,error,DST-01,nan,45000,135000,digital wallet,dine in
6569,SUN-30154,2024-03-31,nan,nan,DRK-03,4,28000,112000,digital wallet,dine in
6570,SUN-40589,2024-02-29,error,desserts,DST-04,missing,35000,140000,error,take away
6571,SUN-40633,2024-03-19,Matcha_Berry_Latte,drinks,DRK-03,2,28000,56000,cash,online shop
6572,SUN-39886,2024-07-10,nan,food,FOD-03,3,38000,114000,credit card,online shop
6573,SUN-48557,2024-03-31,Hot_Americano,drinks,DRK-02,4,22000,88000,digital wallet,unknown
6574,error,2024-01-01,Hot_Americano,drinks,DRK-02,4,22000,88000,missing,dine in
6575,SUN-33819,2024-10-31,Fudgy Brownie With Ice Cream,desserts,DST-02,4,unknown,72000,credit card,online shop
6576,SUN-46366,2024-05-30,Classic_Beef_Burger,missing,FOD-05,missing,40000,40000,cash,nan
6577,SUN-44874,2024-04-13,Earl_Grey_Milk_Tea,drinks,DRK-04,1,24000,24000,credit card,take away
6578,SUN-33323,2024-10-16,Truffle Fries & Sausage,food,FOD-01,3,10000,30000,credit card,online shop
6579,nan,2024-11-07,missing,desserts,DST-04,3,35000,missing,missing,dine in
6580,SUN-42646,2024-04-09,missing,drinks,DRK-05,3,unknown,error,credit card,dine in
6581,SUN-45351,2024-02-14,Truffle Fries & Sausage,food,FOD-01,4,10000,40000,digital wallet,dine in
6582,missing,2024-05-27,nan,desserts,DST-03,4,25000,100000,credit card,dine in
6583,SUN-46626,2024-02-25,error,drinks,DRK-05,1,24000,24000,digital wallet,take away
6584,SUN-40473,2024-09-09,Strawberry_Mojito_Mocktail,drinks,DRK-06,2,27000,54000,digital wallet,dine in
6585,SUN-49055,2024-09-16,Truffle Fries & Sausage,food,FOD-01,1,10000,10000,credit card,online shop
6586,SUN-44856,2024-02-25,Truffle Fries & Sausage,food,FOD-01,4,10000,40000,credit card,take away
6587,SUN-45243,2024-03-03,Hot_Americano,drinks,DRK-02,3,22000,missing,missing,online shop
6588,unknown,2024-01-01,Grilled Chicken Mentai Rice,food,FOD-04,unknown,42000,84000,credit card,error
6589,SUN-41669,2024-10-21,Truffle Fries & Sausage,food,FOD-01,3,10000,30000,digital wallet,unknown
6590,SUN-33577,2024-06-07,Cinnamon Roll,desserts,DST-04,4,35000,140000,credit card,take away
6591,SUN-33086,2024-01-24,Lemonade_Espresso_Tonic,drinks,DRK-05,4,24000,96000,digital wallet,take away
6592,SUN-40766,2024-12-12,Lotus Biscoff Cheesecake,desserts,DST-03,4,25000,100000,credit card,error
6593,SUN-34830,2024-12-08,Hot_Americano,drinks,DRK-02,3,22000,66000,credit card,take away
6594,SUN-31992,2024-09-22,Grilled Chicken Mentai Rice,food,FOD-04,3,42000,126000,cash,dine in
6595,SUN-39145,2024-05-01,unknown,food,error,4,32000,128000,cash,online shop
6596,unknown,2024-03-25,Truffle Fries & Sausage,food,FOD-01,3,10000,30000,digital wallet,dine in
6597,SUN-40399,2024-08-28,Tiramisu Tres Leches,desserts,DST-05,3,22000,66000,digital wallet,online shop
6598,SUN-46427,2024-04-21,Iced_Aren_Latte,drinks,DRK-01,unknown,25000,nan,credit card,online shop
6599,SUN-37456,2024-05-03,Lemonade_Espresso_Tonic,missing,DRK-05,3,24000,72000,credit card,online shop
6600,SUN-46343,2024-08-27,Earl_Grey_Milk_Tea,drinks,DRK-04,1,missing,24000,credit card,dine in
6601,SUN-41703,2024-08-01,Matcha_Berry_Latte,drinks,DRK-03,4,unknown,missing,credit card,online shop
6602,SUN-30445,2024-05-15,Earl_Grey_Milk_Tea,drinks,DRK-04,1,24000,24000,digital wallet,nan
6603,SUN-45956,2024-09-28,Lotus Biscoff Cheesecake,desserts,DST-03,2,missing,50000,digital wallet,dine in
6604,SUN-38747,2024-06-28,Iced_Aren_Latte,nan,DRK-01,3,25000,75000,nan,online shop
6605,SUN-39131,2024-02-14,Nasi Goreng Kampung Premium,food,missing,2,32000,64000,credit card,take away
6606,SUN-36502,2024-04-20,Lotus Biscoff Cheesecake,desserts,DST-03,1,25000,25000,credit card,take away
6607,SUN-45748,2024-10-13,nan,drinks,DRK-05,3,error,72000,unknown,take away
6608,SUN-43784,2024-10-25,Butter Croissant,desserts,DST-01,1,45000,45000,cash,dine in
6609,SUN-38252,2024-06-26,Grilled Chicken Mentai Rice,food,FOD-04,1,42000,42000,credit card,take away
6610,SUN-36406,2024-09-04,Lotus Biscoff Cheesecake,desserts,DST-03,3,25000,unknown,missing,online shop
6611,error,2024-06-08,Grilled Chicken Mentai Rice,food,FOD-04,2,42000,nan,digital wallet,take away
6612,SUN-40150,2024-02-22,Truffle Fries & Sausage,food,FOD-01,4,10000,40000,digital wallet,dine in
6613,SUN-48775,2024-11-13,Truffle Fries & Sausage,food,FOD-01,1,10000,10000,cash,online shop
6614,SUN-34991,2024-01-04,Lotus Biscoff Cheesecake,desserts,DST-03,3,25000,75000,digital wallet,online shop
6615,SUN-49527,2024-12-05,Matcha_Berry_Latte,drinks,DRK-03,2,28000,56000,credit card,dine in
6616,SUN-44618,2024-08-10,Earl_Grey_Milk_Tea,drinks,DRK-04,4,24000,96000,credit card,online shop
6617,SUN-42007,unknown,Mineral_Water,drinks,DRK-07,1,unknown,26000,digital wallet,online shop
6618,SUN-34581,2024-08-20,Classic_Beef_Burger,food,FOD-05,4,40000,160000,missing,dine in
6619,SUN-36300,2024-09-22,Hot_Americano,error,DRK-02,missing,22000,22000,credit card,dine in
6620,SUN-40326,2024-09-05,unknown,drinks,DRK-01,1,25000,25000,cash,dine in
6621,error,2024-12-21,Hot_Americano,drinks,DRK-02,3,22000,66000,digital wallet,dine in
6622,SUN-42371,2024-06-20,Lotus Biscoff Cheesecake,desserts,DST-03,2,25000,50000,digital wallet,error
6623,SUN-36211,2024-03-12,Grilled Chicken Mentai Rice,food,FOD-04,2,42000,84000,digital wallet,dine in
6624,SUN-42714,2024-02-06,Cinnamon Roll,desserts,DST-04,1,35000,35000,digital wallet,dine in
6625,SUN-40874,2024-11-30,Mineral_Water,drinks,DRK-07,3,26000,78000,digital wallet,dine in
6626,nan,2024-07-11,Fudgy Brownie With Ice Cream,desserts,DST-02,1,18000,18000,credit card,online shop
6627,SUN-42839,2024-10-27,Classic_Beef_Burger,food,unknown,3,missing,missing,digital wallet,unknown
6628,SUN-38242,2024-11-11,missing,food,FOD-04,3,42000,126000,cash,online shop
6629,SUN-41068,2024-11-26,Grilled Chicken Mentai Rice,food,FOD-04,2,42000,84000,credit card,dine in
6630,SUN-34851,2024-04-19,Nasi Goreng Kampung Premium,food,FOD-02,2,32000,64000,cash,take away
6631,SUN-33287,2024-08-28,Iced_Aren_Latte,drinks,DRK-01,4,25000,100000,digital wallet,online shop
6632,SUN-39152,2024-04-20,Matcha_Berry_Latte,drinks,DRK-03,1,28000,28000,digital wallet,online shop
6633,SUN-39381,2024-02-24,Strawberry_Mojito_Mocktail,drinks,DRK-06,missing,27000,27000,missing,online shop
6634,error,2024-02-08,Nasi Goreng Kampung Premium,food,FOD-02,3,32000,96000,credit card,take away
6635,SUN-36888,2024-05-28,Iced_Aren_Latte,drinks,nan,error,25000,100000,digital wallet,take away
6636,SUN-45809,2024-02-07,Tiramisu Tres Leches,desserts,DST-05,unknown,22000,22000,digital wallet,dine in
6637,SUN-49548,2024-06-15,unknown,desserts,DST-05,1,22000,22000,credit card,dine in
6638,SUN-43058,2024-06-02,unknown,food,FOD-05,2,40000,80000,credit card,take away
6639,SUN-34819,2024-06-30,Lotus Biscoff Cheesecake,nan,DST-03,1,25000,unknown,digital wallet,take away
6640,SUN-44709,2024-12-12,nan,desserts,DST-01,3,missing,nan,digital wallet,online shop
6641,SUN-48588,2024-01-09,Lotus Biscoff Cheesecake,desserts,DST-03,4,25000,100000,digital wallet,online shop
6642,SUN-43264,2024-03-15,Truffle Fries & Sausage,food,FOD-01,1,10000,nan,credit card,dine in
6643,SUN-48902,2024-01-22,Iced_Aren_Latte,drinks,DRK-01,1,25000,25000,unknown,unknown
6644,SUN-32982,2024-12-19,missing,drinks,DRK-03,4,nan,112000,unknown,dine in
6645,SUN-42244,2024-12-04,Nasi Goreng Kampung Premium,food,FOD-02,2,32000,64000,cash,take away
6646,SUN-41341,2024-10-03,Butter Croissant,desserts,DST-01,2,missing,nan,digital wallet,take away
6647,SUN-36052,2024-01-06,Iced_Aren_Latte,missing,DRK-01,2,25000,50000,digital wallet,take away
6648,missing,2024-02-28,Grilled Chicken Mentai Rice,food,FOD-04,1,42000,42000,credit card,dine in
6649,SUN-42440,2024-03-01,Mineral_Water,drinks,DRK-07,2,26000,52000,credit card,take away
6650,SUN-47012,2024-05-02,Fudgy Brownie With Ice Cream,desserts,DST-02,2,18000,36000,credit card,dine in
6651,SUN-48090,2024-10-26,Matcha_Berry_Latte,drinks,DRK-03,3,28000,84000,cash,take away
6652,SUN-37373,2024-02-05,Butter Croissant,desserts,error,3,45000,135000,digital wallet,dine in
6653,SUN-44989,2024-10-15,Fudgy Brownie With Ice Cream,desserts,DST-02,4,18000,nan,missing,take away
6654,SUN-39450,2024-05-02,Hot_Americano,unknown,DRK-02,4,22000,88000,digital wallet,dine in
6655,missing,2024-06-06,Cinnamon Roll,desserts,DST-04,2,35000,70000,credit card,take away
6656,SUN-44189,2024-02-16,Tiramisu Tres Leches,nan,DST-05,1,22000,22000,digital wallet,dine in
6657,SUN-33678,2024-01-16,Mineral_Water,unknown,DRK-07,3,26000,78000,digital wallet,take away
6658,SUN-42897,2024-01-13,Tiramisu Tres Leches,desserts,DST-05,1,22000,22000,credit card,nan
6659,SUN-49811,2024-05-18,Mineral_Water,drinks,DRK-07,4,26000,104000,digital wallet,dine in
6660,SUN-45438,2024-03-03,Truffle Fries & Sausage,food,FOD-01,3,10000,30000,error,nan
6661,missing,2024-08-02,Lotus Biscoff Cheesecake,desserts,DST-03,2,25000,50000,missing,error
6662,SUN-48054,2024-07-10,Classic_Beef_Burger,food,FOD-05,4,40000,160000,unknown,take away
6663,SUN-36764,2024-01-29,Grilled Chicken Mentai Rice,unknown,FOD-04,2,42000,84000,digital wallet,take away
6664,SUN-48177,2024-12-19,nan,desserts,DST-02,2,unknown,36000,digital wallet,online shop
6665,SUN-36035,2024-10-20,nan,drinks,DRK-05,2,error,48000,cash,dine in
6666,SUN-33686,2024-12-30,error,food,FOD-03,4,38000,152000,credit card,take away
6667,SUN-45164,2024-08-13,Mineral_Water,drinks,DRK-07,nan,26000,104000,cash,online shop
6668,SUN-31474,2024-11-01,Hot_Americano,drinks,DRK-02,3,22000,66000,credit card,missing
6669,SUN-34281,2024-09-30,nan,food,FOD-01,3,10000,30000,cash,take away
6670,SUN-45595,2024-10-07,Tiramisu Tres Leches,desserts,DST-05,unknown,22000,44000,digital wallet,online shop
6671,SUN-35047,2024-12-22,Classic_Beef_Burger,food,FOD-05,4,40000,missing,digital wallet,online shop
6672,SUN-37179,2024-07-11,Earl_Grey_Milk_Tea,drinks,DRK-04,1,24000,24000,digital wallet,dine in
6673,SUN-46141,2024-05-29,Lemonade_Espresso_Tonic,drinks,DRK-05,2,24000,48000,cash,dine in
6674,SUN-41349,2024-12-24,Nasi Goreng Kampung Premium,food,FOD-02,1,32000,32000,cash,online shop
6675,SUN-38580,2024-08-09,Classic_Beef_Burger,food,FOD-05,4,40000,160000,digital wallet,online shop
6676,SUN-47402,2024-01-27,Lotus Biscoff Cheesecake,desserts,DST-03,2,25000,50000,cash,online shop
6677,SUN-40926,2024-10-15,Lotus Biscoff Cheesecake,desserts,DST-03,2,25000,50000,cash,online shop
6678,SUN-35720,2024-01-06,Cinnamon Roll,desserts,DST-04,4,35000,140000,digital wallet,dine in
6679,SUN-42096,2024-02-19,Creamy Spaghetti Carbonara,food,FOD-03,1,38000,error,digital wallet,dine in
6680,SUN-31237,2024-08-16,Lotus Biscoff Cheesecake,desserts,DST-03,unknown,25000,50000,cash,take away
6681,SUN-43137,2024-11-27,Iced_Aren_Latte,drinks,DRK-01,3,25000,75000,credit card,dine in
6682,SUN-38347,2024-08-16,Classic_Beef_Burger,food,FOD-05,1,40000,40000,cash,take away
6683,SUN-37320,2024-08-23,Iced_Aren_Latte,nan,DRK-01,4,25000,100000,credit card,online shop
6684,SUN-30027,2024-08-05,unknown,desserts,DST-05,3,22000,66000,digital wallet,dine in
6685,SUN-32995,2024-08-23,Lemonade_Espresso_Tonic,drinks,DRK-05,1,24000,24000,cash,nan
6686,SUN-38701,2024-06-30,unknown,drinks,DRK-07,error,26000,78000,cash,online shop
6687,SUN-44385,2024-04-28,Lemonade_Espresso_Tonic,drinks,DRK-05,4,24000,96000,digital wallet,take away
6688,SUN-33429,2024-12-12,Fudgy Brownie With Ice Cream,desserts,DST-02,3,18000,54000,credit card,dine in
6689,SUN-40979,2024-02-08,Grilled Chicken Mentai Rice,food,FOD-04,4,42000,168000,cash,error
6690,SUN-40718,2024-12-24,Matcha_Berry_Latte,drinks,DRK-03,1,28000,unknown,credit card,online shop
6691,SUN-49230,2024-05-05,Nasi Goreng Kampung Premium,food,FOD-02,2,32000,64000,nan,dine in
6692,SUN-46438,2024-06-10,Matcha_Berry_Latte,drinks,DRK-03,4,28000,112000,digital wallet,dine in
6693,missing,2024-07-19,Lotus Biscoff Cheesecake,desserts,DST-03,4,25000,100000,digital wallet,dine in
6694,SUN-34773,2024-06-15,error,drinks,DRK-07,3,26000,78000,credit card,online shop
6695,SUN-31067,2024-10-27,Butter Croissant,desserts,DST-01,2,unknown,90000,credit card,error
6696,SUN-42298,2024-11-02,Lemonade_Espresso_Tonic,drinks,DRK-05,3,24000,72000,cash,dine in
6697,SUN-32240,2024-08-23,Butter Croissant,desserts,DST-01,3,nan,135000,cash,missing
6698,SUN-40401,2024-09-24,nan,drinks,DRK-01,4,25000,100000,digital wallet,unknown
6699,SUN-47558,2024-03-26,error,food,FOD-01,nan,10000,20000,cash,take away
6700,SUN-34639,2024-04-10,Tiramisu Tres Leches,desserts,DST-05,4,22000,88000,digital wallet,dine in
6701,SUN-48514,2024-03-03,Fudgy Brownie With Ice Cream,desserts,DST-02,1,18000,18000,credit card,dine in
6702,SUN-43713,2024-10-11,Hot_Americano,drinks,DRK-02,1,22000,22000,credit card,take away
6703,SUN-44293,2024-03-24,Matcha_Berry_Latte,drinks,DRK-03,2,28000,56000,cash,take away
6704,SUN-34676,2024-03-18,Lemonade_Espresso_Tonic,drinks,unknown,3,24000,72000,digital wallet,online shop
6705,SUN-44529,2024-07-26,Nasi Goreng Kampung Premium,food,FOD-02,2,32000,64000,credit card,online shop
6706,SUN-36992,2024-08-04,Matcha_Berry_Latte,drinks,DRK-03,unknown,28000,nan,unknown,dine in
6707,SUN-49612,2024-02-24,Creamy Spaghetti Carbonara,food,unknown,1,38000,38000,cash,take away
6708,SUN-43780,2024-12-17,Classic_Beef_Burger,missing,unknown,1,40000,40000,credit card,take away
6709,SUN-34712,2024-06-09,missing,error,DRK-06,4,27000,108000,unknown,dine in
6710,SUN-30110,2024-11-02,Hot_Americano,drinks,DRK-02,4,22000,88000,digital wallet,dine in
6711,SUN-30289,2024-10-28,Iced_Aren_Latte,drinks,DRK-01,2,25000,50000,credit card,dine in
6712,missing,2024-10-21,Creamy Spaghetti Carbonara,food,FOD-03,2,38000,76000,cash,online shop
6713,SUN-32125,2024-03-05,Classic_Beef_Burger,food,FOD-05,2,40000,80000,digital wallet,take away
6714,SUN-34864,2024-07-16,unknown,food,FOD-01,unknown,10000,20000,credit card,nan
6715,SUN-33547,2024-06-04,Hot_Americano,drinks,DRK-02,4,22000,88000,error,take away
6716,SUN-41094,2024-02-16,Creamy Spaghetti Carbonara,food,FOD-03,3,38000,nan,digital wallet,dine in
6717,SUN-49783,2024-05-05,Creamy Spaghetti Carbonara,food,FOD-03,2,38000,76000,digital wallet,dine in
6718,SUN-45601,2024-07-19,Classic_Beef_Burger,food,FOD-05,2,40000,80000,unknown,dine in
6719,SUN-47180,2024-10-24,Nasi Goreng Kampung Premium,nan,unknown,2,32000,64000,missing,take away
6720,SUN-35510,2024-05-18,missing,food,FOD-01,1,10000,10000,missing,missing
6721,SUN-32321,2024-06-05,Classic_Beef_Burger,food,FOD-05,missing,40000,160000,error,dine in
6722,error,2024-05-21,unknown,desserts,DST-04,1,35000,35000,credit card,online shop
6723,SUN-35850,2024-04-21,Grilled Chicken Mentai Rice,food,FOD-04,2,42000,84000,digital wallet,dine in
6724,unknown,2024-06-23,Strawberry_Mojito_Mocktail,drinks,DRK-06,1,27000,27000,cash,unknown
6725,SUN-48468,2024-02-28,Earl_Grey_Milk_Tea,drinks,DRK-04,4,24000,missing,credit card,online shop
6726,SUN-36111,2024-07-17,error,food,FOD-05,4,40000,unknown,credit card,take away
6727,SUN-31953,2024-10-10,Tiramisu Tres Leches,desserts,DST-05,2,22000,error,nan,take away
6728,SUN-41405,2024-06-12,Strawberry_Mojito_Mocktail,drinks,error,3,27000,81000,digital wallet,online shop
6729,SUN-49560,2024-07-01,Earl_Grey_Milk_Tea,drinks,DRK-04,2,24000,48000,digital wallet,online shop
6730,SUN-48996,2024-07-12,Truffle Fries & Sausage,food,FOD-01,4,error,40000,credit card,take away
6731,SUN-46514,2024-05-12,unknown,missing,DRK-06,2,27000,54000,digital wallet,take away
6732,SUN-49035,2024-10-02,Matcha_Berry_Latte,drinks,DRK-03,3,28000,84000,digital wallet,take away
6733,SUN-30653,2024-10-06,missing,food,FOD-02,2,32000,64000,nan,online shop
6734,SUN-37277,2024-12-17,Earl_Grey_Milk_Tea,drinks,DRK-04,4,24000,96000,credit card,missing
6735,SUN-37356,2024-12-03,Cinnamon Roll,desserts,DST-04,4,35000,error,cash,dine in
6736,SUN-37538,2024-06-08,Matcha_Berry_Latte,drinks,DRK-03,missing,28000,112000,unknown,online shop
6737,SUN-45743,2024-12-10,unknown,drinks,DRK-04,2,24000,missing,digital wallet,online shop
6738,SUN-43473,2024-01-10,Fudgy Brownie With Ice Cream,nan,DST-02,2,error,36000,digital wallet,dine in
6739,SUN-36909,2024-01-22,Grilled Chicken Mentai Rice,food,FOD-04,1,42000,42000,credit card,online shop
6740,SUN-46049,2024-08-17,Nasi Goreng Kampung Premium,food,FOD-02,4,32000,128000,credit card,error
6741,SUN-48330,2024-10-29,Truffle Fries & Sausage,food,FOD-01,1,10000,10000,digital wallet,dine in
6742,SUN-42235,2024-10-18,Butter Croissant,desserts,DST-01,1,45000,45000,nan,online shop
6743,SUN-49909,2024-07-11,Matcha_Berry_Latte,drinks,DRK-03,missing,28000,112000,cash,dine in
6744,SUN-34812,2024-12-29,Strawberry_Mojito_Mocktail,drinks,DRK-06,nan,27000,54000,credit card,take away
6745,SUN-34385,2024-06-16,Grilled Chicken Mentai Rice,food,FOD-04,4,42000,nan,cash,dine in
6746,SUN-38329,2024-11-09,Classic_Beef_Burger,food,FOD-05,1,40000,40000,digital wallet,online shop
6747,SUN-39558,2024-09-15,nan,desserts,DST-01,4,45000,error,digital wallet,dine in
6748,SUN-49644,2024-02-05,Matcha_Berry_Latte,drinks,DRK-03,error,28000,84000,credit card,dine in
6749,SUN-32151,2024-10-08,Fudgy Brownie With Ice Cream,desserts,DST-02,1,18000,missing,digital wallet,online shop
6750,SUN-43039,2024-11-13,Cinnamon Roll,desserts,DST-04,3,35000,105000,cash,error
6751,nan,2024-10-12,Grilled Chicken Mentai Rice,food,FOD-04,2,42000,84000,digital wallet,online shop
6752,SUN-38925,2024-09-14,Iced_Aren_Latte,drinks,DRK-01,4,25000,100000,cash,online shop
6753,SUN-47630,2024-07-09,Grilled Chicken Mentai Rice,food,FOD-04,4,42000,168000,digital wallet,dine in
6754,SUN-37930,2024-04-07,Grilled Chicken Mentai Rice,food,FOD-04,1,42000,42000,digital wallet,take away
6755,SUN-49864,2024-06-12,Matcha_Berry_Latte,drinks,unknown,4,28000,112000,digital wallet,missing
6756,SUN-39681,unknown,Mineral_Water,drinks,DRK-07,4,nan,104000,unknown,dine in
6757,nan,2024-02-13,Creamy Spaghetti Carbonara,food,FOD-03,4,38000,152000,credit card,dine in
6758,SUN-32106,2024-10-06,Tiramisu Tres Leches,desserts,DST-05,1,22000,22000,cash,online shop
6759,missing,2024-07-21,Classic_Beef_Burger,food,unknown,1,error,40000,credit card,missing
6760,SUN-32401,2024-09-28,Lemonade_Espresso_Tonic,drinks,DRK-05,1,24000,unknown,credit card,online shop
6761,SUN-48409,2024-05-30,error,desserts,DST-05,4,22000,nan,cash,take away
6762,SUN-33948,2024-11-23,Butter Croissant,desserts,DST-01,2,45000,90000,credit card,take away
6763,SUN-40847,2024-10-04,Iced_Aren_Latte,drinks,DRK-01,3,25000,75000,digital wallet,take away
6764,SUN-31336,2024-10-19,Lemonade_Espresso_Tonic,drinks,DRK-05,3,24000,72000,credit card,take away
6765,SUN-39098,2024-05-07,Strawberry_Mojito_Mocktail,drinks,DRK-06,4,27000,108000,credit card,dine in
6766,SUN-34256,2024-09-30,Cinnamon Roll,desserts,DST-04,3,35000,105000,credit card,take away
6767,nan,2024-11-01,Tiramisu Tres Leches,desserts,nan,2,unknown,44000,credit card,dine in
6768,SUN-32312,2024-05-08,Matcha_Berry_Latte,nan,DRK-03,3,28000,84000,credit card,online shop
6769,SUN-31022,2024-12-28,Lotus Biscoff Cheesecake,desserts,DST-03,3,25000,missing,credit card,dine in
6770,error,2024-11-26,Earl_Grey_Milk_Tea,drinks,DRK-04,unknown,24000,24000,credit card,online shop
6771,SUN-30667,2024-05-30,missing,desserts,DST-05,1,nan,22000,digital wallet,take away
6772,SUN-34594,2024-07-29,Grilled Chicken Mentai Rice,unknown,FOD-04,2,42000,84000,digital wallet,unknown
6773,SUN-36513,2024-06-12,Cinnamon Roll,desserts,DST-04,3,nan,error,credit card,take away
6774,SUN-33894,2024-11-27,Classic_Beef_Burger,error,missing,2,40000,80000,digital wallet,error
6775,SUN-42527,2024-06-01,error,drinks,DRK-03,error,28000,28000,credit card,dine in
6776,SUN-35412,2024-11-28,unknown,drinks,DRK-03,2,28000,56000,credit card,dine in
6777,SUN-48311,2024-02-18,missing,food,FOD-01,error,10000,40000,credit card,dine in
6778,error,2024-12-07,Grilled Chicken Mentai Rice,food,FOD-04,4,42000,168000,nan,take away
6779,SUN-47889,2024-11-13,Hot_Americano,drinks,DRK-02,3,22000,66000,cash,online shop
6780,SUN-36981,2024-03-25,Earl_Grey_Milk_Tea,drinks,DRK-04,2,unknown,48000,credit card,take away
6781,SUN-30000,2024-03-01,Classic_Beef_Burger,missing,FOD-05,2,40000,80000,digital wallet,take away
6782,SUN-33565,2024-12-16,Strawberry_Mojito_Mocktail,drinks,DRK-06,2,27000,unknown,credit card,take away
6783,unknown,2024-06-09,nan,desserts,DST-05,1,22000,22000,digital wallet,online shop
6784,SUN-39714,2024-08-16,missing,drinks,DRK-07,1,26000,26000,digital wallet,take away
6785,SUN-33806,2024-05-02,Earl_Grey_Milk_Tea,drinks,DRK-04,2,nan,48000,cash,dine in
6786,SUN-47394,2024-06-05,Mineral_Water,drinks,DRK-07,3,26000,78000,missing,take away
6787,SUN-46088,2024-09-22,Truffle Fries & Sausage,food,FOD-01,3,missing,30000,nan,nan
6788,SUN-44752,2024-09-19,Creamy Spaghetti Carbonara,food,FOD-03,3,38000,114000,credit card,take away
6789,SUN-44841,2024-06-11,Grilled Chicken Mentai Rice,nan,FOD-04,4,42000,168000,cash,dine in
6790,SUN-44379,2024-07-08,Cinnamon Roll,desserts,error,1,35000,35000,credit card,dine in
6791,SUN-34318,2024-03-15,Lotus Biscoff Cheesecake,desserts,DST-03,4,25000,100000,cash,take away
6792,SUN-30620,2024-03-02,Iced_Aren_Latte,drinks,DRK-01,2,25000,50000,credit card,take away
6793,SUN-42877,2024-04-04,Hot_Americano,drinks,error,3,22000,66000,digital wallet,take away
6794,SUN-40094,2024-06-02,Strawberry_Mojito_Mocktail,drinks,DRK-06,2,27000,54000,cash,take away
6795,SUN-44423,2024-05-24,Mineral_Water,drinks,DRK-07,2,unknown,52000,cash,nan
6796,SUN-30874,2024-07-16,Truffle Fries & Sausage,food,FOD-01,2,10000,error,nan,take away
6797,SUN-32438,2024-05-09,Matcha_Berry_Latte,drinks,DRK-03,1,28000,28000,unknown,online shop
6798,SUN-30497,2024-10-04,Iced_Aren_Latte,drinks,missing,4,error,100000,digital wallet,take away
6799,SUN-48785,2024-06-18,Classic_Beef_Burger,food,FOD-05,3,40000,120000,digital wallet,online shop
6800,SUN-32285,2024-09-01,Matcha_Berry_Latte,drinks,DRK-03,2,unknown,56000,credit card,online shop
6801,SUN-33497,2024-01-19,nan,food,FOD-01,3,10000,30000,credit card,dine in
6802,SUN-41091,2024-06-22,Strawberry_Mojito_Mocktail,drinks,DRK-06,4,missing,108000,digital wallet,take away
6803,SUN-42453,2024-12-21,Grilled Chicken Mentai Rice,food,FOD-04,missing,42000,42000,credit card,dine in
6804,SUN-39406,2024-06-25,Matcha_Berry_Latte,drinks,DRK-03,3,28000,nan,missing,online shop
6805,SUN-37345,2024-01-12,Lotus Biscoff Cheesecake,desserts,DST-03,3,25000,75000,cash,take away
6806,SUN-31113,2024-02-20,Iced_Aren_Latte,drinks,DRK-01,3,unknown,nan,credit card,online shop
6807,SUN-34420,2024-08-01,Matcha_Berry_Latte,drinks,missing,2,28000,56000,digital wallet,online shop
6808,SUN-35186,2024-10-01,Nasi Goreng Kampung Premium,food,FOD-02,1,32000,32000,digital wallet,dine in
6809,SUN-34804,2024-10-23,Strawberry_Mojito_Mocktail,drinks,DRK-06,4,27000,108000,digital wallet,take away
6810,SUN-41067,2024-03-23,nan,desserts,DST-02,2,18000,36000,cash,take away
6811,SUN-38770,2024-07-29,Grilled Chicken Mentai Rice,food,FOD-04,1,42000,42000,cash,online shop
6812,SUN-37142,2024-02-06,Lemonade_Espresso_Tonic,drinks,DRK-05,3,unknown,72000,credit card,dine in
6813,SUN-39517,2024-08-27,Truffle Fries & Sausage,food,FOD-01,1,10000,unknown,cash,online shop
6814,SUN-41889,2024-05-23,Strawberry_Mojito_Mocktail,drinks,DRK-06,4,missing,108000,cash,take away
6815,SUN-42047,2024-02-21,Nasi Goreng Kampung Premium,food,FOD-02,1,32000,error,unknown,online shop
6816,SUN-41871,2024-06-04,Nasi Goreng Kampung Premium,food,FOD-02,error,32000,64000,cash,error
6817,unknown,2024-08-08,Mineral_Water,drinks,DRK-07,2,26000,52000,credit card,dine in
6818,SUN-33416,2024-03-19,Hot_Americano,drinks,DRK-02,2,22000,44000,digital wallet,dine in
6819,SUN-38525,2024-12-06,Classic_Beef_Burger,food,FOD-05,2,40000,80000,credit card,error
6820,SUN-37557,2024-03-19,Classic_Beef_Burger,food,FOD-05,4,unknown,160000,credit card,dine in
6821,SUN-45100,2024-11-17,Butter Croissant,missing,DST-01,3,45000,135000,cash,dine in
6822,SUN-40945,2024-04-22,Earl_Grey_Milk_Tea,drinks,DRK-04,1,24000,24000,nan,dine in
6823,SUN-32712,2024-06-17,unknown,desserts,DST-05,2,22000,44000,credit card,take away
6824,SUN-33242,2024-10-01,Lotus Biscoff Cheesecake,desserts,unknown,1,25000,25000,cash,online shop
6825,SUN-48947,2024-11-19,Cinnamon Roll,desserts,DST-04,2,35000,nan,credit card,take away
6826,SUN-43790,2024-06-04,Cinnamon Roll,desserts,DST-04,3,35000,missing,credit card,error
6827,SUN-49049,2024-01-06,Lotus Biscoff Cheesecake,desserts,DST-03,3,25000,75000,credit card,missing
6828,SUN-31909,2024-09-24,Earl_Grey_Milk_Tea,drinks,DRK-04,1,24000,24000,cash,take away
6829,SUN-32128,2024-10-25,Fudgy Brownie With Ice Cream,desserts,DST-02,3,18000,missing,digital wallet,take away
6830,SUN-49726,2024-09-30,Lotus Biscoff Cheesecake,desserts,DST-03,4,25000,error,digital wallet,error
6831,SUN-44359,2024-05-30,Earl_Grey_Milk_Tea,drinks,DRK-04,1,24000,24000,digital wallet,dine in
6832,SUN-34158,2024-11-02,Lotus Biscoff Cheesecake,desserts,DST-03,unknown,25000,50000,credit card,online shop
6833,SUN-46627,2024-10-14,Earl_Grey_Milk_Tea,drinks,DRK-04,2,24000,48000,cash,take away
6834,SUN-48943,2024-05-12,Iced_Aren_Latte,drinks,DRK-01,1,25000,25000,credit card,online shop
6835,SUN-32279,2024-11-28,Classic_Beef_Burger,food,FOD-05,3,40000,120000,credit card,take away
6836,missing,2024-08-28,Butter Croissant,desserts,DST-01,4,45000,180000,credit card,dine in
6837,SUN-38146,2024-08-09,nan,unknown,DRK-04,3,24000,72000,credit card,missing
6838,SUN-34066,2024-12-13,Fudgy Brownie With Ice Cream,desserts,DST-02,3,18000,54000,digital wallet,missing
6839,SUN-48004,2024-09-09,Lotus Biscoff Cheesecake,error,DST-03,2,25000,50000,credit card,take away
6840,SUN-44844,2024-10-03,Creamy Spaghetti Carbonara,food,FOD-03,unknown,38000,76000,cash,online shop
6841,SUN-40706,2024-02-19,Lotus Biscoff Cheesecake,desserts,DST-03,nan,25000,25000,unknown,nan
6842,SUN-46876,2024-04-08,Strawberry_Mojito_Mocktail,drinks,DRK-06,2,27000,54000,credit card,error
6843,SUN-44784,2024-10-09,Tiramisu Tres Leches,desserts,DST-05,4,22000,88000,digital wallet,take away
6844,SUN-48145,2024-10-10,Nasi Goreng Kampung Premium,food,FOD-02,3,32000,96000,cash,online shop
6845,SUN-46573,2024-01-04,nan,desserts,DST-05,3,22000,66000,cash,take away
6846,SUN-49376,2024-04-05,Strawberry_Mojito_Mocktail,drinks,missing,4,27000,108000,credit card,take away
6847,SUN-32737,2024-07-30,Hot_Americano,drinks,DRK-02,3,22000,nan,digital wallet,online shop
6848,SUN-47036,2024-09-06,Nasi Goreng Kampung Premium,food,FOD-02,1,nan,32000,error,take away
6849,SUN-32428,2024-06-25,Cinnamon Roll,desserts,DST-04,4,35000,140000,credit card,take away
6850,SUN-45289,2024-10-08,Butter Croissant,desserts,DST-01,4,45000,180000,nan,dine in
6851,SUN-48904,2024-06-18,missing,missing,DST-04,1,35000,35000,credit card,online shop
6852,SUN-37622,2024-08-12,Earl_Grey_Milk_Tea,drinks,DRK-04,4,24000,96000,credit card,unknown
6853,SUN-49172,2024-05-02,error,food,FOD-04,1,42000,42000,nan,take away
6854,SUN-39209,2024-01-18,Grilled Chicken Mentai Rice,nan,nan,2,42000,84000,credit card,unknown
6855,SUN-40800,2024-06-18,unknown,unknown,DST-03,nan,25000,nan,digital wallet,online shop
6856,SUN-34191,2024-06-07,error,desserts,DST-02,1,18000,18000,credit card,take away
6857,SUN-49385,2024-06-02,Iced_Aren_Latte,drinks,DRK-01,1,25000,25000,credit card,dine in
6858,SUN-39088,2024-05-09,Tiramisu Tres Leches,desserts,nan,1,22000,22000,cash,online shop
6859,SUN-33123,2024-07-29,Lotus Biscoff Cheesecake,desserts,DST-03,nan,25000,missing,cash,take away
6860,SUN-41001,2024-01-01,Nasi Goreng Kampung Premium,food,FOD-02,1,32000,unknown,digital wallet,take away
6861,SUN-34597,2024-05-05,Lemonade_Espresso_Tonic,drinks,DRK-05,4,24000,96000,digital wallet,dine in
6862,SUN-41466,2024-04-15,Classic_Beef_Burger,nan,FOD-05,3,40000,120000,credit card,dine in
6863,SUN-34035,2024-08-20,Grilled Chicken Mentai Rice,food,FOD-04,1,42000,42000,digital wallet,dine in
6864,SUN-40979,2024-07-04,Lotus Biscoff Cheesecake,desserts,DST-03,missing,25000,100000,digital wallet,take away
6865,SUN-30954,2024-05-30,Classic_Beef_Burger,food,FOD-05,4,40000,160000,digital wallet,take away
6866,SUN-43060,unknown,Hot_Americano,drinks,DRK-02,4,22000,88000,credit card,take away
6867,SUN-40310,2024-09-09,Truffle Fries & Sausage,food,FOD-01,4,10000,40000,credit card,online shop
6868,SUN-41934,2024-05-21,Fudgy Brownie With Ice Cream,desserts,DST-02,1,18000,18000,unknown,take away
6869,SUN-43418,2024-10-11,Truffle Fries & Sausage,food,FOD-01,2,10000,20000,nan,take away
6870,SUN-34332,2024-03-24,Matcha_Berry_Latte,drinks,DRK-03,3,28000,84000,error,unknown
6871,SUN-37075,2024-04-30,missing,drinks,DRK-05,3,24000,72000,cash,dine in
6872,SUN-47519,2024-03-18,nan,desserts,DST-01,3,45000,error,digital wallet,take away
6873,SUN-37522,2024-05-08,Truffle Fries & Sausage,food,FOD-01,1,10000,10000,nan,take away
6874,SUN-46245,2024-04-11,error,food,FOD-05,3,40000,error,cash,online shop
6875,SUN-40435,2024-12-26,Butter Croissant,desserts,DST-01,4,45000,180000,credit card,dine in
6876,SUN-33492,2024-01-18,Strawberry_Mojito_Mocktail,drinks,DRK-06,error,27000,27000,digital wallet,take away
6877,SUN-48974,2024-09-24,Iced_Aren_Latte,drinks,DRK-01,unknown,25000,100000,credit card,dine in
6878,SUN-44991,2024-08-30,Creamy Spaghetti Carbonara,nan,FOD-03,3,38000,114000,credit card,dine in
6879,SUN-47700,2024-10-02,Lotus Biscoff Cheesecake,error,DST-03,2,25000,50000,credit card,take away
6880,SUN-47179,2024-05-29,Mineral_Water,drinks,DRK-07,unknown,26000,52000,credit card,take away
6881,SUN-37668,2024-06-22,Strawberry_Mojito_Mocktail,drinks,DRK-06,1,27000,unknown,missing,dine in
6882,SUN-38621,2024-12-22,Nasi Goreng Kampung Premium,food,FOD-02,1,32000,32000,digital wallet,online shop
6883,SUN-33540,2024-12-08,Lotus Biscoff Cheesecake,desserts,DST-03,4,25000,100000,cash,online shop
6884,SUN-35245,2024-02-13,Strawberry_Mojito_Mocktail,drinks,DRK-06,2,27000,54000,credit card,take away
6885,SUN-36980,2024-05-25,Classic_Beef_Burger,food,FOD-05,4,40000,160000,cash,dine in
6886,SUN-38950,2024-06-08,unknown,food,FOD-01,1,10000,10000,digital wallet,missing
6887,SUN-30163,2024-06-05,Cinnamon Roll,desserts,DST-04,1,35000,35000,digital wallet,dine in
6888,SUN-37895,2024-03-04,Butter Croissant,desserts,DST-01,4,missing,180000,credit card,dine in
6889,SUN-30881,2024-08-15,Butter Croissant,desserts,DST-01,4,45000,180000,digital wallet,unknown
6890,SUN-48784,2024-10-26,Classic_Beef_Burger,food,FOD-05,3,nan,120000,digital wallet,dine in
6891,SUN-38677,2024-07-06,Cinnamon Roll,desserts,missing,nan,35000,missing,credit card,dine in
6892,SUN-34072,2024-01-04,Grilled Chicken Mentai Rice,missing,FOD-04,4,42000,168000,cash,dine in
6893,SUN-40069,2024-10-05,Grilled Chicken Mentai Rice,food,FOD-04,1,42000,42000,digital wallet,nan
6894,SUN-34043,2024-10-09,Cinnamon Roll,desserts,DST-04,4,35000,140000,credit card,online shop
6895,SUN-38721,2024-07-26,Mineral_Water,drinks,DRK-07,nan,26000,26000,digital wallet,take away
6896,SUN-31914,2024-07-29,Fudgy Brownie With Ice Cream,desserts,DST-02,2,18000,36000,digital wallet,dine in
6897,error,2024-09-10,Grilled Chicken Mentai Rice,food,FOD-04,1,42000,42000,cash,online shop
6898,SUN-38938,2024-03-06,Tiramisu Tres Leches,desserts,DST-05,missing,22000,88000,digital wallet,take away
6899,nan,2024-11-10,Lotus Biscoff Cheesecake,error,DST-03,2,25000,nan,credit card,online shop
6900,SUN-37123,2024-01-11,Truffle Fries & Sausage,food,unknown,3,10000,30000,nan,dine in
6901,SUN-32967,2024-09-04,Creamy Spaghetti Carbonara,food,FOD-03,missing,38000,error,credit card,unknown
6902,unknown,2024-09-08,Truffle Fries & Sausage,unknown,FOD-01,2,10000,20000,digital wallet,online shop
6903,SUN-30585,2024-04-21,Iced_Aren_Latte,drinks,DRK-01,1,25000,unknown,credit card,take away
6904,SUN-31888,2024-08-19,Fudgy Brownie With Ice Cream,desserts,DST-02,1,error,18000,digital wallet,take away
6905,SUN-46103,2024-09-15,Lemonade_Espresso_Tonic,drinks,DRK-05,2,24000,48000,nan,take away
6906,SUN-30538,2024-01-19,Grilled Chicken Mentai Rice,food,FOD-04,3,42000,missing,digital wallet,take away
6907,error,2024-06-26,Nasi Goreng Kampung Premium,food,FOD-02,3,32000,96000,digital wallet,online shop
6908,SUN-41638,2024-04-22,Earl_Grey_Milk_Tea,drinks,DRK-04,2,24000,48000,digital wallet,take away
6909,SUN-48936,2024-01-05,Earl_Grey_Milk_Tea,nan,DRK-04,3,24000,missing,digital wallet,take away
6910,SUN-30979,2024-11-03,Matcha_Berry_Latte,drinks,DRK-03,1,28000,nan,digital wallet,online shop
6911,SUN-36030,2024-11-17,Grilled Chicken Mentai Rice,food,missing,4,42000,168000,cash,error
6912,SUN-41519,2024-01-18,nan,nan,DRK-06,2,27000,54000,credit card,unknown
6913,unknown,2024-01-21,unknown,food,FOD-05,1,40000,40000,credit card,dine in
6914,SUN-45507,2024-11-13,Tiramisu Tres Leches,desserts,DST-05,2,22000,unknown,digital wallet,missing
6915,SUN-46549,2024-10-14,Mineral_Water,unknown,unknown,error,26000,104000,credit card,dine in
6916,SUN-36492,2024-10-20,unknown,drinks,DRK-07,2,26000,52000,cash,online shop
6917,SUN-42351,2024-02-05,nan,drinks,error,1,24000,24000,credit card,online shop
6918,SUN-36014,2024-01-25,Truffle Fries & Sausage,food,FOD-01,1,10000,10000,cash,take away
6919,SUN-36832,2024-01-15,Lemonade_Espresso_Tonic,drinks,DRK-05,1,unknown,24000,credit card,online shop
6920,SUN-37854,2024-02-13,error,desserts,DST-03,2,25000,50000,credit card,nan
6921,SUN-33075,2024-07-12,Truffle Fries & Sausage,food,FOD-01,4,10000,40000,cash,unknown
6922,SUN-35802,2024-11-03,nan,nan,FOD-01,1,10000,10000,credit card,online shop
6923,missing,2024-04-27,missing,desserts,DST-05,3,22000,66000,credit card,online shop
6924,SUN-41920,2024-02-02,Matcha_Berry_Latte,nan,DRK-03,2,unknown,56000,credit card,nan
6925,SUN-35828,2024-09-15,Classic_Beef_Burger,food,FOD-05,3,40000,120000,digital wallet,online shop
6926,SUN-30454,2024-11-11,missing,desserts,DST-05,1,22000,22000,credit card,take away
6927,SUN-41110,2024-04-21,Hot_Americano,drinks,DRK-02,4,22000,unknown,cash,dine in
6928,SUN-45162,2024-01-23,Lotus Biscoff Cheesecake,desserts,unknown,missing,25000,50000,cash,take away
6929,SUN-45124,2024-01-30,Lemonade_Espresso_Tonic,drinks,DRK-05,nan,24000,nan,digital wallet,online shop
6930,unknown,2024-02-05,Earl_Grey_Milk_Tea,drinks,DRK-04,1,24000,24000,digital wallet,take away
6931,SUN-47319,2024-09-04,Matcha_Berry_Latte,drinks,DRK-03,4,28000,112000,cash,take away
6932,SUN-45710,2024-04-08,nan,food,error,1,38000,38000,cash,take away
6933,SUN-37163,2024-07-05,Truffle Fries & Sausage,error,FOD-01,2,10000,unknown,cash,take away
6934,SUN-38808,2024-03-19,Mineral_Water,drinks,DRK-07,2,unknown,52000,cash,online shop
6935,SUN-37015,2024-05-09,Lotus Biscoff Cheesecake,error,DST-03,2,error,50000,cash,nan
6936,SUN-48235,2024-07-06,Tiramisu Tres Leches,desserts,DST-05,2,22000,44000,credit card,take away
6937,SUN-32962,2024-09-08,Lemonade_Espresso_Tonic,drinks,DRK-05,3,error,72000,cash,online shop
6938,error,2024-01-09,Classic_Beef_Burger,unknown,FOD-05,3,40000,120000,cash,online shop
6939,SUN-32120,2024-08-27,Fudgy Brownie With Ice Cream,desserts,missing,2,18000,36000,digital wallet,online shop
6940,SUN-33230,2024-11-28,Tiramisu Tres Leches,desserts,DST-05,2,22000,44000,digital wallet,nan
6941,SUN-33035,2024-02-27,Earl_Grey_Milk_Tea,drinks,DRK-04,1,24000,24000,digital wallet,dine in
6942,SUN-36466,2024-10-06,Classic_Beef_Burger,food,FOD-05,4,40000,160000,nan,take away
6943,SUN-40607,2024-08-26,Lotus Biscoff Cheesecake,desserts,DST-03,3,25000,75000,cash,take away
6944,SUN-31453,2024-01-09,Iced_Aren_Latte,drinks,DRK-01,4,25000,100000,missing,dine in
6945,SUN-37698,2024-02-19,unknown,drinks,DRK-01,4,25000,100000,credit card,online shop
6946,SUN-42134,2024-10-18,Hot_Americano,drinks,DRK-02,2,22000,44000,digital wallet,online shop
6947,SUN-41560,2024-04-12,Nasi Goreng Kampung Premium,food,FOD-02,4,32000,128000,credit card,take away
6948,SUN-36497,2024-02-11,Creamy Spaghetti Carbonara,food,FOD-03,1,unknown,nan,digital wallet,take away
6949,missing,2024-06-13,Classic_Beef_Burger,food,FOD-05,3,40000,120000,digital wallet,take away
6950,SUN-44038,2024-10-03,Hot_Americano,drinks,DRK-02,2,22000,44000,credit card,dine in
6951,SUN-32613,2024-02-16,missing,food,FOD-01,3,10000,missing,cash,take away
6952,SUN-47898,2024-07-14,unknown,food,error,3,42000,126000,credit card,online shop
6953,SUN-37800,2024-01-03,Hot_Americano,drinks,DRK-02,2,22000,44000,credit card,dine in
6954,SUN-49459,2024-02-08,Lotus Biscoff Cheesecake,desserts,DST-03,error,25000,50000,digital wallet,take away
6955,SUN-49567,2024-07-01,Butter Croissant,desserts,DST-01,2,45000,90000,cash,missing
6956,SUN-48890,2024-10-13,Matcha_Berry_Latte,drinks,DRK-03,3,nan,84000,cash,take away
6957,SUN-35207,2024-10-07,Cinnamon Roll,desserts,DST-04,4,nan,140000,cash,dine in
6958,SUN-34610,2024-12-06,Nasi Goreng Kampung Premium,food,FOD-02,1,missing,32000,cash,online shop
6959,SUN-34395,2024-07-09,Hot_Americano,drinks,DRK-02,3,22000,66000,credit card,take away
6960,SUN-30679,2024-01-12,Truffle Fries & Sausage,food,FOD-01,2,10000,20000,cash,online shop
6961,SUN-47000,2024-03-20,Butter Croissant,desserts,DST-01,1,45000,unknown,cash,take away
6962,SUN-34822,2024-01-05,Iced_Aren_Latte,drinks,DRK-01,1,25000,25000,credit card,online shop
6963,SUN-46996,2024-12-15,nan,drinks,DRK-04,unknown,24000,missing,nan,online shop
6964,nan,2024-02-13,Butter Croissant,desserts,DST-01,4,45000,180000,digital wallet,dine in
6965,SUN-45103,2024-01-15,Tiramisu Tres Leches,desserts,DST-05,error,22000,88000,digital wallet,online shop
6966,SUN-48240,2024-07-26,Tiramisu Tres Leches,nan,DST-05,4,22000,88000,credit card,dine in
6967,SUN-33212,2024-08-20,nan,drinks,DRK-03,4,28000,nan,credit card,online shop
6968,SUN-41026,2024-05-30,Truffle Fries & Sausage,food,FOD-01,2,10000,20000,cash,online shop
6969,SUN-45614,2024-06-12,Fudgy Brownie With Ice Cream,desserts,DST-02,error,18000,36000,credit card,online shop
6970,SUN-37667,2024-08-20,Hot_Americano,drinks,DRK-02,4,22000,88000,digital wallet,online shop
6971,SUN-41931,2024-06-19,unknown,desserts,DST-04,4,35000,missing,credit card,take away
6972,SUN-35906,2024-03-06,Mineral_Water,drinks,DRK-07,4,26000,error,cash,nan
6973,SUN-41429,2024-12-10,Lemonade_Espresso_Tonic,drinks,DRK-05,error,24000,96000,credit card,online shop
6974,SUN-34710,2024-10-02,Butter Croissant,desserts,DST-01,3,45000,135000,digital wallet,online shop
6975,SUN-48584,2024-08-28,Iced_Aren_Latte,unknown,error,3,25000,75000,credit card,online shop
6976,missing,2024-12-17,Creamy Spaghetti Carbonara,food,FOD-03,1,38000,missing,cash,error
6977,missing,2024-05-31,Classic_Beef_Burger,food,FOD-05,4,40000,160000,cash,take away
6978,SUN-48910,2024-02-15,Grilled Chicken Mentai Rice,food,nan,4,42000,168000,unknown,take away
6979,SUN-30947,2024-09-21,unknown,food,FOD-02,1,32000,32000,digital wallet,unknown
6980,SUN-34440,2024-03-22,Classic_Beef_Burger,food,missing,nan,40000,120000,credit card,dine in
6981,SUN-34839,2024-04-24,Lemonade_Espresso_Tonic,drinks,DRK-05,unknown,24000,96000,digital wallet,take away
6982,SUN-44220,2024-05-23,unknown,drinks,DRK-06,3,27000,81000,cash,online shop
6983,SUN-46972,2024-05-29,Creamy Spaghetti Carbonara,food,FOD-03,4,38000,nan,digital wallet,dine in
6984,SUN-42914,2024-12-18,Iced_Aren_Latte,drinks,DRK-01,nan,25000,100000,cash,online shop
6985,nan,2024-02-22,Creamy Spaghetti Carbonara,food,FOD-03,2,unknown,76000,credit card,online shop
6986,SUN-30872,2024-06-05,Butter Croissant,desserts,DST-01,4,45000,unknown,digital wallet,nan
6987,missing,2024-09-08,Classic_Beef_Burger,food,FOD-05,4,40000,160000,cash,take away
6988,SUN-37345,2024-03-28,Creamy Spaghetti Carbonara,food,FOD-03,2,38000,76000,cash,take away
6989,SUN-33278,2024-09-18,Cinnamon Roll,desserts,DST-04,3,unknown,105000,digital wallet,take away
6990,missing,2024-01-08,Tiramisu Tres Leches,desserts,DST-05,error,22000,88000,unknown,take away
6991,SUN-48213,2024-03-21,Matcha_Berry_Latte,drinks,DRK-03,4,28000,112000,cash,take away
6992,missing,2024-01-22,Earl_Grey_Milk_Tea,drinks,DRK-04,1,24000,24000,credit card,unknown
6993,SUN-34182,2024-01-16,Matcha_Berry_Latte,drinks,DRK-03,2,28000,56000,cash,nan
6994,SUN-48969,2024-06-25,Earl_Grey_Milk_Tea,drinks,DRK-04,2,24000,48000,digital wallet,online shop
6995,SUN-34483,2024-10-18,Truffle Fries & Sausage,food,FOD-01,3,10000,error,credit card,dine in
6996,SUN-47858,2024-08-03,Nasi Goreng Kampung Premium,food,FOD-02,nan,32000,unknown,missing,take away
6997,SUN-35333,2024-04-01,Creamy Spaghetti Carbonara,food,FOD-03,1,38000,38000,credit card,dine in
6998,nan,2024-10-16,Nasi Goreng Kampung Premium,food,FOD-02,3,32000,96000,credit card,online shop
6999,SUN-38962,2024-05-23,missing,drinks,DRK-06,4,27000,108000,nan,dine in
7000,SUN-37820,2024-02-09,Strawberry_Mojito_Mocktail,drinks,DRK-06,3,27000,missing,cash,dine in
7001,SUN-39164,2024-12-22,unknown,desserts,DST-01,3,45000,135000,digital wallet,error
7002,SUN-47984,2024-11-30,nan,food,FOD-05,3,40000,unknown,nan,error
7003,SUN-39549,2024-01-23,Grilled Chicken Mentai Rice,food,FOD-04,4,42000,168000,digital wallet,take away
7004,SUN-41083,2024-11-23,nan,food,FOD-04,4,42000,168000,cash,take away
7005,SUN-40777,2024-01-07,error,drinks,DRK-02,3,22000,66000,credit card,dine in
7006,SUN-44519,2024-09-01,Mineral_Water,drinks,DRK-07,2,26000,52000,credit card,take away
7007,SUN-46033,2024-04-30,Nasi Goreng Kampung Premium,food,FOD-02,3,32000,96000,cash,dine in
7008,SUN-49746,2024-02-19,Tiramisu Tres Leches,desserts,missing,1,22000,22000,credit card,online shop
7009,SUN-32503,2024-07-11,Creamy Spaghetti Carbonara,food,FOD-03,4,missing,152000,unknown,take away
7010,SUN-36275,2024-11-01,Fudgy Brownie With Ice Cream,missing,DST-02,2,18000,36000,cash,dine in
7011,SUN-39197,2024-06-15,missing,desserts,DST-03,4,25000,100000,digital wallet,online shop
7012,SUN-49426,2024-11-30,Earl_Grey_Milk_Tea,drinks,DRK-04,1,24000,24000,digital wallet,dine in
7013,SUN-48716,2024-01-04,nan,nan,DRK-04,2,24000,48000,digital wallet,online shop
7014,SUN-40077,2024-08-05,Lemonade_Espresso_Tonic,nan,DRK-05,4,24000,error,credit card,dine in
7015,SUN-43222,2024-12-08,Mineral_Water,drinks,DRK-07,2,error,52000,credit card,online shop
7016,SUN-48195,2024-08-05,Cinnamon Roll,desserts,DST-04,2,35000,70000,cash,take away
7017,SUN-40128,2024-03-23,error,desserts,DST-04,unknown,35000,140000,nan,dine in
7018,error,missing,Grilled Chicken Mentai Rice,food,FOD-04,missing,42000,168000,digital wallet,dine in
7019,SUN-38370,2024-04-28,Hot_Americano,drinks,DRK-02,2,22000,44000,credit card,dine in
7020,SUN-34425,2024-07-20,Matcha_Berry_Latte,error,DRK-03,1,28000,28000,cash,online shop
7021,SUN-33141,2024-02-17,Cinnamon Roll,desserts,DST-04,4,35000,nan,credit card,take away
7022,SUN-39668,2024-06-09,Classic_Beef_Burger,food,FOD-05,1,40000,40000,cash,dine in
7023,SUN-32951,2024-03-16,Lotus Biscoff Cheesecake,desserts,DST-03,3,25000,nan,credit card,missing
7024,SUN-34061,2024-01-17,missing,drinks,DRK-02,4,nan,error,credit card,missing
7025,SUN-46851,2024-11-28,Iced_Aren_Latte,drinks,DRK-01,1,25000,25000,digital wallet,dine in
7026,error,2024-03-28,unknown,food,FOD-01,1,10000,missing,digital wallet,dine in
7027,SUN-43770,2024-01-05,Matcha_Berry_Latte,drinks,DRK-03,1,28000,28000,digital wallet,dine in
7028,SUN-33890,2024-04-23,unknown,drinks,DRK-05,2,24000,48000,digital wallet,take away
7029,SUN-45378,2024-02-20,Lotus Biscoff Cheesecake,desserts,DST-03,4,unknown,100000,digital wallet,online shop
7030,missing,2024-04-09,Grilled Chicken Mentai Rice,unknown,FOD-04,1,nan,42000,error,unknown
7031,missing,2024-07-28,Matcha_Berry_Latte,drinks,DRK-03,2,28000,56000,cash,unknown
7032,SUN-47244,2024-02-04,Earl_Grey_Milk_Tea,drinks,DRK-04,4,24000,96000,digital wallet,take away
7033,SUN-42509,2024-12-20,Classic_Beef_Burger,error,FOD-05,2,40000,80000,error,missing
7034,SUN-40145,2024-08-05,Mineral_Water,drinks,DRK-07,3,26000,78000,cash,online shop
7035,unknown,2024-07-29,Truffle Fries & Sausage,nan,FOD-01,3,10000,30000,unknown,nan
7036,SUN-36885,2024-03-23,nan,desserts,DST-01,2,45000,90000,cash,take away
7037,SUN-36986,2024-01-23,Nasi Goreng Kampung Premium,unknown,FOD-02,1,missing,32000,credit card,dine in
7038,SUN-41195,2024-04-07,nan,desserts,DST-05,4,22000,88000,credit card,dine in
7039,SUN-47951,2024-02-28,Tiramisu Tres Leches,desserts,DST-05,2,22000,44000,digital wallet,online shop
7040,SUN-36096,2024-04-03,nan,drinks,DRK-06,4,27000,108000,cash,dine in
7041,SUN-35886,2024-04-02,Hot_Americano,drinks,DRK-02,2,22000,44000,digital wallet,take away
7042,SUN-35751,2024-01-30,Mineral_Water,drinks,DRK-07,3,26000,78000,missing,dine in
7043,SUN-45311,2024-03-16,Truffle Fries & Sausage,food,FOD-01,4,10000,40000,digital wallet,online shop
7044,SUN-37584,2024-08-18,Earl_Grey_Milk_Tea,drinks,DRK-04,3,24000,72000,cash,missing
7045,SUN-49358,2024-05-16,Nasi Goreng Kampung Premium,food,FOD-02,missing,32000,96000,nan,online shop
7046,SUN-40732,2024-02-19,Tiramisu Tres Leches,error,DST-05,1,22000,error,unknown,error
7047,SUN-38040,2024-02-21,Hot_Americano,drinks,DRK-02,4,22000,88000,cash,dine in
7048,SUN-43195,2024-04-03,Grilled Chicken Mentai Rice,food,FOD-04,2,42000,84000,credit card,unknown
7049,SUN-42407,2024-12-04,Truffle Fries & Sausage,food,FOD-01,2,10000,20000,error,online shop
7050,SUN-35175,2024-10-06,Earl_Grey_Milk_Tea,drinks,DRK-04,4,24000,96000,credit card,take away
7051,nan,2024-12-03,error,desserts,DST-04,4,35000,unknown,credit card,take away
7052,SUN-44285,2024-12-18,Nasi Goreng Kampung Premium,food,FOD-02,1,32000,32000,credit card,dine in
7053,SUN-42501,2024-01-24,Lemonade_Espresso_Tonic,missing,DRK-05,3,24000,72000,cash,missing
7054,SUN-32239,2024-02-29,Nasi Goreng Kampung Premium,food,FOD-02,3,nan,nan,cash,dine in
7055,SUN-34129,2024-04-01,Strawberry_Mojito_Mocktail,drinks,DRK-06,error,27000,54000,digital wallet,take away
7056,SUN-40095,2024-06-30,Creamy Spaghetti Carbonara,food,FOD-03,3,error,114000,cash,take away
7057,error,2024-11-29,Butter Croissant,desserts,DST-01,4,45000,180000,credit card,nan
7058,SUN-32588,2024-09-09,Lemonade_Espresso_Tonic,drinks,DRK-05,4,24000,96000,unknown,online shop
7059,SUN-44839,2024-08-15,Butter Croissant,desserts,DST-01,1,45000,45000,credit card,dine in
7060,SUN-37051,2024-03-24,Creamy Spaghetti Carbonara,food,FOD-03,2,38000,76000,cash,dine in
7061,SUN-31131,2024-02-28,Classic_Beef_Burger,food,FOD-05,error,40000,error,unknown,take away
7062,SUN-41997,2024-06-09,Tiramisu Tres Leches,desserts,DST-05,2,missing,44000,digital wallet,dine in
7063,SUN-49934,missing,Nasi Goreng Kampung Premium,food,FOD-02,1,32000,32000,credit card,take away
7064,SUN-43251,2024-12-06,Fudgy Brownie With Ice Cream,desserts,DST-02,2,18000,36000,cash,dine in
7065,SUN-32277,2024-12-31,Earl_Grey_Milk_Tea,drinks,DRK-04,1,24000,24000,credit card,take away
7066,SUN-49142,2024-11-25,Earl_Grey_Milk_Tea,drinks,DRK-04,3,24000,error,cash,take away
7067,error,2024-09-10,nan,desserts,DST-05,3,22000,error,credit card,online shop
7068,SUN-36094,2024-11-03,Cinnamon Roll,desserts,DST-04,2,35000,70000,cash,dine in
7069,SUN-42300,2024-11-20,Lotus Biscoff Cheesecake,desserts,DST-03,2,error,50000,cash,dine in
7070,SUN-44117,2024-03-03,Butter Croissant,desserts,missing,4,45000,180000,credit card,dine in
7071,SUN-30429,2024-04-17,Classic_Beef_Burger,food,unknown,3,40000,120000,cash,dine in
7072,SUN-43636,2024-08-17,missing,desserts,DST-01,3,45000,135000,credit card,online shop
7073,SUN-32464,2024-09-09,nan,food,nan,3,10000,30000,cash,take away
7074,SUN-38308,2024-04-10,Mineral_Water,missing,missing,4,26000,104000,cash,take away
7075,SUN-47295,2024-10-21,error,drinks,DRK-03,2,28000,56000,digital wallet,dine in
7076,error,2024-10-09,Strawberry_Mojito_Mocktail,drinks,unknown,4,27000,108000,cash,dine in
7077,SUN-35476,2024-07-16,Butter Croissant,desserts,DST-01,2,45000,90000,credit card,online shop
7078,SUN-48133,2024-06-07,nan,food,FOD-02,nan,32000,32000,credit card,dine in
7079,missing,2024-01-03,Iced_Aren_Latte,drinks,DRK-01,1,25000,25000,digital wallet,unknown
7080,SUN-40721,2024-12-27,Strawberry_Mojito_Mocktail,error,DRK-06,nan,27000,error,error,take away
7081,SUN-49159,2024-12-13,Nasi Goreng Kampung Premium,food,FOD-02,4,32000,128000,missing,dine in
7082,SUN-41982,2024-07-20,Iced_Aren_Latte,drinks,DRK-01,3,25000,75000,credit card,take away
7083,nan,2024-03-12,Cinnamon Roll,desserts,DST-04,1,missing,35000,credit card,online shop
7084,SUN-30725,2024-05-06,Tiramisu Tres Leches,nan,DST-05,3,error,66000,cash,dine in
7085,SUN-31500,2024-04-20,Lemonade_Espresso_Tonic,drinks,DRK-05,2,24000,48000,credit card,online shop
7086,SUN-43946,2024-07-17,nan,drinks,DRK-04,nan,24000,48000,digital wallet,dine in
7087,SUN-37891,2024-04-02,Matcha_Berry_Latte,drinks,error,4,nan,112000,digital wallet,dine in
7088,SUN-38210,2024-06-26,error,food,FOD-03,4,38000,152000,credit card,take away
7089,SUN-36679,2024-12-29,Creamy Spaghetti Carbonara,food,FOD-03,3,38000,114000,credit card,take away
7090,SUN-45492,2024-08-07,Grilled Chicken Mentai Rice,nan,FOD-04,3,42000,126000,digital wallet,missing
7091,SUN-35772,2024-05-19,Fudgy Brownie With Ice Cream,desserts,DST-02,3,18000,54000,cash,online shop
7092,SUN-38799,2024-05-27,Hot_Americano,drinks,DRK-02,unknown,22000,22000,cash,take away
7093,SUN-30355,2024-03-01,unknown,food,FOD-04,3,42000,nan,cash,take away
7094,SUN-44803,2024-10-01,Nasi Goreng Kampung Premium,food,FOD-02,4,32000,unknown,nan,online shop
7095,SUN-44139,2024-11-24,Iced_Aren_Latte,drinks,DRK-01,3,error,75000,digital wallet,online shop
7096,SUN-47032,2024-06-09,Butter Croissant,desserts,DST-01,3,45000,135000,nan,take away
7097,SUN-35792,2024-09-23,Lemonade_Espresso_Tonic,drinks,DRK-05,2,24000,error,missing,online shop
7098,SUN-44826,2024-09-20,Classic_Beef_Burger,food,missing,3,40000,120000,cash,take away
7099,SUN-31105,2024-12-14,Iced_Aren_Latte,drinks,DRK-01,1,25000,unknown,digital wallet,online shop
7100,SUN-41852,2024-05-09,Cinnamon Roll,desserts,DST-04,3,35000,missing,error,online shop
7101,SUN-33875,2024-10-23,Tiramisu Tres Leches,desserts,DST-05,3,nan,error,credit card,online shop
7102,SUN-47179,2024-07-01,unknown,unknown,DRK-05,2,24000,48000,digital wallet,online shop
7103,SUN-45899,2024-05-28,Grilled Chicken Mentai Rice,food,FOD-04,2,42000,84000,error,online shop
7104,SUN-40497,2024-12-12,Hot_Americano,drinks,DRK-02,3,22000,66000,cash,dine in
7105,SUN-40314,2024-03-23,Nasi Goreng Kampung Premium,food,error,3,32000,error,cash,error
7106,SUN-48343,2024-04-06,Truffle Fries & Sausage,food,FOD-01,3,nan,30000,digital wallet,dine in
7107,SUN-33958,2024-05-03,Tiramisu Tres Leches,desserts,DST-05,4,22000,88000,credit card,online shop
7108,SUN-33302,2024-01-18,Truffle Fries & Sausage,food,FOD-01,3,10000,30000,cash,unknown
7109,error,2024-03-21,Strawberry_Mojito_Mocktail,drinks,DRK-06,3,27000,81000,digital wallet,dine in
7110,SUN-33042,2024-07-28,Grilled Chicken Mentai Rice,food,FOD-04,2,42000,missing,cash,online shop
7111,SUN-48666,2024-08-22,Grilled Chicken Mentai Rice,food,FOD-04,1,42000,42000,credit card,dine in
7112,SUN-33731,2024-02-02,Earl_Grey_Milk_Tea,drinks,DRK-04,1,24000,24000,cash,dine in
7113,SUN-32280,2024-01-29,error,food,FOD-03,2,38000,76000,digital wallet,take away
7114,SUN-30421,2024-07-19,Mineral_Water,drinks,DRK-07,3,26000,78000,cash,online shop
7115,SUN-43257,2024-09-06,Lotus Biscoff Cheesecake,desserts,DST-03,unknown,25000,100000,cash,dine in
7116,SUN-31899,2024-03-28,Cinnamon Roll,desserts,DST-04,3,35000,missing,cash,take away
7117,SUN-42558,2024-12-05,Iced_Aren_Latte,drinks,DRK-01,2,25000,50000,digital wallet,dine in
7118,SUN-38337,2024-06-21,Lotus Biscoff Cheesecake,desserts,DST-03,missing,25000,75000,credit card,online shop
7119,SUN-42026,2024-04-10,Creamy Spaghetti Carbonara,unknown,FOD-03,2,38000,76000,credit card,take away
7120,SUN-37837,2024-09-11,Iced_Aren_Latte,drinks,DRK-01,unknown,25000,50000,nan,dine in
7121,SUN-45567,2024-12-10,Hot_Americano,drinks,DRK-02,4,22000,88000,cash,online shop
7122,SUN-38339,2024-06-11,Mineral_Water,drinks,DRK-07,4,26000,104000,digital wallet,take away
7123,SUN-30148,2024-02-09,unknown,drinks,DRK-04,2,24000,missing,cash,take away
7124,SUN-35981,2024-04-10,Tiramisu Tres Leches,desserts,unknown,1,22000,22000,digital wallet,online shop
7125,SUN-48859,2024-09-18,Iced_Aren_Latte,drinks,DRK-01,3,25000,75000,credit card,online shop
7126,SUN-44374,2024-08-18,Iced_Aren_Latte,drinks,DRK-01,4,25000,100000,credit card,online shop
7127,SUN-30555,2024-10-11,error,drinks,DRK-01,4,25000,100000,digital wallet,missing
7128,SUN-35495,2024-06-22,Creamy Spaghetti Carbonara,food,FOD-03,nan,38000,76000,cash,take away
7129,SUN-41786,2024-01-19,Classic_Beef_Burger,food,FOD-05,4,40000,160000,digital wallet,nan
7130,SUN-44135,2024-04-15,Tiramisu Tres Leches,desserts,DST-05,4,22000,88000,cash,nan
7131,SUN-43943,2024-12-12,Cinnamon Roll,unknown,DST-04,1,35000,35000,digital wallet,dine in
7132,SUN-37455,2024-10-01,Butter Croissant,desserts,DST-01,4,45000,180000,credit card,online shop
7133,SUN-33744,2024-08-10,Truffle Fries & Sausage,food,FOD-01,nan,10000,unknown,credit card,dine in
7134,unknown,2024-08-15,Iced_Aren_Latte,drinks,DRK-01,1,25000,25000,digital wallet,missing
7135,SUN-32107,2024-09-20,nan,drinks,DRK-05,3,24000,72000,digital wallet,missing
7136,SUN-30455,2024-12-14,Mineral_Water,drinks,nan,4,26000,104000,credit card,online shop
7137,SUN-45387,2024-11-27,Nasi Goreng Kampung Premium,food,FOD-02,1,32000,32000,cash,nan
7138,SUN-36916,2024-10-01,Lemonade_Espresso_Tonic,drinks,DRK-05,4,24000,96000,cash,online shop
7139,SUN-34653,2024-09-03,Strawberry_Mojito_Mocktail,drinks,DRK-06,1,27000,27000,credit card,unknown
7140,SUN-46000,2024-09-30,error,drinks,DRK-04,1,24000,24000,digital wallet,dine in
7141,SUN-34822,2024-03-30,Cinnamon Roll,desserts,unknown,missing,35000,140000,credit card,take away
7142,unknown,2024-08-03,Nasi Goreng Kampung Premium,food,nan,2,32000,error,nan,online shop
7143,SUN-46851,2024-04-25,Matcha_Berry_Latte,drinks,DRK-03,3,28000,84000,credit card,nan
7144,SUN-38403,2024-12-05,Hot_Americano,drinks,DRK-02,4,22000,88000,digital wallet,online shop
7145,SUN-36637,2024-10-28,Truffle Fries & Sausage,food,FOD-01,4,10000,nan,unknown,online shop
7146,SUN-39425,2024-09-27,Matcha_Berry_Latte,drinks,DRK-03,4,28000,112000,digital wallet,nan
7147,SUN-48711,2024-12-12,Classic_Beef_Burger,food,error,1,40000,40000,cash,dine in
7148,SUN-41056,2024-02-14,Iced_Aren_Latte,drinks,DRK-01,3,25000,75000,missing,unknown
7149,SUN-33499,2024-08-01,Iced_Aren_Latte,drinks,DRK-01,missing,25000,nan,cash,dine in
7150,SUN-40033,2024-05-20,Mineral_Water,drinks,DRK-07,2,26000,52000,credit card,take away
7151,SUN-30752,2024-02-08,Earl_Grey_Milk_Tea,drinks,nan,4,24000,96000,error,dine in
7152,SUN-48573,2024-01-13,Tiramisu Tres Leches,desserts,DST-05,1,22000,22000,cash,dine in
7153,SUN-31813,2024-12-30,Mineral_Water,drinks,DRK-07,3,26000,78000,digital wallet,error
7154,SUN-43505,2024-11-16,Nasi Goreng Kampung Premium,food,FOD-02,1,error,32000,missing,online shop
7155,SUN-32097,2024-04-24,Tiramisu Tres Leches,desserts,DST-05,1,22000,22000,cash,online shop
7156,SUN-35423,2024-04-29,Truffle Fries & Sausage,food,FOD-01,4,10000,40000,unknown,missing
7157,SUN-33665,2024-09-06,missing,drinks,nan,3,28000,84000,cash,dine in
7158,SUN-36845,2024-03-28,Classic_Beef_Burger,food,missing,4,40000,160000,missing,dine in
7159,SUN-30434,2024-06-17,Classic_Beef_Burger,food,FOD-05,3,40000,120000,credit card,nan
7160,SUN-34220,2024-04-28,unknown,drinks,DRK-01,3,25000,75000,credit card,online shop
7161,nan,2024-10-23,Creamy Spaghetti Carbonara,food,FOD-03,3,38000,unknown,digital wallet,take away
7162,SUN-43519,2024-03-15,Earl_Grey_Milk_Tea,drinks,DRK-04,1,24000,24000,cash,dine in
7163,SUN-36291,2024-01-03,Grilled Chicken Mentai Rice,food,FOD-04,4,unknown,168000,cash,take away
7164,SUN-33150,2024-01-29,Iced_Aren_Latte,unknown,DRK-01,2,25000,50000,credit card,online shop
7165,SUN-39478,2024-09-21,Hot_Americano,drinks,DRK-02,3,unknown,66000,error,online shop
7166,SUN-45403,2024-01-15,Hot_Americano,drinks,DRK-02,1,unknown,22000,credit card,missing
7167,SUN-46127,2024-12-11,Classic_Beef_Burger,unknown,FOD-05,3,40000,missing,digital wallet,take away
7168,SUN-38187,2024-06-03,Lotus Biscoff Cheesecake,desserts,DST-03,3,25000,75000,cash,online shop
7169,SUN-40169,2024-07-22,missing,drinks,DRK-04,2,24000,48000,digital wallet,dine in
7170,SUN-39219,2024-08-03,Grilled Chicken Mentai Rice,food,FOD-04,1,42000,42000,digital wallet,take away
7171,SUN-49839,2024-07-06,Lotus Biscoff Cheesecake,nan,DST-03,1,25000,25000,missing,missing
7172,SUN-45998,2024-12-16,Tiramisu Tres Leches,desserts,DST-05,1,22000,22000,digital wallet,take away
7173,SUN-47169,2024-04-24,Mineral_Water,drinks,DRK-07,4,26000,104000,credit card,dine in
7174,SUN-41887,2024-09-07,Butter Croissant,unknown,DST-01,2,45000,90000,digital wallet,dine in
7175,SUN-39480,2024-06-04,Lemonade_Espresso_Tonic,drinks,DRK-05,2,24000,48000,credit card,nan
7176,SUN-39761,2024-08-25,Iced_Aren_Latte,drinks,DRK-01,1,25000,25000,credit card,take away
7177,SUN-32440,2024-05-09,Mineral_Water,drinks,DRK-07,2,unknown,error,cash,dine in
7178,SUN-36541,2024-01-14,Strawberry_Mojito_Mocktail,drinks,DRK-06,2,27000,54000,nan,take away
7179,SUN-46072,2024-05-16,Grilled Chicken Mentai Rice,nan,FOD-04,3,unknown,126000,cash,online shop
7180,SUN-36191,2024-08-19,error,food,FOD-03,4,38000,152000,digital wallet,online shop
7181,SUN-49042,2024-08-03,Classic_Beef_Burger,unknown,FOD-05,3,40000,120000,digital wallet,dine in
7182,SUN-36110,2024-08-04,Iced_Aren_Latte,drinks,DRK-01,4,25000,100000,nan,dine in
7183,SUN-44241,2024-07-28,Fudgy Brownie With Ice Cream,desserts,DST-02,3,18000,54000,credit card,take away
7184,SUN-37450,2024-07-18,Iced_Aren_Latte,drinks,DRK-01,4,unknown,100000,credit card,error
7185,SUN-41293,2024-05-14,Lotus Biscoff Cheesecake,desserts,DST-03,error,25000,100000,credit card,online shop
7186,SUN-44973,2024-03-09,Tiramisu Tres Leches,desserts,DST-05,3,22000,66000,error,dine in
7187,SUN-32518,2024-07-06,Iced_Aren_Latte,drinks,DRK-01,3,25000,75000,digital wallet,take away
7188,SUN-47157,2024-03-03,Classic_Beef_Burger,food,FOD-05,1,40000,40000,cash,dine in
7189,SUN-31818,2024-11-02,Earl_Grey_Milk_Tea,drinks,DRK-04,2,24000,48000,credit card,dine in
7190,SUN-33194,2024-12-16,Lemonade_Espresso_Tonic,drinks,DRK-05,4,24000,96000,digital wallet,dine in
7191,error,2024-05-13,Strawberry_Mojito_Mocktail,drinks,DRK-06,1,27000,error,digital wallet,take away
7192,SUN-44924,2024-01-04,Lotus Biscoff Cheesecake,desserts,DST-03,3,25000,75000,credit card,take away
7193,SUN-33954,2024-11-19,Truffle Fries & Sausage,error,FOD-01,1,10000,error,digital wallet,online shop
7194,SUN-41062,2024-08-07,error,drinks,DRK-05,4,24000,96000,cash,dine in
7195,SUN-42791,2024-01-20,Fudgy Brownie With Ice Cream,desserts,DST-02,2,missing,36000,credit card,take away
7196,SUN-43973,2024-08-31,Cinnamon Roll,desserts,DST-04,3,35000,105000,missing,dine in
7197,SUN-46667,2024-07-06,Grilled Chicken Mentai Rice,food,FOD-04,2,42000,error,credit card,dine in
7198,SUN-46369,2024-02-25,Truffle Fries & Sausage,food,FOD-01,4,10000,40000,nan,nan
7199,error,2024-06-30,Tiramisu Tres Leches,nan,DST-05,1,22000,22000,credit card,dine in
7200,unknown,2024-05-11,Nasi Goreng Kampung Premium,food,FOD-02,1,32000,32000,cash,dine in
7201,SUN-41496,2024-04-18,Mineral_Water,drinks,DRK-07,4,26000,104000,digital wallet,dine in
7202,SUN-44447,2024-03-01,Strawberry_Mojito_Mocktail,drinks,DRK-06,missing,27000,54000,credit card,dine in
7203,SUN-34918,2024-08-31,Matcha_Berry_Latte,drinks,DRK-03,2,28000,56000,digital wallet,dine in
7204,nan,2024-01-06,Truffle Fries & Sausage,food,FOD-01,4,10000,40000,cash,error
7205,SUN-49078,2024-04-16,Creamy Spaghetti Carbonara,food,FOD-03,3,unknown,114000,error,online shop
7206,SUN-44734,2024-03-24,nan,drinks,DRK-01,4,25000,100000,nan,take away
7207,SUN-40131,2024-06-03,Tiramisu Tres Leches,desserts,DST-05,4,22000,88000,digital wallet,unknown
7208,error,2024-12-30,Lotus Biscoff Cheesecake,desserts,DST-03,4,25000,100000,cash,dine in
7209,missing,2024-12-16,Cinnamon Roll,desserts,DST-04,1,35000,35000,digital wallet,dine in
7210,SUN-45493,2024-11-28,error,desserts,DST-05,4,22000,88000,cash,dine in
7211,SUN-39957,2024-07-24,Lemonade_Espresso_Tonic,drinks,DRK-05,4,error,96000,digital wallet,online shop
7212,SUN-42297,2024-12-27,Creamy Spaghetti Carbonara,food,missing,2,38000,76000,credit card,dine in
7213,SUN-42186,2024-03-06,Butter Croissant,desserts,DST-01,3,45000,135000,cash,online shop
7214,SUN-42915,2024-08-13,Lemonade_Espresso_Tonic,drinks,error,2,24000,unknown,credit card,online shop
7215,SUN-38041,2024-05-08,Lotus Biscoff Cheesecake,desserts,DST-03,2,25000,50000,digital wallet,error
7216,SUN-45613,2024-07-20,Cinnamon Roll,desserts,DST-04,4,35000,unknown,cash,dine in
7217,SUN-46689,2024-02-04,Mineral_Water,missing,DRK-07,2,26000,nan,cash,unknown
7218,SUN-36791,2024-09-21,Truffle Fries & Sausage,food,FOD-01,3,10000,30000,digital wallet,online shop
7219,SUN-44309,2024-08-06,Creamy Spaghetti Carbonara,food,FOD-03,1,38000,38000,credit card,dine in
7220,SUN-40755,2024-01-12,Lemonade_Espresso_Tonic,drinks,DRK-05,4,24000,96000,digital wallet,dine in
7221,SUN-44238,2024-01-21,Grilled Chicken Mentai Rice,food,FOD-04,2,42000,84000,unknown,take away
7222,SUN-48645,2024-01-11,Earl_Grey_Milk_Tea,drinks,DRK-04,2,24000,48000,digital wallet,dine in
7223,SUN-40264,2024-09-14,Nasi Goreng Kampung Premium,food,FOD-02,3,32000,96000,unknown,online shop
7224,SUN-32502,2024-03-19,Grilled Chicken Mentai Rice,food,FOD-04,4,42000,168000,cash,dine in
7225,SUN-49417,2024-10-12,Lemonade_Espresso_Tonic,drinks,DRK-05,1,24000,24000,digital wallet,take away
7226,SUN-39978,2024-01-31,Cinnamon Roll,desserts,DST-04,3,35000,105000,cash,dine in
7227,SUN-31528,2024-03-29,Lemonade_Espresso_Tonic,drinks,DRK-05,2,24000,48000,cash,take away
7228,SUN-49348,2024-11-16,error,desserts,DST-03,1,25000,25000,credit card,take away
7229,SUN-44338,2024-08-25,Iced_Aren_Latte,drinks,DRK-01,2,25000,50000,nan,take away
7230,SUN-39230,2024-12-13,Nasi Goreng Kampung Premium,food,FOD-02,1,32000,32000,credit card,online shop
7231,missing,2024-11-21,Grilled Chicken Mentai Rice,missing,FOD-04,4,unknown,168000,credit card,take away
7232,SUN-40333,2024-01-07,Lotus Biscoff Cheesecake,desserts,missing,2,25000,50000,credit card,take away
7233,SUN-41128,2024-04-19,Mineral_Water,drinks,DRK-07,1,26000,26000,digital wallet,error
7234,SUN-31083,2024-05-11,Classic_Beef_Burger,food,FOD-05,3,40000,120000,credit card,take away
7235,SUN-47712,2024-10-24,error,drinks,DRK-03,3,error,84000,cash,nan
7236,SUN-36843,2024-08-02,Fudgy Brownie With Ice Cream,desserts,DST-02,4,18000,72000,digital wallet,dine in
7237,SUN-36514,2024-08-05,Fudgy Brownie With Ice Cream,desserts,DST-02,1,18000,18000,cash,take away
7238,SUN-32488,2024-06-12,Lotus Biscoff Cheesecake,desserts,DST-03,2,nan,nan,cash,take away
7239,SUN-30143,2024-10-09,Lotus Biscoff Cheesecake,desserts,missing,2,25000,50000,digital wallet,dine in
7240,SUN-33319,2024-01-08,Strawberry_Mojito_Mocktail,drinks,DRK-06,2,27000,error,cash,nan
7241,SUN-33269,2024-02-12,Hot_Americano,drinks,DRK-02,2,22000,44000,credit card,unknown
7242,SUN-33713,2024-01-09,Cinnamon Roll,desserts,DST-04,4,35000,140000,credit card,take away
7243,SUN-45370,2024-02-29,Classic_Beef_Burger,food,FOD-05,2,error,80000,digital wallet,online shop
7244,SUN-33936,2024-06-12,Nasi Goreng Kampung Premium,food,FOD-02,4,32000,error,credit card,take away
7245,SUN-45467,2024-01-18,Truffle Fries & Sausage,food,FOD-01,3,10000,30000,missing,dine in
7246,SUN-46245,2024-09-14,Strawberry_Mojito_Mocktail,drinks,DRK-06,2,27000,nan,cash,online shop
7247,error,2024-11-07,Mineral_Water,drinks,DRK-07,4,26000,104000,digital wallet,take away
7248,SUN-46835,2024-10-04,Nasi Goreng Kampung Premium,food,FOD-02,4,32000,128000,digital wallet,dine in
7249,missing,2024-10-02,Earl_Grey_Milk_Tea,drinks,DRK-04,3,24000,error,digital wallet,take away
7250,error,2024-06-25,nan,food,FOD-02,2,32000,64000,credit card,dine in
7251,SUN-43843,2024-12-21,Butter Croissant,desserts,DST-01,4,45000,180000,credit card,dine in
7252,SUN-31939,2024-12-29,error,food,FOD-05,error,40000,80000,cash,missing
7253,SUN-38159,2024-04-02,Butter Croissant,missing,DST-01,3,unknown,135000,digital wallet,online shop
7254,SUN-30747,2024-05-09,Matcha_Berry_Latte,drinks,DRK-03,2,28000,56000,credit card,missing
7255,SUN-40855,2024-07-18,nan,desserts,DST-01,1,45000,45000,digital wallet,online shop
7256,SUN-39577,2024-12-02,Strawberry_Mojito_Mocktail,drinks,DRK-06,4,27000,108000,cash,nan
7257,SUN-36077,2024-08-10,Truffle Fries & Sausage,food,FOD-01,2,unknown,20000,cash,online shop
7258,SUN-31862,2024-12-10,Butter Croissant,desserts,DST-01,3,45000,135000,digital wallet,online shop
7259,SUN-46968,2024-07-25,Classic_Beef_Burger,food,FOD-05,1,40000,40000,cash,online shop
7260,SUN-43290,2024-03-15,Earl_Grey_Milk_Tea,drinks,DRK-04,nan,24000,nan,credit card,online shop
7261,SUN-47361,2024-11-12,Hot_Americano,drinks,DRK-02,4,22000,88000,cash,take away
7262,SUN-42640,2024-05-09,Grilled Chicken Mentai Rice,food,FOD-04,4,42000,168000,cash,dine in
7263,SUN-32428,2024-09-27,nan,drinks,DRK-03,1,28000,28000,cash,take away
7264,SUN-44588,2024-01-04,Butter Croissant,nan,DST-01,1,45000,45000,cash,take away
7265,SUN-49159,2024-01-14,Iced_Aren_Latte,drinks,DRK-01,4,25000,100000,cash,error
7266,SUN-32515,2024-08-18,Mineral_Water,drinks,unknown,3,26000,78000,cash,take away
7267,SUN-42567,2024-06-24,Earl_Grey_Milk_Tea,error,DRK-04,3,24000,72000,missing,unknown
7268,SUN-31300,missing,unknown,drinks,DRK-06,error,27000,27000,cash,take away
7269,SUN-43399,2024-08-29,Creamy Spaghetti Carbonara,food,FOD-03,2,38000,76000,credit card,online shop
7270,SUN-49392,nan,error,desserts,DST-02,1,18000,18000,error,unknown
7271,SUN-40734,2024-04-27,missing,error,unknown,3,27000,81000,cash,online shop
7272,SUN-47999,2024-06-06,Butter Croissant,desserts,DST-01,2,nan,90000,credit card,take away
7273,SUN-45679,2024-09-22,Mineral_Water,drinks,DRK-07,3,26000,78000,nan,online shop
7274,SUN-46170,2024-02-18,Tiramisu Tres Leches,desserts,DST-05,3,22000,66000,cash,online shop
7275,SUN-33643,2024-10-26,Truffle Fries & Sausage,food,FOD-01,3,10000,30000,credit card,online shop
7276,SUN-39089,2024-05-29,Strawberry_Mojito_Mocktail,drinks,DRK-06,1,27000,27000,digital wallet,dine in
7277,SUN-31328,2024-02-01,Strawberry_Mojito_Mocktail,drinks,DRK-06,3,27000,81000,credit card,take away
7278,SUN-38272,2024-06-17,Mineral_Water,drinks,DRK-07,1,26000,26000,credit card,take away
7279,SUN-36266,2024-05-25,Lotus Biscoff Cheesecake,error,DST-03,2,25000,50000,cash,dine in
7280,SUN-45421,2024-12-23,Fudgy Brownie With Ice Cream,desserts,error,3,18000,54000,digital wallet,take away
7281,SUN-39942,2024-09-10,nan,desserts,DST-01,4,45000,180000,digital wallet,dine in
7282,nan,2024-02-06,Truffle Fries & Sausage,food,FOD-01,1,unknown,10000,digital wallet,online shop
7283,SUN-30773,2024-07-17,error,desserts,DST-05,missing,22000,66000,digital wallet,take away
7284,SUN-45626,2024-06-29,Lotus Biscoff Cheesecake,desserts,DST-03,4,25000,100000,unknown,take away
7285,SUN-48539,2024-10-14,Tiramisu Tres Leches,desserts,DST-05,4,22000,error,digital wallet,take away
7286,SUN-38248,2024-12-05,missing,drinks,DRK-05,4,missing,96000,cash,online shop
7287,SUN-42459,2024-04-09,Truffle Fries & Sausage,food,unknown,1,10000,10000,credit card,online shop
7288,unknown,2024-06-17,Cinnamon Roll,desserts,DST-04,3,35000,105000,digital wallet,online shop
7289,SUN-46079,2024-01-06,Butter Croissant,unknown,DST-01,4,45000,180000,missing,take away
7290,SUN-35840,2024-06-02,Mineral_Water,drinks,DRK-07,3,26000,nan,credit card,online shop
7291,SUN-45930,2024-10-09,Iced_Aren_Latte,drinks,DRK-01,3,25000,75000,unknown,take away
7292,nan,2024-03-17,Truffle Fries & Sausage,food,FOD-01,2,10000,error,digital wallet,take away
7293,SUN-45739,2024-05-25,Matcha_Berry_Latte,drinks,DRK-03,3,28000,84000,cash,dine in
7294,SUN-31786,2024-08-15,Nasi Goreng Kampung Premium,food,FOD-02,3,32000,96000,cash,missing
7295,nan,2024-12-11,Classic_Beef_Burger,food,FOD-05,4,40000,160000,cash,online shop
7296,SUN-42136,2024-02-09,missing,desserts,DST-03,2,missing,nan,unknown,dine in
7297,SUN-46303,2024-01-06,Nasi Goreng Kampung Premium,food,FOD-02,1,32000,32000,cash,take away
7298,SUN-30583,2024-04-09,Lemonade_Espresso_Tonic,drinks,DRK-05,4,24000,96000,credit card,online shop
7299,SUN-49788,2024-06-03,nan,food,FOD-01,1,missing,10000,digital wallet,online shop
7300,SUN-40209,2024-02-17,Strawberry_Mojito_Mocktail,nan,DRK-06,2,27000,54000,credit card,dine in
7301,SUN-43223,2024-06-22,Truffle Fries & Sausage,food,FOD-01,3,10000,30000,credit card,dine in
7302,SUN-38367,2024-12-18,Nasi Goreng Kampung Premium,food,FOD-02,2,32000,64000,cash,online shop
7303,SUN-40589,2024-05-27,Earl_Grey_Milk_Tea,drinks,DRK-04,2,24000,48000,error,online shop
7304,SUN-30082,2024-01-13,Matcha_Berry_Latte,error,DRK-03,3,28000,84000,unknown,error
7305,SUN-36704,2024-03-19,Earl_Grey_Milk_Tea,drinks,DRK-04,1,24000,24000,credit card,take away
7306,SUN-48192,2024-05-10,Lotus Biscoff Cheesecake,desserts,DST-03,3,25000,75000,error,online shop
7307,SUN-41668,2024-05-04,Iced_Aren_Latte,drinks,DRK-01,2,25000,50000,digital wallet,online shop
7308,SUN-33687,2024-03-12,nan,drinks,DRK-02,1,22000,22000,unknown,online shop
7309,SUN-42207,2024-02-06,Classic_Beef_Burger,food,FOD-05,3,40000,error,digital wallet,dine in
7310,SUN-31443,2024-06-15,Creamy Spaghetti Carbonara,error,FOD-03,3,38000,114000,nan,dine in
7311,SUN-37060,2024-05-11,Matcha_Berry_Latte,drinks,DRK-03,3,28000,84000,nan,dine in
7312,SUN-32585,2024-10-22,Earl_Grey_Milk_Tea,drinks,DRK-04,3,unknown,72000,digital wallet,dine in
7313,SUN-35339,2024-05-03,Butter Croissant,desserts,DST-01,1,45000,unknown,digital wallet,take away
7314,SUN-44982,2024-11-17,Lotus Biscoff Cheesecake,desserts,DST-03,4,25000,100000,cash,online shop
7315,SUN-45774,2024-09-11,Lemonade_Espresso_Tonic,missing,DRK-05,2,24000,48000,digital wallet,unknown
7316,unknown,2024-07-25,Tiramisu Tres Leches,desserts,DST-05,2,22000,44000,cash,take away
7317,SUN-38982,2024-02-14,Truffle Fries & Sausage,food,FOD-01,4,10000,40000,digital wallet,dine in
7318,SUN-47623,2024-06-28,Mineral_Water,drinks,DRK-07,missing,26000,error,unknown,take away
7319,SUN-31498,2024-11-30,Butter Croissant,desserts,DST-01,3,error,135000,credit card,take away
7320,SUN-45924,2024-09-01,Butter Croissant,desserts,DST-01,3,45000,135000,credit card,missing
7321,SUN-42388,2024-03-15,Truffle Fries & Sausage,food,FOD-01,3,10000,30000,cash,unknown
7322,SUN-42687,2024-07-04,Grilled Chicken Mentai Rice,food,FOD-04,4,42000,168000,digital wallet,dine in
7323,SUN-40393,2024-05-17,error,drinks,DRK-02,4,22000,88000,cash,error
7324,SUN-45178,2024-01-31,Cinnamon Roll,desserts,DST-04,2,35000,70000,cash,online shop
7325,SUN-38865,2024-11-22,Nasi Goreng Kampung Premium,food,FOD-02,2,32000,64000,cash,dine in
7326,SUN-45352,2024-06-07,missing,drinks,DRK-06,3,missing,error,cash,dine in
7327,SUN-31436,2024-12-22,Cinnamon Roll,desserts,missing,1,35000,unknown,cash,dine in
7328,SUN-31344,2024-06-08,Nasi Goreng Kampung Premium,food,FOD-02,4,nan,128000,error,online shop
7329,SUN-46039,2024-12-21,Creamy Spaghetti Carbonara,food,FOD-03,3,38000,114000,credit card,online shop
7330,SUN-39596,2024-02-18,Truffle Fries & Sausage,food,FOD-01,4,10000,40000,credit card,online shop
7331,SUN-39651,2024-09-27,Mineral_Water,drinks,DRK-07,3,26000,error,credit card,online shop
7332,SUN-33370,2024-03-30,error,desserts,DST-05,2,22000,nan,nan,dine in
7333,SUN-32507,2024-10-08,Iced_Aren_Latte,unknown,DRK-01,3,25000,75000,missing,online shop
7334,SUN-30756,2024-04-07,Grilled Chicken Mentai Rice,food,FOD-04,2,42000,missing,unknown,error
7335,SUN-40926,2024-05-20,Lotus Biscoff Cheesecake,desserts,DST-03,4,25000,100000,cash,online shop
7336,SUN-33617,2024-03-21,Matcha_Berry_Latte,drinks,DRK-03,4,28000,112000,digital wallet,online shop
7337,SUN-42075,2024-10-03,Grilled Chicken Mentai Rice,food,FOD-04,3,error,126000,missing,take away
7338,SUN-43326,2024-02-04,error,food,FOD-05,1,40000,40000,error,take away
7339,SUN-39567,2024-02-10,nan,food,FOD-02,1,32000,32000,cash,online shop
7340,unknown,2024-03-06,Grilled Chicken Mentai Rice,food,FOD-04,4,42000,168000,credit card,online shop
7341,SUN-48463,2024-08-15,Tiramisu Tres Leches,desserts,DST-05,3,22000,missing,credit card,online shop
7342,SUN-37269,2024-04-02,Hot_Americano,drinks,DRK-02,2,22000,44000,credit card,take away
7343,SUN-34177,2024-03-18,nan,drinks,DRK-03,1,28000,28000,cash,take away
7344,SUN-34322,2024-10-31,Strawberry_Mojito_Mocktail,missing,missing,2,27000,54000,digital wallet,error
7345,error,2024-05-30,missing,missing,FOD-01,3,10000,30000,credit card,error
7346,SUN-31890,2024-05-14,Lemonade_Espresso_Tonic,drinks,error,1,24000,24000,credit card,dine in
7347,SUN-39839,2024-02-11,Lotus Biscoff Cheesecake,desserts,DST-03,3,25000,75000,digital wallet,dine in
7348,SUN-35779,2024-10-05,missing,food,FOD-01,error,10000,30000,credit card,nan
7349,error,2024-01-10,Strawberry_Mojito_Mocktail,drinks,unknown,1,27000,27000,credit card,online shop
7350,missing,2024-06-30,unknown,drinks,DRK-02,2,22000,missing,cash,unknown
7351,SUN-34878,2024-02-26,Iced_Aren_Latte,drinks,DRK-01,1,25000,unknown,cash,online shop
7352,SUN-36697,2024-10-27,Lemonade_Espresso_Tonic,drinks,DRK-05,nan,24000,48000,credit card,unknown
7353,nan,2024-06-10,Lemonade_Espresso_Tonic,drinks,unknown,2,24000,48000,credit card,online shop
7354,SUN-37841,2024-11-09,Iced_Aren_Latte,drinks,DRK-01,1,25000,25000,unknown,online shop
7355,SUN-32453,2024-10-06,Tiramisu Tres Leches,error,DST-05,2,22000,44000,digital wallet,dine in
7356,SUN-48597,2024-08-24,Grilled Chicken Mentai Rice,food,FOD-04,1,42000,42000,digital wallet,take away
7357,SUN-41119,2024-03-27,Iced_Aren_Latte,drinks,DRK-01,1,25000,25000,cash,dine in
7358,SUN-49396,2024-05-25,Mineral_Water,drinks,DRK-07,3,26000,78000,cash,take away
7359,SUN-33745,2024-02-12,Iced_Aren_Latte,drinks,DRK-01,3,25000,75000,cash,online shop
7360,SUN-36648,2024-01-16,Nasi Goreng Kampung Premium,food,FOD-02,missing,32000,128000,nan,unknown
7361,SUN-46115,2024-01-26,Earl_Grey_Milk_Tea,drinks,DRK-04,4,24000,96000,nan,online shop
7362,SUN-33066,2024-11-01,Fudgy Brownie With Ice Cream,desserts,DST-02,1,18000,18000,cash,error
7363,SUN-46813,2024-06-15,Matcha_Berry_Latte,drinks,DRK-03,1,28000,28000,credit card,dine in
7364,SUN-40169,2024-03-02,missing,food,FOD-02,unknown,32000,128000,digital wallet,online shop
7365,SUN-30555,2024-05-26,Nasi Goreng Kampung Premium,food,FOD-02,4,32000,128000,nan,take away
7366,SUN-40238,2024-09-05,Strawberry_Mojito_Mocktail,drinks,DRK-06,4,27000,unknown,cash,take away
7367,SUN-33687,2024-07-03,Truffle Fries & Sausage,food,FOD-01,2,10000,20000,credit card,dine in
7368,SUN-33138,2024-10-11,missing,drinks,DRK-02,nan,22000,nan,cash,take away
7369,SUN-41074,2024-07-22,Fudgy Brownie With Ice Cream,desserts,DST-02,2,18000,36000,cash,take away
7370,SUN-33985,2024-06-02,Mineral_Water,drinks,missing,1,26000,26000,cash,take away
7371,SUN-35888,2024-04-13,Iced_Aren_Latte,drinks,DRK-01,error,25000,100000,digital wallet,online shop
7372,SUN-36284,2024-09-11,Tiramisu Tres Leches,desserts,DST-05,2,22000,44000,digital wallet,online shop
7373,SUN-34633,2024-04-02,missing,desserts,error,4,45000,180000,cash,online shop
7374,SUN-40675,2024-02-24,nan,drinks,DRK-05,1,24000,24000,credit card,online shop
7375,SUN-44239,2024-12-23,Classic_Beef_Burger,food,FOD-05,4,40000,160000,credit card,nan
7376,SUN-31359,2024-11-30,Earl_Grey_Milk_Tea,drinks,nan,2,24000,48000,credit card,online shop
7377,SUN-32561,2024-01-13,Fudgy Brownie With Ice Cream,desserts,DST-02,nan,18000,72000,cash,dine in
7378,SUN-35042,2024-07-03,Classic_Beef_Burger,food,FOD-05,1,40000,40000,cash,missing
7379,SUN-38878,2024-08-21,Fudgy Brownie With Ice Cream,desserts,DST-02,1,18000,18000,cash,online shop
7380,SUN-44874,2024-10-10,Hot_Americano,drinks,DRK-02,4,22000,88000,cash,take away
7381,SUN-36584,2024-03-11,Classic_Beef_Burger,error,FOD-05,1,40000,40000,digital wallet,online shop
7382,SUN-34318,2024-11-20,Fudgy Brownie With Ice Cream,desserts,DST-02,1,18000,unknown,digital wallet,take away
7383,SUN-31812,2024-09-22,Truffle Fries & Sausage,food,nan,3,10000,30000,digital wallet,dine in
7384,SUN-48960,2024-10-09,Grilled Chicken Mentai Rice,food,FOD-04,1,42000,42000,digital wallet,online shop
7385,SUN-37302,2024-05-31,Tiramisu Tres Leches,desserts,DST-05,4,22000,88000,digital wallet,dine in
7386,SUN-34313,2024-03-02,Cinnamon Roll,desserts,DST-04,3,unknown,105000,digital wallet,dine in
7387,SUN-31654,2024-10-14,Fudgy Brownie With Ice Cream,desserts,DST-02,1,unknown,18000,credit card,dine in
7388,SUN-35697,2024-09-03,unknown,food,nan,3,40000,120000,digital wallet,online shop
7389,SUN-31754,2024-12-20,missing,desserts,DST-01,error,45000,135000,nan,unknown
7390,SUN-42885,2024-06-12,Tiramisu Tres Leches,desserts,DST-05,error,22000,88000,digital wallet,online shop
7391,SUN-34317,2024-05-17,unknown,unknown,DST-01,3,45000,unknown,credit card,take away
7392,SUN-37654,2024-10-03,error,food,FOD-02,nan,32000,32000,cash,take away
7393,SUN-38051,2024-05-30,unknown,error,DRK-07,2,26000,52000,credit card,online shop
7394,SUN-36493,2024-11-16,Hot_Americano,drinks,DRK-02,4,22000,88000,digital wallet,online shop
7395,SUN-38499,2024-11-19,Tiramisu Tres Leches,desserts,DST-05,1,22000,22000,cash,error
7396,SUN-38861,error,missing,error,error,4,missing,152000,cash,take away
7397,SUN-42926,2024-10-04,Tiramisu Tres Leches,desserts,DST-05,2,error,44000,digital wallet,dine in
7398,SUN-48742,2024-05-27,Iced_Aren_Latte,drinks,DRK-01,2,nan,50000,digital wallet,online shop
7399,SUN-30454,2024-12-19,Lotus Biscoff Cheesecake,desserts,DST-03,2,25000,50000,credit card,take away
7400,SUN-32361,2024-06-03,unknown,food,FOD-02,3,32000,96000,digital wallet,take away
7401,SUN-44838,2024-06-07,Grilled Chicken Mentai Rice,nan,nan,1,42000,42000,credit card,take away
7402,SUN-36992,2024-09-27,Truffle Fries & Sausage,food,unknown,3,10000,30000,credit card,take away
7403,SUN-35055,2024-11-11,Fudgy Brownie With Ice Cream,desserts,DST-02,2,18000,36000,digital wallet,online shop
7404,SUN-45436,2024-03-31,Lotus Biscoff Cheesecake,desserts,DST-03,4,25000,100000,missing,dine in
7405,unknown,2024-12-23,Earl_Grey_Milk_Tea,nan,DRK-04,1,error,24000,nan,online shop
7406,SUN-40105,2024-08-14,Lemonade_Espresso_Tonic,drinks,DRK-05,1,24000,24000,digital wallet,missing
7407,SUN-40304,2024-08-01,Grilled Chicken Mentai Rice,food,FOD-04,3,42000,error,missing,dine in
7408,SUN-39499,2024-09-04,Earl_Grey_Milk_Tea,drinks,DRK-04,4,24000,96000,credit card,take away
7409,SUN-49379,2024-02-12,Earl_Grey_Milk_Tea,drinks,DRK-04,3,24000,72000,nan,unknown
7410,SUN-41977,2024-03-31,unknown,desserts,DST-03,2,unknown,50000,missing,dine in
7411,SUN-48860,2024-04-06,missing,drinks,DRK-01,3,25000,75000,cash,dine in
7412,SUN-40931,2024-11-11,Lemonade_Espresso_Tonic,drinks,DRK-05,1,24000,24000,credit card,online shop
7413,SUN-49913,2024-06-30,Iced_Aren_Latte,drinks,DRK-01,2,25000,50000,credit card,error
7414,SUN-40998,2024-04-23,Nasi Goreng Kampung Premium,food,FOD-02,2,32000,missing,credit card,dine in
7415,SUN-34582,2024-06-13,unknown,drinks,DRK-05,3,24000,72000,digital wallet,missing
7416,SUN-45478,2024-02-26,Truffle Fries & Sausage,food,FOD-01,1,10000,10000,credit card,online shop
7417,SUN-47401,2024-07-01,Butter Croissant,desserts,DST-01,missing,45000,missing,cash,dine in
7418,nan,2024-11-09,Lotus Biscoff Cheesecake,nan,error,1,25000,25000,digital wallet,take away
7419,SUN-34755,2024-09-04,Lemonade_Espresso_Tonic,drinks,nan,4,24000,96000,credit card,dine in
7420,SUN-36107,2024-01-08,Nasi Goreng Kampung Premium,food,FOD-02,3,32000,96000,cash,take away
7421,SUN-35661,2024-04-10,Truffle Fries & Sausage,food,FOD-01,4,10000,missing,cash,dine in
7422,SUN-37475,2024-09-09,Butter Croissant,desserts,DST-01,unknown,45000,nan,credit card,dine in
7423,SUN-34748,2024-06-28,Lemonade_Espresso_Tonic,drinks,DRK-05,4,24000,96000,credit card,take away
7424,nan,2024-03-17,Cinnamon Roll,desserts,DST-04,3,35000,105000,cash,dine in
7425,SUN-49091,2024-01-04,Matcha_Berry_Latte,drinks,DRK-03,3,28000,84000,credit card,dine in
7426,error,2024-01-21,Earl_Grey_Milk_Tea,drinks,DRK-04,nan,24000,48000,cash,take away
7427,SUN-32291,2024-09-23,Tiramisu Tres Leches,desserts,DST-05,3,error,nan,nan,online shop
7428,SUN-44243,2024-09-08,missing,desserts,DST-05,3,22000,66000,cash,unknown
7429,SUN-42338,2024-08-02,Strawberry_Mojito_Mocktail,drinks,DRK-06,4,27000,108000,digital wallet,take away
7430,SUN-39727,2024-06-16,Tiramisu Tres Leches,unknown,DST-05,1,22000,22000,missing,dine in
7431,SUN-30760,2024-03-13,Mineral_Water,drinks,DRK-07,2,26000,52000,cash,online shop
7432,SUN-45745,2024-09-07,nan,food,FOD-05,3,40000,120000,nan,online shop
7433,SUN-34564,2024-10-29,Mineral_Water,drinks,DRK-07,2,26000,52000,cash,online shop
7434,SUN-39729,2024-01-06,Hot_Americano,drinks,DRK-02,1,22000,22000,error,online shop
7435,SUN-45275,2024-07-19,Truffle Fries & Sausage,food,FOD-01,4,10000,nan,digital wallet,dine in
7436,SUN-48981,2024-10-18,missing,unknown,DST-03,2,25000,50000,missing,take away
7437,SUN-48036,2024-08-14,Fudgy Brownie With Ice Cream,desserts,DST-02,3,error,54000,credit card,online shop
7438,SUN-43049,2024-06-29,Iced_Aren_Latte,drinks,DRK-01,1,25000,missing,credit card,online shop
7439,SUN-40502,2024-04-06,Cinnamon Roll,desserts,DST-04,4,35000,140000,cash,dine in
7440,SUN-31716,2024-07-20,Hot_Americano,drinks,DRK-02,3,22000,66000,digital wallet,dine in
7441,SUN-43985,2024-08-18,Tiramisu Tres Leches,desserts,DST-05,3,22000,66000,credit card,error
7442,SUN-46447,2024-01-30,Creamy Spaghetti Carbonara,missing,nan,2,nan,76000,credit card,missing
7443,SUN-31438,2024-02-15,Fudgy Brownie With Ice Cream,desserts,DST-02,3,18000,54000,nan,take away
7444,SUN-47487,2024-11-03,error,food,FOD-01,4,10000,40000,credit card,nan
7445,SUN-47465,2024-05-15,Nasi Goreng Kampung Premium,food,FOD-02,1,32000,error,cash,unknown
7446,SUN-33885,2024-09-10,Lotus Biscoff Cheesecake,desserts,DST-03,error,25000,75000,cash,missing
7447,missing,2024-04-02,Strawberry_Mojito_Mocktail,drinks,DRK-06,1,27000,error,digital wallet,online shop
7448,SUN-42127,2024-10-02,missing,drinks,nan,4,26000,104000,cash,nan
7449,SUN-35067,2024-12-17,missing,food,FOD-01,3,10000,30000,cash,dine in
7450,missing,2024-03-28,Iced_Aren_Latte,drinks,DRK-01,1,missing,25000,cash,take away
7451,SUN-36553,2024-11-18,Nasi Goreng Kampung Premium,food,FOD-02,2,32000,64000,credit card,dine in
7452,SUN-34244,2024-12-23,Earl_Grey_Milk_Tea,drinks,DRK-04,1,24000,24000,cash,dine in
7453,SUN-36146,2024-09-07,Strawberry_Mojito_Mocktail,drinks,DRK-06,nan,27000,108000,digital wallet,dine in
7454,SUN-44236,2024-10-31,Cinnamon Roll,desserts,DST-04,4,error,140000,digital wallet,error
7455,missing,2024-03-07,unknown,drinks,DRK-02,3,22000,66000,credit card,take away
7456,SUN-34054,2024-11-25,Classic_Beef_Burger,food,FOD-05,4,40000,160000,error,take away
7457,SUN-32219,2024-02-27,Classic_Beef_Burger,error,FOD-05,2,40000,80000,credit card,online shop
7458,SUN-34903,2024-10-18,Nasi Goreng Kampung Premium,food,FOD-02,3,32000,96000,cash,online shop
7459,SUN-30701,2024-04-23,Lemonade_Espresso_Tonic,drinks,DRK-05,1,24000,24000,nan,dine in
7460,SUN-33947,2024-01-03,Fudgy Brownie With Ice Cream,missing,DST-02,1,18000,18000,credit card,online shop
7461,SUN-48155,2024-03-17,Grilled Chicken Mentai Rice,food,FOD-04,2,42000,84000,cash,take away
7462,SUN-47758,2024-02-19,Lotus Biscoff Cheesecake,desserts,DST-03,2,25000,50000,cash,online shop
7463,SUN-45625,2024-03-21,Hot_Americano,drinks,DRK-02,1,22000,22000,cash,dine in
7464,SUN-47379,2024-12-23,Butter Croissant,desserts,DST-01,2,45000,90000,digital wallet,dine in
7465,SUN-39001,2024-07-11,Grilled Chicken Mentai Rice,food,FOD-04,3,42000,126000,cash,nan
7466,SUN-36887,2024-10-31,Classic_Beef_Burger,food,FOD-05,2,40000,80000,cash,dine in
7467,SUN-30378,2024-08-09,Mineral_Water,drinks,DRK-07,1,26000,26000,unknown,take away
7468,SUN-44285,2024-03-07,Butter Croissant,desserts,DST-01,error,45000,180000,cash,take away
7469,SUN-46260,2024-07-21,Nasi Goreng Kampung Premium,food,FOD-02,3,32000,96000,cash,take away
7470,SUN-47895,2024-06-19,Earl_Grey_Milk_Tea,drinks,DRK-04,1,24000,24000,credit card,take away
7471,SUN-48802,2024-10-27,error,food,FOD-03,2,38000,76000,digital wallet,take away
7472,SUN-34022,2024-09-23,missing,drinks,DRK-06,1,27000,unknown,credit card,online shop
7473,SUN-34327,2024-05-18,Lemonade_Espresso_Tonic,drinks,DRK-05,4,24000,96000,credit card,take away
7474,SUN-38268,2024-11-21,Fudgy Brownie With Ice Cream,desserts,DST-02,2,18000,36000,digital wallet,dine in
7475,SUN-46329,2024-01-16,Grilled Chicken Mentai Rice,food,FOD-04,4,42000,168000,cash,online shop
7476,SUN-38303,2024-12-16,unknown,food,FOD-04,4,42000,168000,credit card,take away
7477,SUN-48992,2024-03-19,Nasi Goreng Kampung Premium,food,FOD-02,2,32000,64000,credit card,online shop
7478,SUN-33344,2024-05-14,Iced_Aren_Latte,drinks,DRK-01,1,25000,25000,digital wallet,online shop
7479,SUN-48992,2024-04-08,missing,drinks,missing,1,22000,22000,digital wallet,missing
7480,SUN-39374,2024-02-13,Lotus Biscoff Cheesecake,desserts,DST-03,4,25000,100000,digital wallet,take away
7481,SUN-34852,2024-01-25,nan,drinks,DRK-01,2,25000,50000,credit card,error
7482,SUN-31310,2024-03-15,Hot_Americano,drinks,DRK-02,2,22000,missing,cash,dine in
7483,SUN-42172,2024-01-20,nan,drinks,DRK-05,3,24000,72000,credit card,dine in
7484,SUN-40742,2024-04-29,Tiramisu Tres Leches,error,DST-05,1,22000,22000,credit card,online shop
7485,SUN-47135,2024-01-22,Cinnamon Roll,desserts,unknown,3,35000,105000,credit card,online shop
7486,SUN-45039,2024-06-26,Nasi Goreng Kampung Premium,food,FOD-02,1,32000,32000,unknown,online shop
7487,SUN-33195,2024-02-10,Earl_Grey_Milk_Tea,drinks,DRK-04,4,24000,96000,digital wallet,unknown
7488,missing,2024-04-13,Strawberry_Mojito_Mocktail,drinks,DRK-06,1,27000,27000,cash,dine in
7489,SUN-31751,2024-07-03,Butter Croissant,desserts,DST-01,4,missing,180000,error,dine in
7490,SUN-38692,2024-06-24,Cinnamon Roll,unknown,DST-04,2,35000,70000,missing,dine in
7491,SUN-33590,missing,Fudgy Brownie With Ice Cream,desserts,DST-02,2,18000,unknown,credit card,dine in
7492,SUN-38988,2024-04-12,Classic_Beef_Burger,food,FOD-05,2,40000,80000,nan,take away
7493,SUN-48528,2024-11-13,Iced_Aren_Latte,drinks,DRK-01,3,error,error,credit card,take away
7494,SUN-40328,2024-10-30,nan,desserts,DST-02,3,18000,54000,digital wallet,take away
7495,SUN-38789,2024-09-28,Iced_Aren_Latte,drinks,DRK-01,3,25000,75000,digital wallet,error
7496,SUN-30128,2024-03-13,nan,desserts,DST-01,2,45000,90000,credit card,take away
7497,nan,2024-05-10,Tiramisu Tres Leches,desserts,DST-05,4,22000,88000,error,dine in
7498,SUN-33117,2024-01-06,Tiramisu Tres Leches,desserts,DST-05,1,22000,22000,cash,dine in
7499,SUN-35710,2024-02-09,Tiramisu Tres Leches,desserts,DST-05,1,22000,missing,digital wallet,online shop
7500,SUN-30877,2024-01-26,missing,food,missing,1,40000,40000,missing,dine in
7501,SUN-39217,2024-07-28,unknown,missing,DRK-03,4,error,112000,cash,dine in
7502,SUN-46453,2024-02-08,unknown,food,FOD-03,missing,38000,76000,credit card,nan
7503,missing,2024-12-18,Cinnamon Roll,desserts,DST-04,unknown,35000,70000,credit card,take away
7504,SUN-36955,2024-11-10,Truffle Fries & Sausage,food,FOD-01,3,10000,30000,credit card,online shop
7505,SUN-31047,2024-05-14,Creamy Spaghetti Carbonara,food,FOD-03,1,38000,38000,digital wallet,unknown
7506,SUN-49872,2024-01-19,Lemonade_Espresso_Tonic,drinks,DRK-05,3,24000,72000,credit card,dine in
7507,SUN-39900,2024-12-18,Creamy Spaghetti Carbonara,food,FOD-03,4,38000,152000,missing,take away
7508,SUN-38300,2024-06-30,Classic_Beef_Burger,food,FOD-05,4,40000,160000,credit card,take away
7509,SUN-44743,2024-06-15,Lotus Biscoff Cheesecake,desserts,DST-03,missing,25000,50000,digital wallet,online shop
7510,SUN-33451,2024-02-28,Matcha_Berry_Latte,drinks,DRK-03,3,28000,84000,digital wallet,dine in
7511,error,2024-04-03,Butter Croissant,desserts,DST-01,nan,45000,135000,digital wallet,take away
7512,SUN-35820,2024-01-10,Creamy Spaghetti Carbonara,error,nan,4,38000,missing,digital wallet,online shop
7513,SUN-39730,2024-08-16,Butter Croissant,desserts,DST-01,missing,45000,90000,credit card,online shop
7514,SUN-32572,2024-10-19,Matcha_Berry_Latte,drinks,DRK-03,3,28000,84000,unknown,take away
7515,SUN-41246,2024-11-03,Nasi Goreng Kampung Premium,food,FOD-02,error,32000,64000,error,online shop
7516,error,2024-12-29,Nasi Goreng Kampung Premium,food,unknown,2,error,64000,cash,missing
7517,SUN-41627,2024-02-07,Nasi Goreng Kampung Premium,food,FOD-02,3,32000,96000,credit card,unknown
7518,nan,2024-07-13,Butter Croissant,desserts,DST-01,3,45000,135000,cash,online shop
7519,SUN-36435,2024-11-30,Iced_Aren_Latte,drinks,unknown,1,25000,25000,missing,dine in
7520,SUN-42116,2024-01-17,missing,desserts,DST-02,3,18000,54000,digital wallet,online shop
7521,SUN-37681,2024-05-24,Hot_Americano,drinks,DRK-02,1,22000,22000,credit card,online shop
7522,SUN-48795,2024-12-04,Lotus Biscoff Cheesecake,desserts,DST-03,2,25000,50000,digital wallet,dine in
7523,error,2024-05-24,Fudgy Brownie With Ice Cream,desserts,DST-02,1,18000,18000,credit card,missing
7524,SUN-31342,2024-07-14,Hot_Americano,nan,DRK-02,4,22000,88000,cash,error
7525,SUN-38459,2024-09-11,nan,drinks,DRK-05,3,24000,error,nan,dine in
7526,SUN-44985,2024-06-25,Grilled Chicken Mentai Rice,food,FOD-04,2,42000,84000,credit card,online shop
7527,SUN-39134,2024-10-27,Lemonade_Espresso_Tonic,drinks,DRK-05,4,nan,96000,error,online shop
7528,SUN-40822,2024-08-17,Lotus Biscoff Cheesecake,desserts,DST-03,3,unknown,75000,cash,nan
7529,SUN-37813,2024-02-10,Strawberry_Mojito_Mocktail,drinks,DRK-06,1,27000,27000,missing,take away
7530,SUN-34484,2024-06-02,Earl_Grey_Milk_Tea,drinks,DRK-04,missing,24000,24000,credit card,take away
7531,SUN-38235,2024-06-06,Lemonade_Espresso_Tonic,drinks,DRK-05,2,24000,unknown,cash,dine in
7532,SUN-40419,2024-11-18,Iced_Aren_Latte,drinks,DRK-01,1,25000,error,nan,error
7533,SUN-36987,2024-09-26,Earl_Grey_Milk_Tea,drinks,DRK-04,4,nan,96000,cash,dine in
7534,error,2024-09-23,error,food,FOD-01,4,10000,nan,error,dine in
7535,SUN-35034,2024-06-14,Lemonade_Espresso_Tonic,drinks,DRK-05,3,24000,72000,cash,dine in
7536,SUN-45403,2024-10-14,Lemonade_Espresso_Tonic,drinks,DRK-05,2,24000,48000,error,take away
7537,SUN-31354,2024-12-23,Truffle Fries & Sausage,food,nan,1,10000,10000,cash,dine in
7538,SUN-33407,2024-03-25,Tiramisu Tres Leches,desserts,DST-05,missing,22000,88000,digital wallet,take away
7539,SUN-32445,2024-08-24,Mineral_Water,drinks,DRK-07,1,26000,26000,digital wallet,take away
7540,SUN-32717,2024-03-01,Iced_Aren_Latte,drinks,DRK-01,nan,25000,50000,cash,take away
7541,SUN-42896,2024-02-22,Creamy Spaghetti Carbonara,food,FOD-03,1,38000,38000,cash,dine in
7542,SUN-48560,2024-05-03,Lotus Biscoff Cheesecake,desserts,DST-03,error,25000,50000,digital wallet,online shop
7543,SUN-30360,2024-02-09,Strawberry_Mojito_Mocktail,drinks,DRK-06,1,error,27000,cash,online shop
7544,SUN-45776,2024-02-28,Strawberry_Mojito_Mocktail,drinks,DRK-06,3,27000,81000,credit card,take away
7545,SUN-47632,2024-06-06,Hot_Americano,drinks,DRK-02,missing,22000,22000,credit card,online shop
7546,SUN-47810,2024-01-12,Nasi Goreng Kampung Premium,food,FOD-02,4,32000,128000,credit card,dine in
7547,SUN-41996,2024-07-27,nan,food,FOD-03,1,38000,38000,unknown,take away
7548,SUN-40294,2024-11-30,Butter Croissant,desserts,DST-01,1,45000,45000,cash,dine in
7549,SUN-45983,2024-06-12,Iced_Aren_Latte,drinks,DRK-01,3,25000,75000,cash,nan
7550,SUN-45125,2024-06-12,Creamy Spaghetti Carbonara,food,FOD-03,1,38000,38000,credit card,take away
7551,nan,2024-11-05,Hot_Americano,drinks,DRK-02,4,22000,88000,credit card,unknown
7552,SUN-43257,2024-11-02,Iced_Aren_Latte,error,DRK-01,2,25000,50000,missing,take away
7553,SUN-44284,2024-08-12,Mineral_Water,drinks,DRK-07,3,error,78000,cash,take away
7554,SUN-34875,2024-05-22,Lemonade_Espresso_Tonic,drinks,DRK-05,4,24000,96000,credit card,dine in
7555,SUN-31897,2024-12-06,Creamy Spaghetti Carbonara,food,FOD-03,3,unknown,114000,cash,dine in
7556,SUN-41181,2024-02-21,error,food,FOD-05,2,40000,80000,nan,online shop
7557,SUN-48907,2024-12-04,Butter Croissant,desserts,DST-01,4,45000,180000,digital wallet,online shop
7558,SUN-47692,2024-07-26,Lemonade_Espresso_Tonic,drinks,DRK-05,2,24000,48000,digital wallet,dine in
7559,SUN-46880,2024-07-15,Truffle Fries & Sausage,missing,FOD-01,4,10000,40000,digital wallet,online shop
7560,SUN-34526,2024-12-29,Matcha_Berry_Latte,drinks,DRK-03,4,28000,112000,error,online shop
7561,SUN-36674,2024-05-23,Fudgy Brownie With Ice Cream,nan,DST-02,1,18000,18000,credit card,take away
7562,SUN-46446,2024-02-03,error,drinks,DRK-01,3,25000,75000,unknown,online shop
7563,SUN-42969,2024-03-07,Nasi Goreng Kampung Premium,food,FOD-02,1,32000,32000,credit card,error
7564,SUN-43586,2024-02-14,Hot_Americano,drinks,DRK-02,2,22000,44000,credit card,dine in
7565,SUN-46130,2024-09-14,Earl_Grey_Milk_Tea,drinks,DRK-04,4,24000,nan,unknown,dine in
7566,SUN-48177,2024-01-30,Nasi Goreng Kampung Premium,food,FOD-02,2,32000,64000,cash,unknown
7567,SUN-40183,2024-08-18,missing,drinks,DRK-01,2,25000,50000,unknown,dine in
7568,SUN-44438,2024-12-18,error,food,FOD-04,3,42000,126000,credit card,unknown
7569,SUN-34651,2024-07-12,unknown,drinks,DRK-03,4,28000,error,cash,online shop
7570,SUN-31209,2024-01-21,Iced_Aren_Latte,drinks,DRK-01,4,25000,100000,credit card,dine in
7571,SUN-41314,2024-11-30,Truffle Fries & Sausage,food,FOD-01,1,10000,10000,digital wallet,take away
7572,SUN-31587,2024-11-28,Strawberry_Mojito_Mocktail,error,DRK-06,4,27000,108000,error,dine in
7573,SUN-34520,2024-05-27,Earl_Grey_Milk_Tea,drinks,DRK-04,4,24000,96000,credit card,take away
7574,SUN-46972,2024-10-24,Lemonade_Espresso_Tonic,drinks,missing,1,24000,24000,digital wallet,online shop
7575,SUN-42412,2024-07-02,Tiramisu Tres Leches,error,DST-05,2,22000,44000,digital wallet,dine in
7576,SUN-39995,2024-11-12,Truffle Fries & Sausage,food,FOD-01,2,10000,20000,credit card,dine in
7577,SUN-47006,2024-07-08,Strawberry_Mojito_Mocktail,drinks,DRK-06,1,error,27000,nan,online shop
7578,SUN-36342,2024-12-04,missing,food,nan,2,40000,missing,credit card,online shop
7579,SUN-35816,2024-04-25,Hot_Americano,drinks,DRK-02,4,22000,88000,digital wallet,take away
7580,SUN-45437,2024-01-23,Nasi Goreng Kampung Premium,food,FOD-02,2,32000,64000,digital wallet,dine in
7581,error,2024-06-11,Nasi Goreng Kampung Premium,food,FOD-02,1,32000,32000,digital wallet,take away
7582,SUN-44970,2024-05-19,Matcha_Berry_Latte,drinks,DRK-03,2,28000,56000,nan,online shop
7583,SUN-32512,2024-06-10,Matcha_Berry_Latte,missing,DRK-03,1,28000,28000,credit card,take away
7584,unknown,2024-11-20,Classic_Beef_Burger,food,FOD-05,3,40000,120000,cash,dine in
7585,SUN-30207,2024-07-21,nan,desserts,DST-03,4,25000,100000,digital wallet,take away
7586,SUN-49789,2024-02-11,Nasi Goreng Kampung Premium,error,nan,3,32000,96000,missing,error
7587,SUN-39535,2024-06-11,unknown,drinks,DRK-07,2,26000,52000,digital wallet,take away
7588,SUN-38641,2024-10-17,Strawberry_Mojito_Mocktail,drinks,DRK-06,4,27000,108000,cash,take away
7589,nan,2024-05-05,Grilled Chicken Mentai Rice,unknown,FOD-04,1,42000,42000,cash,take away
7590,SUN-47180,2024-10-06,nan,nan,unknown,2,22000,nan,credit card,online shop
7591,SUN-48658,2024-03-13,Iced_Aren_Latte,drinks,missing,unknown,25000,25000,credit card,take away
7592,SUN-37685,2024-10-03,Creamy Spaghetti Carbonara,nan,FOD-03,4,38000,152000,credit card,dine in
7593,SUN-32864,2024-11-09,Nasi Goreng Kampung Premium,food,FOD-02,2,unknown,64000,credit card,take away
7594,SUN-31750,2024-03-10,Truffle Fries & Sausage,food,FOD-01,1,10000,10000,digital wallet,take away
7595,missing,2024-07-07,Lemonade_Espresso_Tonic,drinks,DRK-05,1,unknown,24000,missing,nan
7596,SUN-41380,2024-01-23,Strawberry_Mojito_Mocktail,drinks,DRK-06,4,27000,108000,cash,dine in
7597,SUN-38697,2024-11-10,Butter Croissant,desserts,DST-01,2,45000,90000,credit card,online shop
7598,SUN-43466,2024-04-14,Hot_Americano,drinks,DRK-02,1,22000,22000,digital wallet,take away
7599,SUN-45455,2024-12-13,Tiramisu Tres Leches,desserts,DST-05,3,22000,66000,digital wallet,dine in
7600,SUN-40068,2024-10-01,Lemonade_Espresso_Tonic,drinks,DRK-05,1,24000,24000,nan,take away
7601,SUN-46951,2024-04-17,Nasi Goreng Kampung Premium,food,FOD-02,4,32000,128000,cash,online shop
7602,SUN-45027,2024-07-28,Matcha_Berry_Latte,nan,DRK-03,4,28000,112000,digital wallet,online shop
7603,SUN-47579,2024-08-07,Butter Croissant,desserts,DST-01,2,45000,90000,cash,dine in
7604,SUN-45821,2024-10-25,Mineral_Water,error,error,2,26000,52000,digital wallet,online shop
7605,SUN-33350,2024-12-12,Lemonade_Espresso_Tonic,drinks,missing,3,nan,72000,digital wallet,online shop
7606,SUN-38334,2024-05-27,Hot_Americano,drinks,missing,1,22000,22000,credit card,dine in
7607,SUN-36244,2024-03-15,Cinnamon Roll,desserts,DST-04,3,35000,nan,credit card,take away
7608,SUN-35521,2024-07-02,unknown,food,FOD-02,3,32000,96000,cash,take away
7609,SUN-47685,2024-04-06,error,drinks,DRK-06,4,27000,108000,cash,dine in
7610,SUN-46387,2024-08-04,Nasi Goreng Kampung Premium,food,FOD-02,1,32000,32000,digital wallet,error
7611,SUN-34176,2024-07-26,Matcha_Berry_Latte,drinks,error,2,28000,56000,digital wallet,missing
7612,SUN-40251,2024-05-17,Grilled Chicken Mentai Rice,error,FOD-04,1,42000,42000,digital wallet,take away
7613,nan,2024-02-04,Hot_Americano,drinks,DRK-02,4,22000,88000,credit card,online shop
7614,SUN-35443,2024-03-07,Truffle Fries & Sausage,food,error,4,10000,40000,digital wallet,missing
7615,SUN-38317,2024-02-04,Lemonade_Espresso_Tonic,drinks,DRK-05,2,24000,48000,cash,dine in
7616,SUN-45485,2024-04-29,Tiramisu Tres Leches,desserts,DST-05,1,22000,22000,missing,take away
7617,SUN-46926,2024-02-12,missing,food,FOD-02,3,32000,96000,credit card,online shop
7618,SUN-30190,2024-04-04,Lotus Biscoff Cheesecake,desserts,DST-03,2,25000,50000,credit card,online shop
7619,SUN-47127,2024-12-10,Hot_Americano,drinks,DRK-02,3,22000,66000,nan,take away
7620,SUN-47380,2024-06-04,Hot_Americano,drinks,DRK-02,missing,22000,22000,cash,take away
7621,SUN-37874,2024-12-03,Mineral_Water,drinks,DRK-07,2,26000,52000,digital wallet,take away
7622,SUN-39751,2024-03-10,Tiramisu Tres Leches,desserts,DST-05,2,22000,missing,cash,dine in
7623,SUN-33670,2024-12-20,Nasi Goreng Kampung Premium,food,FOD-02,4,32000,128000,digital wallet,take away
7624,SUN-39369,2024-12-24,Lotus Biscoff Cheesecake,nan,DST-03,1,25000,25000,cash,unknown
7625,SUN-38811,2024-05-30,Nasi Goreng Kampung Premium,food,FOD-02,2,32000,64000,cash,dine in
7626,SUN-30596,2024-11-04,Cinnamon Roll,unknown,DST-04,2,35000,70000,unknown,nan
7627,SUN-43995,2024-02-20,Hot_Americano,drinks,DRK-02,2,22000,44000,digital wallet,dine in
7628,SUN-34055,2024-02-02,Iced_Aren_Latte,drinks,DRK-01,4,25000,100000,cash,missing
7629,SUN-48741,2024-09-01,Mineral_Water,drinks,DRK-07,2,26000,52000,credit card,nan
7630,SUN-46520,2024-09-24,Matcha_Berry_Latte,drinks,DRK-03,2,28000,56000,digital wallet,online shop
7631,SUN-48302,2024-05-17,Classic_Beef_Burger,food,FOD-05,1,40000,40000,missing,online shop
7632,SUN-49097,2024-03-09,Iced_Aren_Latte,drinks,DRK-01,1,missing,25000,credit card,dine in
7633,SUN-45328,2024-06-13,Grilled Chicken Mentai Rice,food,FOD-04,3,42000,126000,error,error
7634,SUN-33295,2024-05-09,Earl_Grey_Milk_Tea,drinks,DRK-04,2,24000,48000,credit card,unknown
7635,SUN-36879,2024-02-18,Cinnamon Roll,desserts,DST-04,1,35000,35000,unknown,nan
7636,SUN-34123,2024-08-01,Grilled Chicken Mentai Rice,food,FOD-04,4,error,168000,nan,online shop
7637,SUN-35734,2024-02-17,Lemonade_Espresso_Tonic,drinks,DRK-05,4,24000,96000,nan,error
7638,SUN-45378,2024-05-10,Truffle Fries & Sausage,food,FOD-01,nan,10000,40000,nan,online shop
7639,SUN-45572,2024-02-29,Earl_Grey_Milk_Tea,unknown,DRK-04,2,24000,48000,cash,error
7640,error,2024-04-17,Iced_Aren_Latte,unknown,DRK-01,2,25000,50000,unknown,dine in
7641,nan,2024-11-18,Lemonade_Espresso_Tonic,unknown,DRK-05,4,24000,96000,credit card,unknown
7642,SUN-35553,2024-09-16,Earl_Grey_Milk_Tea,missing,missing,1,24000,24000,digital wallet,take away
7643,SUN-37479,2024-09-26,Fudgy Brownie With Ice Cream,desserts,DST-02,error,18000,missing,digital wallet,missing
7644,SUN-30587,2024-04-14,Lemonade_Espresso_Tonic,drinks,DRK-05,1,24000,24000,credit card,online shop
7645,SUN-48189,2024-09-05,Tiramisu Tres Leches,desserts,nan,3,22000,66000,credit card,online shop
7646,SUN-36149,2024-08-03,Lemonade_Espresso_Tonic,drinks,missing,1,24000,24000,digital wallet,take away
7647,SUN-45296,2024-06-14,Nasi Goreng Kampung Premium,food,FOD-02,3,32000,96000,credit card,unknown
7648,SUN-40591,2024-01-22,error,desserts,DST-05,4,22000,88000,cash,dine in
7649,unknown,2024-10-08,Truffle Fries & Sausage,food,FOD-01,3,missing,30000,cash,take away
7650,error,2024-04-04,Matcha_Berry_Latte,drinks,DRK-03,1,missing,28000,digital wallet,take away
7651,SUN-30334,2024-05-05,Classic_Beef_Burger,food,FOD-05,4,40000,missing,cash,unknown
7652,SUN-37657,2024-03-26,Grilled Chicken Mentai Rice,food,FOD-04,4,42000,168000,digital wallet,dine in
7653,SUN-44251,2024-02-15,Iced_Aren_Latte,drinks,DRK-01,1,25000,25000,cash,online shop
7654,SUN-33878,2024-05-22,Earl_Grey_Milk_Tea,drinks,DRK-04,4,24000,96000,credit card,dine in
7655,SUN-46416,2024-05-26,Creamy Spaghetti Carbonara,food,FOD-03,4,38000,152000,error,dine in
7656,SUN-42828,2024-08-29,Nasi Goreng Kampung Premium,food,FOD-02,nan,32000,128000,digital wallet,take away
7657,SUN-46547,2024-09-13,Strawberry_Mojito_Mocktail,drinks,DRK-06,2,27000,nan,cash,online shop
7658,SUN-33891,2024-03-17,Strawberry_Mojito_Mocktail,drinks,DRK-06,4,27000,108000,digital wallet,dine in
7659,SUN-38580,2024-09-08,Lotus Biscoff Cheesecake,desserts,DST-03,2,25000,50000,credit card,take away
7660,SUN-45079,2024-05-10,Butter Croissant,error,DST-01,1,45000,45000,cash,take away
7661,SUN-43348,2024-12-26,Lemonade_Espresso_Tonic,drinks,DRK-05,3,error,72000,missing,online shop
7662,SUN-45281,2024-09-25,Strawberry_Mojito_Mocktail,drinks,DRK-06,1,27000,unknown,cash,online shop
7663,SUN-31080,2024-08-14,Lemonade_Espresso_Tonic,drinks,DRK-05,2,24000,48000,digital wallet,online shop
7664,SUN-38351,2024-06-10,Lemonade_Espresso_Tonic,drinks,DRK-05,1,24000,24000,missing,dine in
7665,SUN-34376,2024-01-30,Matcha_Berry_Latte,drinks,DRK-03,1,28000,28000,credit card,online shop
7666,SUN-45954,2024-10-11,Nasi Goreng Kampung Premium,food,FOD-02,2,32000,64000,credit card,nan
7667,SUN-39500,2024-06-06,unknown,food,FOD-05,3,40000,120000,digital wallet,dine in
7668,nan,2024-05-25,Lemonade_Espresso_Tonic,drinks,DRK-05,3,24000,72000,unknown,online shop
7669,error,2024-11-08,Grilled Chicken Mentai Rice,food,FOD-04,4,42000,168000,unknown,online shop
7670,SUN-39573,2024-11-22,missing,desserts,DST-02,error,18000,54000,cash,missing
7671,SUN-30569,2024-11-15,Earl_Grey_Milk_Tea,nan,DRK-04,1,24000,24000,credit card,online shop
7672,SUN-34558,2024-10-28,Iced_Aren_Latte,drinks,nan,1,25000,25000,credit card,take away
7673,SUN-37773,2024-12-07,error,drinks,DRK-07,2,unknown,52000,digital wallet,online shop
7674,SUN-33435,2024-08-22,Matcha_Berry_Latte,drinks,DRK-03,2,28000,56000,digital wallet,take away
7675,SUN-31361,2024-02-19,Strawberry_Mojito_Mocktail,drinks,DRK-06,1,27000,27000,credit card,dine in
7676,SUN-33669,2024-10-02,Cinnamon Roll,desserts,DST-04,4,35000,140000,digital wallet,online shop
7677,SUN-40022,2024-09-07,Earl_Grey_Milk_Tea,drinks,DRK-04,3,24000,nan,credit card,online shop
7678,SUN-49543,2024-05-14,Strawberry_Mojito_Mocktail,drinks,DRK-06,1,27000,27000,credit card,take away
7679,SUN-37487,2024-08-03,Truffle Fries & Sausage,food,FOD-01,nan,10000,nan,digital wallet,take away
7680,SUN-39452,2024-09-23,Cinnamon Roll,missing,DST-04,unknown,35000,error,credit card,take away
7681,SUN-48509,2024-04-10,Hot_Americano,drinks,DRK-02,1,22000,22000,cash,online shop
7682,SUN-40477,error,Lemonade_Espresso_Tonic,drinks,DRK-05,3,24000,72000,credit card,online shop
7683,SUN-42757,2024-03-02,Nasi Goreng Kampung Premium,food,nan,4,32000,128000,cash,take away
7684,SUN-36647,2024-02-21,Classic_Beef_Burger,error,FOD-05,1,40000,missing,nan,take away
7685,SUN-36809,2024-02-23,Mineral_Water,nan,DRK-07,2,nan,52000,nan,online shop
7686,SUN-30183,2024-09-29,Cinnamon Roll,desserts,DST-04,2,35000,70000,digital wallet,take away
7687,SUN-43518,2024-07-04,nan,drinks,DRK-01,3,25000,75000,credit card,take away
7688,SUN-38086,2024-06-27,Butter Croissant,missing,DST-01,3,error,135000,cash,error
7689,SUN-39511,2024-10-21,Mineral_Water,error,DRK-07,1,26000,26000,cash,online shop
7690,SUN-44554,2024-05-26,Matcha_Berry_Latte,drinks,DRK-03,1,28000,28000,unknown,take away
7691,SUN-37061,2024-11-20,Nasi Goreng Kampung Premium,food,FOD-02,2,32000,64000,cash,online shop
7692,SUN-39677,2024-10-27,nan,desserts,DST-03,3,25000,75000,nan,dine in
7693,SUN-31608,2024-11-23,Grilled Chicken Mentai Rice,food,FOD-04,3,42000,126000,digital wallet,take away
7694,SUN-41025,2024-10-15,Strawberry_Mojito_Mocktail,drinks,DRK-06,3,27000,nan,digital wallet,dine in
7695,SUN-42120,2024-11-25,Truffle Fries & Sausage,error,FOD-01,unknown,10000,20000,digital wallet,take away
7696,SUN-44461,2024-05-02,Mineral_Water,unknown,DRK-07,2,26000,52000,cash,dine in
7697,SUN-49439,2024-03-23,Hot_Americano,drinks,DRK-02,3,22000,66000,error,error
7698,SUN-31400,2024-05-06,Strawberry_Mojito_Mocktail,drinks,DRK-06,2,27000,54000,credit card,online shop
7699,SUN-42073,2024-10-18,error,food,FOD-04,nan,42000,168000,credit card,online shop
7700,SUN-48266,2024-11-18,nan,food,missing,missing,42000,126000,digital wallet,take away
7701,SUN-31012,2024-12-31,Matcha_Berry_Latte,drinks,DRK-03,4,28000,112000,digital wallet,take away
7702,SUN-47606,2024-02-02,Butter Croissant,desserts,DST-01,2,45000,90000,credit card,take away
7703,SUN-34251,2024-05-07,Classic_Beef_Burger,food,FOD-05,3,40000,120000,credit card,unknown
7704,missing,2024-01-31,Lemonade_Espresso_Tonic,drinks,DRK-05,3,24000,72000,credit card,take away
7705,SUN-36736,2024-06-25,Earl_Grey_Milk_Tea,drinks,DRK-04,1,24000,24000,digital wallet,dine in
7706,SUN-45269,2024-07-06,Nasi Goreng Kampung Premium,food,FOD-02,4,32000,unknown,digital wallet,unknown
7707,SUN-46677,2024-03-30,Lemonade_Espresso_Tonic,missing,DRK-05,4,24000,96000,credit card,online shop
7708,SUN-34260,2024-12-06,Grilled Chicken Mentai Rice,food,FOD-04,3,42000,126000,error,dine in
7709,SUN-49729,2024-05-28,Earl_Grey_Milk_Tea,drinks,DRK-04,2,24000,48000,credit card,take away
7710,SUN-45622,2024-09-29,Grilled Chicken Mentai Rice,food,FOD-04,4,42000,168000,digital wallet,dine in
7711,SUN-39396,2024-08-18,Earl_Grey_Milk_Tea,drinks,DRK-04,3,24000,nan,cash,dine in
7712,SUN-40526,2024-06-12,Tiramisu Tres Leches,desserts,DST-05,2,22000,44000,digital wallet,dine in
7713,SUN-42117,2024-02-01,Butter Croissant,desserts,error,unknown,45000,135000,credit card,error
7714,SUN-42170,2024-05-14,missing,food,FOD-05,4,40000,160000,unknown,take away
7715,SUN-33986,2024-11-25,Cinnamon Roll,desserts,error,4,35000,140000,credit card,online shop
7716,SUN-41790,2024-05-13,Grilled Chicken Mentai Rice,food,FOD-04,3,42000,126000,digital wallet,dine in
7717,nan,2024-06-30,Lotus Biscoff Cheesecake,desserts,DST-03,3,25000,75000,nan,online shop
7718,nan,2024-10-04,Tiramisu Tres Leches,missing,DST-05,2,unknown,44000,cash,online shop
7719,error,2024-01-06,Matcha_Berry_Latte,drinks,DRK-03,1,28000,missing,cash,dine in
7720,SUN-35747,2024-10-10,Butter Croissant,desserts,DST-01,1,45000,45000,credit card,take away
7721,SUN-37462,2024-03-21,Mineral_Water,nan,DRK-07,2,26000,nan,digital wallet,online shop
7722,missing,2024-12-20,Strawberry_Mojito_Mocktail,drinks,missing,2,27000,54000,credit card,dine in
7723,unknown,2024-11-30,Strawberry_Mojito_Mocktail,drinks,DRK-06,3,27000,81000,digital wallet,online shop
7724,error,2024-03-29,Earl_Grey_Milk_Tea,drinks,DRK-04,2,24000,48000,digital wallet,take away
7725,SUN-31841,2024-11-02,Butter Croissant,desserts,nan,3,45000,135000,credit card,take away
7726,nan,2024-07-22,Nasi Goreng Kampung Premium,food,FOD-02,4,32000,missing,credit card,online shop
7727,SUN-39727,2024-12-09,Creamy Spaghetti Carbonara,food,FOD-03,1,38000,nan,cash,dine in
7728,SUN-41383,2024-01-16,Matcha_Berry_Latte,drinks,DRK-03,4,28000,112000,error,take away
7729,SUN-46686,2024-07-05,Mineral_Water,drinks,DRK-07,4,26000,104000,cash,take away
7730,SUN-32730,2024-11-05,Cinnamon Roll,desserts,DST-04,4,35000,140000,cash,take away
7731,SUN-33740,2024-09-17,Nasi Goreng Kampung Premium,food,error,3,32000,error,cash,take away
7732,SUN-41872,2024-03-05,Earl_Grey_Milk_Tea,drinks,DRK-04,2,24000,48000,cash,online shop
7733,SUN-30483,2024-03-17,Lemonade_Espresso_Tonic,drinks,DRK-05,3,24000,72000,cash,online shop
7734,SUN-33796,2024-02-10,Truffle Fries & Sausage,food,error,1,10000,10000,credit card,take away
7735,SUN-42302,2024-05-07,Truffle Fries & Sausage,food,FOD-01,unknown,10000,10000,cash,unknown
7736,SUN-34165,2024-01-21,error,food,FOD-04,3,42000,126000,cash,take away
7737,SUN-46802,2024-08-11,Creamy Spaghetti Carbonara,food,FOD-03,2,38000,nan,credit card,dine in
7738,SUN-44203,2024-08-29,Mineral_Water,drinks,DRK-07,3,26000,78000,nan,unknown
7739,SUN-39888,2024-12-01,nan,drinks,unknown,2,24000,48000,digital wallet,dine in
7740,SUN-46225,2024-04-16,Strawberry_Mojito_Mocktail,drinks,DRK-06,unknown,27000,81000,unknown,online shop
7741,unknown,2024-04-25,Hot_Americano,drinks,DRK-02,2,22000,44000,missing,online shop
7742,SUN-32151,2024-08-02,Cinnamon Roll,unknown,DST-04,4,35000,140000,credit card,online shop
7743,SUN-33257,2024-02-02,nan,nan,DRK-04,2,unknown,48000,credit card,dine in
7744,SUN-32257,2024-01-28,Strawberry_Mojito_Mocktail,drinks,DRK-06,2,27000,54000,cash,online shop
7745,SUN-36116,2024-04-12,Creamy Spaghetti Carbonara,food,FOD-03,3,38000,nan,cash,take away
7746,SUN-32084,2024-11-02,Creamy Spaghetti Carbonara,food,FOD-03,2,38000,76000,credit card,dine in
7747,SUN-32442,2024-02-03,Mineral_Water,drinks,DRK-07,2,26000,52000,digital wallet,online shop
7748,SUN-31741,2024-11-13,Nasi Goreng Kampung Premium,food,FOD-02,error,32000,64000,digital wallet,dine in
7749,SUN-45149,2024-09-10,Fudgy Brownie With Ice Cream,desserts,DST-02,4,18000,72000,credit card,take away
7750,SUN-45047,2024-07-29,Mineral_Water,error,DRK-07,1,26000,26000,cash,online shop
7751,SUN-38201,2024-01-23,Matcha_Berry_Latte,drinks,DRK-03,4,28000,unknown,digital wallet,dine in
7752,SUN-31750,2024-01-25,Cinnamon Roll,desserts,DST-04,2,35000,70000,digital wallet,dine in
7753,SUN-30811,2024-07-18,nan,desserts,DST-04,4,35000,140000,credit card,dine in
7754,SUN-48074,2024-07-04,error,desserts,DST-01,3,unknown,135000,digital wallet,nan
7755,nan,2024-06-21,Tiramisu Tres Leches,desserts,DST-05,3,22000,66000,cash,take away
7756,SUN-42239,2024-12-09,missing,drinks,DRK-07,missing,26000,52000,digital wallet,take away
7757,SUN-38607,2024-10-11,Grilled Chicken Mentai Rice,food,FOD-04,2,42000,unknown,credit card,dine in
7758,SUN-37444,2024-03-24,Butter Croissant,desserts,DST-01,1,45000,45000,digital wallet,take away
7759,SUN-42408,2024-04-17,Creamy Spaghetti Carbonara,food,FOD-03,2,38000,76000,cash,dine in
7760,SUN-41815,2024-04-14,Truffle Fries & Sausage,food,FOD-01,4,10000,40000,credit card,take away
7761,SUN-47335,2024-06-06,Strawberry_Mojito_Mocktail,drinks,missing,1,nan,27000,digital wallet,missing
7762,SUN-32923,2024-05-11,unknown,drinks,DRK-06,3,error,81000,cash,take away
7763,SUN-31379,2024-08-30,Lemonade_Espresso_Tonic,drinks,DRK-05,3,24000,72000,digital wallet,dine in
7764,SUN-31540,2024-11-27,Mineral_Water,drinks,unknown,4,26000,104000,cash,take away
7765,nan,2024-10-29,Lemonade_Espresso_Tonic,drinks,DRK-05,2,24000,48000,cash,online shop
7766,SUN-42137,2024-12-01,Tiramisu Tres Leches,desserts,DST-05,4,22000,88000,cash,dine in
7767,SUN-38930,2024-03-30,Classic_Beef_Burger,error,FOD-05,1,missing,40000,nan,online shop
7768,SUN-39712,2024-10-07,unknown,food,FOD-04,3,42000,missing,digital wallet,take away
7769,SUN-45223,2024-12-18,Hot_Americano,drinks,DRK-02,4,22000,88000,cash,take away
7770,SUN-30828,2024-07-31,missing,nan,DST-02,3,18000,missing,digital wallet,dine in
7771,SUN-36040,2024-06-21,Hot_Americano,drinks,DRK-02,1,22000,22000,credit card,dine in
7772,SUN-39990,2024-07-17,Tiramisu Tres Leches,desserts,DST-05,2,22000,unknown,credit card,online shop
7773,error,2024-09-27,Mineral_Water,error,DRK-07,1,26000,26000,credit card,dine in
7774,SUN-38907,2024-02-18,Cinnamon Roll,desserts,DST-04,3,35000,105000,error,online shop
7775,SUN-46199,2024-07-01,Mineral_Water,drinks,DRK-07,3,26000,unknown,cash,dine in
7776,unknown,2024-11-01,Earl_Grey_Milk_Tea,drinks,DRK-04,1,24000,24000,digital wallet,take away
7777,SUN-43475,2024-04-26,Strawberry_Mojito_Mocktail,drinks,DRK-06,4,27000,108000,digital wallet,online shop
7778,SUN-34699,2024-06-14,Creamy Spaghetti Carbonara,food,FOD-03,2,38000,76000,credit card,online shop
7779,SUN-42788,2024-07-25,unknown,desserts,DST-01,4,45000,180000,cash,take away
7780,SUN-32172,2024-07-16,Tiramisu Tres Leches,desserts,DST-05,unknown,22000,88000,digital wallet,take away
7781,SUN-36889,2024-08-17,Lemonade_Espresso_Tonic,drinks,DRK-05,3,24000,72000,cash,dine in
7782,SUN-47604,2024-03-03,Lotus Biscoff Cheesecake,desserts,DST-03,2,25000,50000,credit card,nan
7783,SUN-39318,2024-12-19,Hot_Americano,drinks,missing,1,22000,22000,cash,online shop
7784,SUN-35665,2024-07-16,nan,drinks,DRK-06,1,27000,27000,digital wallet,online shop
7785,SUN-43342,2024-06-27,Grilled Chicken Mentai Rice,food,FOD-04,3,42000,126000,digital wallet,take away
7786,SUN-31402,2024-04-18,Iced_Aren_Latte,drinks,DRK-01,1,25000,25000,cash,take away
7787,SUN-47411,2024-11-05,error,drinks,DRK-07,4,26000,missing,credit card,dine in
7788,SUN-41256,2024-09-30,Creamy Spaghetti Carbonara,food,FOD-03,3,38000,114000,digital wallet,online shop
7789,SUN-32194,2024-12-28,Cinnamon Roll,nan,DST-04,error,35000,70000,credit card,nan
7790,SUN-43249,2024-03-14,Mineral_Water,drinks,DRK-07,4,26000,104000,digital wallet,dine in
7791,SUN-37170,2024-10-16,Butter Croissant,desserts,DST-01,nan,45000,90000,cash,online shop
7792,SUN-31429,2024-02-24,Creamy Spaghetti Carbonara,food,FOD-03,3,38000,114000,credit card,online shop
7793,SUN-33741,2024-04-29,Hot_Americano,missing,DRK-02,3,22000,66000,digital wallet,dine in
7794,SUN-30537,2024-05-18,Matcha_Berry_Latte,error,DRK-03,4,28000,error,nan,online shop
7795,SUN-48437,2024-05-22,Classic_Beef_Burger,food,nan,3,40000,120000,missing,dine in
7796,SUN-30620,2024-09-03,unknown,drinks,DRK-05,2,24000,48000,nan,online shop
7797,SUN-47230,2024-11-17,Strawberry_Mojito_Mocktail,drinks,DRK-06,2,27000,unknown,cash,online shop
7798,SUN-49261,2024-01-04,unknown,food,FOD-03,1,38000,38000,credit card,dine in
7799,SUN-33739,2024-01-10,Lotus Biscoff Cheesecake,desserts,DST-03,4,25000,missing,unknown,take away
7800,SUN-35254,2024-01-25,Lotus Biscoff Cheesecake,error,DST-03,4,25000,100000,credit card,online shop
7801,SUN-43363,2024-06-15,missing,food,FOD-02,4,32000,missing,credit card,take away
7802,SUN-47571,2024-08-18,Butter Croissant,desserts,DST-01,4,45000,180000,cash,take away
7803,SUN-33348,2024-12-01,Iced_Aren_Latte,drinks,DRK-01,1,25000,unknown,error,dine in
7804,SUN-42760,2024-10-06,Strawberry_Mojito_Mocktail,drinks,DRK-06,4,27000,108000,digital wallet,online shop
7805,SUN-33990,2024-01-15,Classic_Beef_Burger,food,FOD-05,1,40000,40000,digital wallet,dine in
7806,SUN-39597,2024-11-22,nan,food,FOD-04,3,42000,126000,error,online shop
7807,missing,2024-08-19,Cinnamon Roll,desserts,DST-04,3,35000,105000,error,dine in
7808,SUN-42093,2024-10-23,Grilled Chicken Mentai Rice,food,FOD-04,4,42000,168000,missing,online shop
7809,SUN-42716,2024-06-27,Tiramisu Tres Leches,desserts,DST-05,1,22000,nan,cash,take away
7810,SUN-32895,2024-11-29,Cinnamon Roll,desserts,DST-04,3,35000,105000,unknown,online shop
7811,SUN-30255,2024-06-06,Nasi Goreng Kampung Premium,food,FOD-02,1,32000,32000,nan,online shop
7812,SUN-35047,2024-02-23,Matcha_Berry_Latte,drinks,DRK-03,3,28000,84000,digital wallet,online shop
7813,SUN-46319,2024-09-30,Iced_Aren_Latte,drinks,DRK-01,4,25000,nan,cash,online shop
7814,SUN-44546,2024-09-18,unknown,drinks,DRK-04,1,24000,missing,credit card,online shop
7815,SUN-37183,2024-10-22,Iced_Aren_Latte,drinks,missing,4,25000,100000,digital wallet,dine in
7816,SUN-46771,2024-02-07,Mineral_Water,drinks,DRK-07,1,26000,26000,digital wallet,dine in
7817,SUN-31925,2024-08-31,Mineral_Water,unknown,DRK-07,4,error,104000,cash,dine in
7818,SUN-32958,2024-11-14,Earl_Grey_Milk_Tea,drinks,DRK-04,1,24000,24000,missing,online shop
7819,SUN-47082,2024-01-30,Matcha_Berry_Latte,drinks,DRK-03,1,28000,28000,credit card,online shop
7820,SUN-48280,2024-05-18,Truffle Fries & Sausage,food,FOD-01,1,10000,unknown,credit card,online shop
7821,SUN-42168,2024-11-02,Creamy Spaghetti Carbonara,food,FOD-03,4,38000,152000,missing,take away
7822,nan,2024-12-17,Lotus Biscoff Cheesecake,desserts,DST-03,2,25000,50000,credit card,take away
7823,SUN-31987,2024-11-01,error,desserts,DST-02,3,18000,54000,error,dine in
7824,SUN-47396,2024-11-20,Butter Croissant,desserts,DST-01,1,nan,45000,unknown,take away
7825,SUN-32551,2024-07-01,Fudgy Brownie With Ice Cream,desserts,DST-02,4,18000,unknown,unknown,take away
7826,SUN-36129,2024-04-17,Mineral_Water,drinks,DRK-07,3,unknown,78000,digital wallet,online shop
7827,SUN-46181,2024-11-01,missing,desserts,DST-02,2,nan,36000,digital wallet,online shop
7828,SUN-39242,2024-10-21,Earl_Grey_Milk_Tea,drinks,DRK-04,2,24000,48000,credit card,take away
7829,SUN-46471,2024-03-12,missing,desserts,DST-03,4,25000,100000,credit card,online shop
7830,SUN-38692,2024-04-12,Creamy Spaghetti Carbonara,food,FOD-03,3,38000,114000,digital wallet,take away
7831,SUN-45379,2024-06-10,Tiramisu Tres Leches,desserts,DST-05,1,22000,nan,cash,missing
7832,SUN-34092,2024-12-04,Fudgy Brownie With Ice Cream,desserts,error,3,18000,54000,credit card,dine in
7833,SUN-31998,2024-06-29,Cinnamon Roll,desserts,DST-04,1,35000,35000,cash,dine in
7834,SUN-32217,2024-11-28,Cinnamon Roll,desserts,DST-04,3,unknown,nan,credit card,take away
7835,SUN-33801,2024-05-19,Hot_Americano,drinks,DRK-02,unknown,22000,88000,digital wallet,online shop
7836,SUN-36925,2024-12-17,Lemonade_Espresso_Tonic,drinks,DRK-05,2,error,error,credit card,take away
7837,SUN-31984,2024-09-19,Truffle Fries & Sausage,food,FOD-01,3,10000,nan,digital wallet,dine in
7838,missing,2024-06-11,nan,desserts,DST-01,4,45000,180000,credit card,dine in
7839,SUN-35988,2024-12-20,Nasi Goreng Kampung Premium,food,FOD-02,1,32000,32000,credit card,take away
7840,SUN-32967,2024-01-15,Iced_Aren_Latte,drinks,DRK-01,3,25000,75000,cash,unknown
7841,SUN-42471,2024-02-24,Nasi Goreng Kampung Premium,food,FOD-02,3,32000,96000,digital wallet,online shop
7842,SUN-46350,2024-03-11,Lemonade_Espresso_Tonic,drinks,DRK-05,1,24000,24000,error,take away
7843,SUN-34293,nan,unknown,desserts,DST-03,2,25000,50000,cash,dine in
7844,SUN-43422,2024-07-07,Grilled Chicken Mentai Rice,food,FOD-04,unknown,42000,168000,cash,online shop
7845,SUN-31498,2024-08-12,Strawberry_Mojito_Mocktail,drinks,DRK-06,3,27000,81000,digital wallet,nan
7846,SUN-30730,2024-07-20,Earl_Grey_Milk_Tea,drinks,DRK-04,4,24000,96000,credit card,dine in
7847,SUN-45405,2024-01-24,Lemonade_Espresso_Tonic,drinks,DRK-05,2,24000,48000,digital wallet,dine in
7848,SUN-45555,2024-09-14,Tiramisu Tres Leches,desserts,DST-05,error,22000,nan,cash,online shop
7849,SUN-40066,2024-11-03,Hot_Americano,drinks,DRK-02,1,22000,22000,credit card,online shop
7850,SUN-30079,2024-11-02,Hot_Americano,drinks,DRK-02,4,22000,88000,cash,missing
7851,SUN-46721,2024-02-11,Lemonade_Espresso_Tonic,drinks,DRK-05,1,24000,24000,credit card,dine in
7852,unknown,2024-02-03,missing,desserts,DST-02,3,18000,54000,cash,dine in
7853,unknown,2024-02-16,Truffle Fries & Sausage,missing,FOD-01,4,10000,40000,digital wallet,missing
7854,unknown,2024-04-10,Earl_Grey_Milk_Tea,drinks,DRK-04,nan,24000,48000,cash,take away
7855,SUN-30151,2024-02-12,Classic_Beef_Burger,food,FOD-05,4,40000,160000,cash,dine in
7856,SUN-34603,2024-04-07,Grilled Chicken Mentai Rice,food,FOD-04,1,42000,42000,credit card,take away
7857,SUN-48355,2024-03-17,Strawberry_Mojito_Mocktail,drinks,DRK-06,2,27000,54000,cash,take away
7858,SUN-48173,2024-01-11,Strawberry_Mojito_Mocktail,drinks,DRK-06,3,27000,81000,credit card,nan
7859,SUN-41769,2024-11-24,Lemonade_Espresso_Tonic,drinks,DRK-05,1,24000,nan,credit card,take away
7860,SUN-36138,2024-03-07,Matcha_Berry_Latte,drinks,DRK-03,4,28000,nan,credit card,online shop
7861,SUN-46577,2024-04-20,Iced_Aren_Latte,drinks,DRK-01,1,25000,25000,digital wallet,take away
7862,SUN-32793,2024-09-02,Grilled Chicken Mentai Rice,food,FOD-04,2,42000,84000,unknown,dine in
7863,SUN-34841,2024-05-25,Iced_Aren_Latte,drinks,unknown,4,25000,100000,digital wallet,dine in
7864,SUN-48159,2024-11-04,Creamy Spaghetti Carbonara,food,FOD-03,4,38000,missing,credit card,missing
7865,SUN-31689,2024-07-04,unknown,drinks,DRK-01,3,missing,unknown,credit card,online shop
7866,SUN-46108,2024-09-08,Lemonade_Espresso_Tonic,drinks,DRK-05,4,24000,96000,cash,dine in
7867,SUN-46780,2024-11-04,Classic_Beef_Burger,food,FOD-05,1,40000,40000,cash,take away
7868,SUN-39150,2024-02-29,Iced_Aren_Latte,drinks,DRK-01,2,25000,nan,digital wallet,online shop
7869,SUN-31420,2024-12-12,Creamy Spaghetti Carbonara,food,FOD-03,3,38000,114000,nan,online shop
7870,SUN-40540,2024-01-16,Tiramisu Tres Leches,desserts,DST-05,2,22000,44000,cash,take away
7871,SUN-36110,2024-05-19,error,desserts,error,4,25000,100000,credit card,take away
7872,SUN-30340,2024-01-21,Butter Croissant,desserts,DST-01,4,45000,180000,credit card,online shop
7873,SUN-37528,2024-04-19,Tiramisu Tres Leches,desserts,DST-05,nan,22000,44000,credit card,error
7874,unknown,2024-02-10,Truffle Fries & Sausage,food,FOD-01,2,10000,20000,cash,nan
7875,SUN-35285,2024-03-06,Matcha_Berry_Latte,drinks,DRK-03,4,28000,112000,cash,online shop
7876,SUN-34311,2024-11-28,Fudgy Brownie With Ice Cream,desserts,DST-02,1,18000,18000,cash,dine in
7877,missing,2024-03-23,Hot_Americano,drinks,DRK-02,error,22000,22000,digital wallet,unknown
7878,SUN-41137,2024-05-21,error,desserts,DST-01,2,45000,90000,cash,dine in
7879,SUN-42435,2024-08-21,Butter Croissant,desserts,DST-01,1,45000,45000,cash,dine in
7880,SUN-33390,2024-05-16,Mineral_Water,drinks,DRK-07,3,26000,78000,nan,nan
7881,SUN-32462,2024-05-27,Butter Croissant,desserts,DST-01,3,45000,135000,digital wallet,take away
7882,SUN-45545,2024-10-30,Grilled Chicken Mentai Rice,food,FOD-04,1,42000,42000,credit card,nan
7883,SUN-48246,2024-10-31,Mineral_Water,drinks,DRK-07,2,error,52000,cash,take away
7884,SUN-30929,2024-07-03,Classic_Beef_Burger,food,FOD-05,2,40000,80000,error,take away
7885,SUN-43981,2024-06-04,Lotus Biscoff Cheesecake,unknown,DST-03,2,25000,error,credit card,online shop
7886,SUN-32416,2024-08-31,Matcha_Berry_Latte,drinks,DRK-03,3,28000,84000,cash,dine in
7887,SUN-31624,2024-11-27,Strawberry_Mojito_Mocktail,drinks,DRK-06,3,27000,81000,digital wallet,dine in
7888,SUN-30448,2024-01-24,Lotus Biscoff Cheesecake,desserts,DST-03,2,25000,50000,credit card,online shop
7889,SUN-35696,2024-08-21,error,drinks,DRK-01,4,25000,unknown,cash,dine in
7890,missing,2024-12-30,Mineral_Water,drinks,DRK-07,3,nan,78000,digital wallet,online shop
7891,SUN-40462,2024-09-01,Nasi Goreng Kampung Premium,food,FOD-02,4,32000,128000,error,take away
7892,SUN-37324,2024-08-30,Cinnamon Roll,desserts,DST-04,3,35000,105000,digital wallet,take away
7893,SUN-45118,2024-05-10,Tiramisu Tres Leches,desserts,DST-05,3,22000,66000,digital wallet,nan
7894,SUN-31035,2024-10-19,nan,desserts,DST-01,4,45000,error,cash,online shop
7895,unknown,2024-11-01,unknown,food,FOD-05,2,40000,80000,cash,missing
7896,SUN-40103,2024-08-24,Grilled Chicken Mentai Rice,food,FOD-04,3,42000,unknown,digital wallet,unknown
7897,SUN-47731,2024-10-28,Classic_Beef_Burger,food,FOD-05,error,40000,missing,cash,nan
7898,SUN-42577,2024-08-12,Hot_Americano,drinks,DRK-02,missing,22000,66000,error,take away
7899,error,2024-12-29,Strawberry_Mojito_Mocktail,drinks,DRK-06,1,27000,27000,credit card,take away
7900,SUN-35394,2024-01-21,error,drinks,DRK-06,2,27000,54000,cash,unknown
7901,SUN-48077,2024-12-12,Classic_Beef_Burger,food,FOD-05,4,40000,160000,cash,dine in
7902,SUN-34828,2024-01-07,Cinnamon Roll,desserts,DST-04,2,nan,70000,error,take away
7903,SUN-31505,2024-08-14,unknown,drinks,DRK-06,nan,27000,81000,error,dine in
7904,SUN-35120,2024-11-25,Lotus Biscoff Cheesecake,desserts,DST-03,3,25000,75000,cash,take away
7905,SUN-44790,2024-09-07,nan,drinks,DRK-01,3,25000,75000,credit card,take away
7906,SUN-38086,2024-06-10,error,drinks,DRK-07,2,26000,52000,digital wallet,take away
7907,SUN-35109,2024-02-01,Mineral_Water,drinks,DRK-07,1,26000,26000,cash,online shop
7908,unknown,2024-01-08,Cinnamon Roll,desserts,DST-04,4,35000,nan,cash,dine in
7909,SUN-38095,2024-03-19,Matcha_Berry_Latte,drinks,DRK-03,4,28000,112000,digital wallet,dine in
7910,SUN-31996,2024-11-28,Grilled Chicken Mentai Rice,food,FOD-04,1,42000,42000,cash,dine in
7911,SUN-42617,2024-11-16,Cinnamon Roll,desserts,DST-04,1,35000,35000,digital wallet,online shop
7912,SUN-33266,2024-06-29,Butter Croissant,desserts,DST-01,3,unknown,135000,cash,dine in
7913,SUN-38895,2024-10-20,Grilled Chicken Mentai Rice,food,FOD-04,3,42000,126000,digital wallet,missing
7914,SUN-34712,2024-10-31,Butter Croissant,desserts,DST-01,error,45000,90000,cash,take away
7915,SUN-40684,2024-10-15,Creamy Spaghetti Carbonara,food,FOD-03,4,unknown,152000,credit card,online shop
7916,SUN-48337,2024-04-20,Matcha_Berry_Latte,drinks,DRK-03,1,28000,missing,digital wallet,online shop
7917,SUN-44246,2024-02-05,Creamy Spaghetti Carbonara,food,FOD-03,2,38000,76000,digital wallet,online shop
7918,SUN-40580,2024-02-08,Earl_Grey_Milk_Tea,drinks,DRK-04,4,24000,96000,digital wallet,online shop
7919,SUN-33981,2024-07-12,missing,error,unknown,2,32000,64000,digital wallet,dine in
7920,SUN-41297,2024-01-30,error,desserts,DST-01,1,45000,45000,cash,take away
7921,SUN-49658,2024-12-19,Earl_Grey_Milk_Tea,drinks,DRK-04,4,24000,unknown,credit card,nan
7922,SUN-33410,2024-08-12,Cinnamon Roll,desserts,DST-04,4,35000,140000,error,online shop
7923,SUN-46081,2024-11-16,Lotus Biscoff Cheesecake,unknown,DST-03,2,25000,50000,cash,take away
7924,SUN-31522,2024-10-22,Creamy Spaghetti Carbonara,food,FOD-03,1,38000,38000,digital wallet,dine in
7925,SUN-48106,2024-12-30,Nasi Goreng Kampung Premium,food,FOD-02,2,32000,64000,digital wallet,dine in
7926,SUN-31277,2024-05-13,Mineral_Water,unknown,DRK-07,4,26000,error,digital wallet,online shop
7927,SUN-33753,2024-08-23,Lotus Biscoff Cheesecake,desserts,DST-03,2,25000,50000,cash,dine in
7928,nan,2024-07-18,Cinnamon Roll,desserts,DST-04,3,35000,unknown,cash,take away
7929,SUN-40754,2024-09-26,Lemonade_Espresso_Tonic,drinks,nan,2,24000,48000,cash,take away
7930,SUN-31964,2024-08-23,Butter Croissant,desserts,DST-01,3,45000,135000,nan,online shop
7931,SUN-41076,2024-02-14,Lemonade_Espresso_Tonic,drinks,missing,2,24000,48000,missing,nan
7932,SUN-37362,2024-12-19,Earl_Grey_Milk_Tea,drinks,DRK-04,4,nan,96000,cash,take away
7933,SUN-38616,2024-05-29,Cinnamon Roll,desserts,DST-04,4,35000,140000,cash,dine in
7934,SUN-35422,2024-01-03,Butter Croissant,desserts,DST-01,1,45000,45000,digital wallet,dine in
7935,SUN-40932,2024-10-14,Hot_Americano,error,unknown,4,22000,88000,digital wallet,online shop
7936,SUN-32396,2024-10-28,Tiramisu Tres Leches,desserts,DST-05,1,22000,nan,credit card,dine in
7937,SUN-44339,2024-04-01,nan,drinks,DRK-04,unknown,24000,24000,digital wallet,take away
7938,SUN-30235,2024-09-24,Iced_Aren_Latte,missing,DRK-01,4,25000,100000,digital wallet,take away
7939,SUN-44320,2024-06-04,Lotus Biscoff Cheesecake,desserts,DST-03,3,25000,75000,credit card,missing
7940,SUN-40180,2024-09-13,Creamy Spaghetti Carbonara,food,FOD-03,4,38000,152000,credit card,take away
7941,SUN-35746,2024-01-31,Nasi Goreng Kampung Premium,food,FOD-02,1,32000,error,cash,dine in
7942,SUN-45312,2024-09-20,Tiramisu Tres Leches,desserts,error,4,22000,88000,digital wallet,take away
7943,SUN-30727,2024-06-06,Grilled Chicken Mentai Rice,food,nan,1,42000,error,unknown,take away
7944,SUN-37846,2024-08-28,Butter Croissant,desserts,DST-01,1,45000,45000,nan,nan
7945,SUN-34523,2024-04-05,Fudgy Brownie With Ice Cream,desserts,DST-02,3,nan,nan,cash,online shop
7946,SUN-30557,2024-12-14,Classic_Beef_Burger,food,FOD-05,2,40000,80000,cash,dine in
7947,SUN-30210,2024-09-03,nan,desserts,DST-03,3,25000,75000,credit card,online shop
7948,SUN-32737,2024-03-04,Strawberry_Mojito_Mocktail,drinks,DRK-06,1,27000,27000,credit card,error
7949,SUN-33365,2024-12-03,Strawberry_Mojito_Mocktail,drinks,DRK-06,1,27000,27000,digital wallet,online shop
7950,SUN-33576,2024-10-25,Grilled Chicken Mentai Rice,food,FOD-04,4,42000,168000,digital wallet,take away
7951,SUN-31650,2024-10-08,Truffle Fries & Sausage,food,error,2,10000,missing,credit card,dine in
7952,nan,2024-12-09,Cinnamon Roll,desserts,DST-04,4,35000,nan,digital wallet,error
7953,SUN-46151,2024-07-05,Hot_Americano,missing,DRK-02,2,22000,44000,cash,online shop
7954,SUN-46043,2024-08-20,Earl_Grey_Milk_Tea,drinks,DRK-04,2,24000,48000,cash,take away
7955,SUN-43691,2024-08-20,missing,drinks,DRK-04,3,24000,72000,credit card,online shop
7956,SUN-43415,2024-09-20,Fudgy Brownie With Ice Cream,desserts,DST-02,4,18000,72000,cash,take away
7957,SUN-31961,2024-06-29,Mineral_Water,drinks,DRK-07,2,26000,52000,credit card,take away
7958,SUN-31643,2024-09-25,Butter Croissant,desserts,DST-01,1,missing,45000,cash,take away
7959,SUN-34998,2024-06-13,Iced_Aren_Latte,drinks,DRK-01,2,25000,50000,digital wallet,online shop
7960,error,2024-08-28,Classic_Beef_Burger,food,FOD-05,4,40000,160000,credit card,missing
7961,SUN-32118,2024-12-08,Hot_Americano,drinks,DRK-02,4,22000,88000,credit card,online shop
7962,SUN-47693,2024-06-06,missing,drinks,error,1,nan,26000,credit card,online shop
7963,SUN-40384,2024-07-07,Tiramisu Tres Leches,desserts,DST-05,3,22000,66000,credit card,take away
7964,SUN-31903,2024-06-03,Nasi Goreng Kampung Premium,food,FOD-02,4,32000,128000,missing,unknown
7965,SUN-46369,2024-06-08,error,food,FOD-02,1,32000,32000,missing,take away
7966,SUN-35556,2024-08-23,Lotus Biscoff Cheesecake,desserts,DST-03,3,25000,75000,cash,error
7967,SUN-31702,2024-01-18,Lotus Biscoff Cheesecake,desserts,DST-03,3,25000,75000,digital wallet,dine in
7968,SUN-39580,2024-10-20,Matcha_Berry_Latte,drinks,DRK-03,missing,28000,28000,credit card,dine in
7969,SUN-34153,2024-03-27,Matcha_Berry_Latte,drinks,DRK-03,1,28000,28000,cash,dine in
7970,SUN-40599,2024-03-28,Truffle Fries & Sausage,nan,FOD-01,unknown,10000,40000,digital wallet,unknown
7971,SUN-46951,2024-11-04,Lotus Biscoff Cheesecake,desserts,DST-03,2,25000,50000,cash,online shop
7972,SUN-36632,2024-05-29,Nasi Goreng Kampung Premium,food,FOD-02,2,32000,missing,digital wallet,online shop
7973,SUN-31335,2024-01-24,error,food,FOD-03,3,unknown,114000,credit card,take away
7974,SUN-42473,2024-04-16,Strawberry_Mojito_Mocktail,drinks,DRK-06,4,27000,108000,cash,take away
7975,SUN-47332,2024-03-15,Cinnamon Roll,desserts,error,4,35000,140000,cash,take away
7976,SUN-44684,2024-08-03,Nasi Goreng Kampung Premium,unknown,FOD-02,1,32000,32000,credit card,dine in
7977,SUN-42850,2024-11-15,Butter Croissant,desserts,DST-01,2,45000,90000,cash,take away
7978,SUN-33307,2024-10-11,Matcha_Berry_Latte,drinks,DRK-03,4,28000,112000,cash,dine in
7979,SUN-36509,2024-11-20,nan,desserts,DST-04,3,35000,105000,cash,online shop
7980,SUN-32990,2024-11-28,Hot_Americano,drinks,DRK-02,2,nan,nan,missing,take away
7981,SUN-33132,2024-06-17,Butter Croissant,desserts,DST-01,1,45000,45000,credit card,take away
7982,SUN-33733,2024-01-31,Tiramisu Tres Leches,desserts,DST-05,1,missing,22000,digital wallet,dine in
7983,SUN-41950,2024-09-01,Classic_Beef_Burger,food,FOD-05,4,40000,160000,cash,take away
7984,SUN-49671,2024-12-02,Classic_Beef_Burger,food,FOD-05,3,40000,nan,credit card,take away
7985,SUN-36016,2024-03-20,Hot_Americano,drinks,DRK-02,1,22000,unknown,cash,online shop
7986,SUN-33034,2024-01-05,unknown,drinks,DRK-02,4,22000,88000,missing,dine in
7987,SUN-37521,2024-07-19,Cinnamon Roll,desserts,DST-04,2,35000,70000,credit card,dine in
7988,SUN-35756,2024-05-12,Hot_Americano,drinks,DRK-02,2,22000,44000,cash,dine in
7989,SUN-45021,2024-06-22,Grilled Chicken Mentai Rice,food,FOD-04,2,42000,84000,error,online shop
7990,SUN-45023,2024-05-28,Fudgy Brownie With Ice Cream,desserts,DST-02,missing,18000,54000,cash,take away
7991,nan,2024-09-17,Creamy Spaghetti Carbonara,food,FOD-03,3,38000,114000,error,take away
7992,SUN-46452,2024-07-23,missing,desserts,DST-04,3,35000,nan,digital wallet,dine in
7993,SUN-49967,2024-10-18,Grilled Chicken Mentai Rice,food,FOD-04,2,42000,84000,credit card,unknown
7994,SUN-47760,2024-10-04,Grilled Chicken Mentai Rice,food,FOD-04,2,42000,error,cash,dine in
7995,SUN-49787,2024-03-17,Creamy Spaghetti Carbonara,food,FOD-03,2,38000,76000,cash,unknown
7996,SUN-46911,2024-05-27,Lotus Biscoff Cheesecake,desserts,DST-03,2,25000,50000,digital wallet,online shop
7997,SUN-49438,2024-12-12,Lotus Biscoff Cheesecake,desserts,DST-03,2,25000,50000,cash,take away
7998,SUN-47941,2024-05-15,Fudgy Brownie With Ice Cream,desserts,DST-02,4,18000,72000,cash,dine in
7999,SUN-30057,2024-10-14,Iced_Aren_Latte,unknown,DRK-01,3,25000,75000,cash,dine in
8000,SUN-32258,2024-03-26,Truffle Fries & Sausage,food,FOD-01,4,10000,40000,credit card,online shop
8001,SUN-39132,unknown,Mineral_Water,drinks,DRK-07,3,26000,nan,digital wallet,dine in
8002,SUN-49307,2024-09-14,Cinnamon Roll,desserts,DST-04,3,35000,105000,digital wallet,online shop
8003,SUN-43039,2024-12-27,Iced_Aren_Latte,drinks,DRK-01,3,25000,75000,digital wallet,dine in
8004,SUN-41556,2024-11-20,Hot_Americano,drinks,DRK-02,4,22000,unknown,cash,take away
8005,SUN-39052,2024-05-22,Tiramisu Tres Leches,desserts,DST-05,3,22000,66000,cash,online shop
8006,SUN-36868,2024-01-20,Matcha_Berry_Latte,drinks,unknown,1,28000,28000,cash,dine in
8007,SUN-32273,2024-09-17,Earl_Grey_Milk_Tea,drinks,DRK-04,4,24000,96000,unknown,take away
8008,SUN-48540,2024-10-20,Fudgy Brownie With Ice Cream,missing,DST-02,1,18000,18000,digital wallet,nan
8009,SUN-45233,2024-02-25,Truffle Fries & Sausage,food,FOD-01,2,10000,20000,cash,online shop
8010,nan,2024-03-14,Truffle Fries & Sausage,food,unknown,unknown,10000,10000,cash,take away
8011,SUN-33243,2024-12-28,Classic_Beef_Burger,food,FOD-05,1,40000,40000,digital wallet,dine in
8012,SUN-37853,2024-04-06,Creamy Spaghetti Carbonara,food,FOD-03,2,38000,76000,credit card,take away
8013,SUN-36278,2024-12-21,missing,error,DST-03,4,25000,100000,credit card,online shop
8014,SUN-44677,2024-01-12,Grilled Chicken Mentai Rice,food,FOD-04,3,42000,126000,digital wallet,dine in
8015,SUN-36672,2024-12-27,Matcha_Berry_Latte,drinks,DRK-03,2,unknown,56000,cash,online shop
8016,SUN-34223,2024-03-15,Iced_Aren_Latte,drinks,DRK-01,1,25000,25000,cash,dine in
8017,SUN-36383,2024-10-12,Lotus Biscoff Cheesecake,error,unknown,4,25000,100000,cash,online shop
8018,SUN-39674,2024-08-10,Mineral_Water,drinks,DRK-07,4,26000,missing,digital wallet,dine in
8019,SUN-48614,2024-01-26,Classic_Beef_Burger,food,FOD-05,4,40000,160000,digital wallet,dine in
8020,SUN-39721,2024-03-17,Earl_Grey_Milk_Tea,drinks,DRK-04,unknown,24000,48000,digital wallet,dine in
8021,SUN-40165,2024-04-20,missing,desserts,unknown,1,18000,18000,credit card,dine in
8022,error,2024-11-12,Creamy Spaghetti Carbonara,nan,FOD-03,4,38000,unknown,cash,online shop
8023,SUN-41514,2024-01-10,Lemonade_Espresso_Tonic,drinks,missing,2,24000,48000,digital wallet,online shop
8024,SUN-32644,2024-06-16,Mineral_Water,drinks,DRK-07,3,26000,78000,credit card,take away
8025,SUN-30899,2024-07-05,Butter Croissant,desserts,DST-01,error,45000,nan,nan,take away
8026,SUN-35593,2024-05-28,Lotus Biscoff Cheesecake,desserts,missing,4,25000,unknown,credit card,dine in
8027,SUN-48011,2024-08-14,unknown,drinks,DRK-03,2,28000,56000,credit card,dine in
8028,SUN-35096,2024-10-30,Truffle Fries & Sausage,food,FOD-01,2,10000,error,nan,dine in
8029,SUN-49761,2024-12-23,Butter Croissant,desserts,DST-01,nan,45000,90000,nan,unknown
8030,SUN-43700,2024-02-28,Lemonade_Espresso_Tonic,drinks,unknown,3,24000,72000,cash,online shop
8031,SUN-38923,2024-04-14,Earl_Grey_Milk_Tea,drinks,DRK-04,2,24000,48000,cash,dine in
8032,SUN-35562,2024-01-08,Matcha_Berry_Latte,drinks,DRK-03,2,28000,unknown,cash,dine in
8033,SUN-39956,2024-08-06,Lemonade_Espresso_Tonic,nan,DRK-05,4,24000,96000,credit card,take away
8034,SUN-32066,2024-04-24,Cinnamon Roll,desserts,DST-04,error,35000,105000,unknown,dine in
8035,SUN-35899,2024-12-28,Nasi Goreng Kampung Premium,error,FOD-02,1,32000,error,unknown,online shop
8036,SUN-36869,2024-10-18,Iced_Aren_Latte,drinks,DRK-01,4,25000,100000,digital wallet,dine in
8037,error,2024-09-02,Classic_Beef_Burger,unknown,FOD-05,1,40000,40000,credit card,dine in
8038,SUN-35046,2024-12-25,Lemonade_Espresso_Tonic,drinks,DRK-05,2,24000,48000,error,unknown
8039,SUN-32052,2024-11-04,Lemonade_Espresso_Tonic,drinks,DRK-05,4,24000,96000,cash,online shop
8040,SUN-47800,2024-02-10,Grilled Chicken Mentai Rice,food,FOD-04,1,42000,42000,cash,dine in
8041,SUN-40275,2024-12-14,Fudgy Brownie With Ice Cream,desserts,DST-02,4,nan,72000,digital wallet,online shop
8042,SUN-39114,2024-10-27,nan,drinks,DRK-05,1,error,24000,digital wallet,take away
8043,SUN-43457,2024-01-14,Creamy Spaghetti Carbonara,unknown,FOD-03,1,38000,38000,cash,nan
8044,SUN-34265,2024-11-16,Classic_Beef_Burger,food,unknown,1,40000,40000,credit card,online shop
8045,SUN-41952,2024-08-10,missing,drinks,DRK-05,3,24000,72000,cash,online shop
8046,SUN-46636,2024-05-28,Butter Croissant,desserts,DST-01,4,45000,180000,digital wallet,online shop
8047,SUN-31246,2024-07-04,Grilled Chicken Mentai Rice,food,FOD-04,4,42000,168000,nan,take away
8048,SUN-46170,2024-09-27,Fudgy Brownie With Ice Cream,desserts,DST-02,3,18000,nan,missing,dine in
8049,SUN-45621,2024-07-05,Strawberry_Mojito_Mocktail,drinks,DRK-06,3,27000,81000,credit card,take away
8050,SUN-33267,2024-11-19,Lotus Biscoff Cheesecake,desserts,DST-03,2,25000,50000,cash,dine in
8051,SUN-37167,2024-08-24,Grilled Chicken Mentai Rice,food,FOD-04,1,42000,42000,cash,take away
8052,SUN-36578,2024-11-17,nan,desserts,DST-03,4,25000,100000,missing,online shop
8053,SUN-36187,2024-02-11,Lotus Biscoff Cheesecake,missing,DST-03,1,25000,25000,cash,take away
8054,SUN-41752,2024-12-14,Lotus Biscoff Cheesecake,desserts,DST-03,4,25000,100000,error,dine in
8055,nan,2024-08-07,Earl_Grey_Milk_Tea,drinks,DRK-04,2,nan,48000,error,online shop
8056,SUN-48412,2024-12-12,Iced_Aren_Latte,error,DRK-01,2,25000,50000,credit card,online shop
8057,SUN-47461,2024-02-23,Hot_Americano,unknown,DRK-02,error,22000,44000,cash,dine in
8058,SUN-33637,error,Creamy Spaghetti Carbonara,food,FOD-03,4,38000,152000,credit card,dine in
8059,SUN-34313,2024-06-27,Butter Croissant,desserts,DST-01,1,45000,45000,cash,dine in
8060,SUN-40245,2024-04-01,Tiramisu Tres Leches,desserts,DST-05,3,22000,66000,digital wallet,online shop
8061,SUN-34648,2024-07-22,Mineral_Water,drinks,DRK-07,3,26000,78000,digital wallet,take away
8062,SUN-47963,2024-08-13,Lotus Biscoff Cheesecake,desserts,DST-03,3,25000,75000,cash,take away
8063,SUN-46926,2024-10-27,Truffle Fries & Sausage,food,FOD-01,1,10000,error,cash,take away
8064,SUN-42137,2024-06-18,Lemonade_Espresso_Tonic,drinks,DRK-05,1,24000,24000,digital wallet,dine in
8065,SUN-36472,2024-02-23,Truffle Fries & Sausage,food,FOD-01,1,10000,10000,digital wallet,take away
8066,SUN-31371,2024-05-12,unknown,drinks,DRK-06,2,unknown,54000,credit card,take away
8067,SUN-45559,2024-12-29,Mineral_Water,drinks,unknown,2,26000,52000,cash,dine in
8068,SUN-36396,2024-06-27,Grilled Chicken Mentai Rice,food,FOD-04,1,42000,42000,nan,dine in
8069,SUN-40543,2024-10-31,Hot_Americano,drinks,DRK-02,4,22000,88000,error,online shop
8070,SUN-33848,2024-05-02,Grilled Chicken Mentai Rice,food,FOD-04,3,42000,126000,credit card,take away
8071,SUN-44066,2024-01-10,Classic_Beef_Burger,food,FOD-05,1,40000,40000,credit card,take away
8072,SUN-34002,2024-03-18,Mineral_Water,error,DRK-07,1,26000,nan,digital wallet,missing
8073,SUN-39443,2024-11-10,error,drinks,DRK-07,missing,26000,nan,credit card,dine in
8074,SUN-33773,2024-12-07,unknown,drinks,unknown,1,28000,28000,digital wallet,online shop
8075,SUN-38267,2024-07-04,Earl_Grey_Milk_Tea,missing,nan,error,24000,72000,digital wallet,online shop
8076,SUN-46467,2024-01-13,Classic_Beef_Burger,food,FOD-05,2,40000,80000,digital wallet,online shop
8077,SUN-38854,2024-12-31,Creamy Spaghetti Carbonara,food,FOD-03,4,missing,nan,digital wallet,dine in
8078,SUN-44551,2024-06-11,unknown,food,FOD-03,3,38000,114000,cash,take away
8079,SUN-33329,2024-06-06,Truffle Fries & Sausage,unknown,FOD-01,2,10000,20000,error,take away
8080,SUN-38402,2024-08-11,Fudgy Brownie With Ice Cream,desserts,error,4,18000,72000,cash,online shop
8081,SUN-30386,2024-01-06,Hot_Americano,drinks,DRK-02,1,22000,22000,missing,online shop
8082,SUN-44650,2024-01-26,Strawberry_Mojito_Mocktail,drinks,DRK-06,1,27000,27000,cash,take away
8083,SUN-40975,2024-10-16,Cinnamon Roll,nan,DST-04,3,35000,105000,credit card,dine in
8084,nan,2024-06-18,Cinnamon Roll,desserts,missing,1,35000,35000,digital wallet,dine in
8085,SUN-44488,2024-06-27,Matcha_Berry_Latte,drinks,DRK-03,2,28000,56000,credit card,unknown
8086,SUN-30815,2024-07-27,missing,food,FOD-02,unknown,32000,96000,credit card,take away
8087,SUN-49751,2024-02-09,Creamy Spaghetti Carbonara,food,FOD-03,1,38000,38000,cash,dine in
8088,SUN-40054,2024-10-23,Lemonade_Espresso_Tonic,drinks,nan,2,24000,error,digital wallet,dine in
8089,SUN-43312,2024-02-23,Strawberry_Mojito_Mocktail,drinks,DRK-06,3,27000,81000,digital wallet,take away
8090,SUN-42116,2024-12-20,Cinnamon Roll,desserts,DST-04,3,35000,105000,cash,take away
8091,SUN-39375,2024-08-22,Matcha_Berry_Latte,drinks,DRK-03,2,28000,56000,digital wallet,error
8092,SUN-30687,2024-04-24,Earl_Grey_Milk_Tea,drinks,DRK-04,2,24000,48000,credit card,take away
8093,SUN-33389,2024-09-21,Cinnamon Roll,desserts,DST-04,4,35000,140000,digital wallet,error
8094,SUN-32822,missing,Tiramisu Tres Leches,desserts,DST-05,error,22000,66000,digital wallet,online shop
8095,SUN-38616,2024-02-21,missing,drinks,DRK-05,2,unknown,48000,cash,unknown
8096,SUN-47189,2024-12-25,Hot_Americano,drinks,DRK-02,1,22000,error,credit card,take away
8097,SUN-49914,2024-01-22,Butter Croissant,desserts,DST-01,nan,45000,error,digital wallet,unknown
8098,SUN-33205,2024-08-09,Lemonade_Espresso_Tonic,drinks,DRK-05,2,24000,48000,digital wallet,take away
8099,SUN-47909,2024-03-19,Truffle Fries & Sausage,food,FOD-01,2,10000,20000,credit card,online shop
8100,SUN-45466,2024-12-21,Classic_Beef_Burger,food,FOD-05,1,40000,unknown,credit card,dine in
8101,SUN-40619,2024-02-10,Nasi Goreng Kampung Premium,food,FOD-02,2,32000,64000,digital wallet,take away
8102,SUN-36515,2024-06-17,missing,food,FOD-02,2,nan,64000,credit card,take away
8103,SUN-30391,2024-05-24,nan,food,error,2,error,20000,cash,nan
8104,missing,2024-05-16,nan,desserts,DST-05,2,22000,44000,unknown,online shop
8105,SUN-49389,2024-07-17,Creamy Spaghetti Carbonara,food,FOD-03,2,missing,76000,digital wallet,online shop
8106,missing,2024-01-26,error,drinks,DRK-02,4,22000,88000,cash,take away
8107,SUN-46342,2024-03-18,missing,food,missing,3,10000,30000,credit card,take away
8108,SUN-37114,2024-10-31,Fudgy Brownie With Ice Cream,missing,DST-02,4,error,missing,unknown,dine in
8109,SUN-47747,2024-11-16,Tiramisu Tres Leches,desserts,DST-05,error,22000,missing,nan,online shop
8110,SUN-36867,2024-05-10,Butter Croissant,nan,DST-01,3,unknown,135000,credit card,missing
8111,SUN-45875,2024-12-13,nan,missing,FOD-01,3,10000,30000,cash,online shop
8112,SUN-37537,2024-04-29,Strawberry_Mojito_Mocktail,drinks,DRK-06,3,27000,81000,digital wallet,online shop
8113,SUN-38857,2024-05-17,Grilled Chicken Mentai Rice,food,FOD-04,2,42000,84000,digital wallet,take away
8114,unknown,2024-05-02,Classic_Beef_Burger,food,FOD-05,nan,40000,160000,credit card,take away
8115,SUN-36867,2024-03-03,Nasi Goreng Kampung Premium,food,FOD-02,1,32000,32000,cash,online shop
8116,SUN-40300,2024-07-03,Mineral_Water,drinks,DRK-07,3,26000,78000,digital wallet,take away
8117,SUN-43330,2024-10-28,Matcha_Berry_Latte,drinks,DRK-03,3,28000,84000,cash,take away
8118,SUN-45345,2024-11-15,Nasi Goreng Kampung Premium,food,FOD-02,4,nan,128000,digital wallet,online shop
8119,SUN-30432,2024-03-23,nan,drinks,DRK-05,1,24000,nan,digital wallet,dine in
8120,SUN-49852,2024-01-25,Cinnamon Roll,desserts,DST-04,4,35000,140000,cash,dine in
8121,SUN-35723,2024-09-27,Strawberry_Mojito_Mocktail,drinks,DRK-06,3,unknown,81000,cash,take away
8122,SUN-34772,2024-10-04,Creamy Spaghetti Carbonara,food,FOD-03,nan,38000,38000,cash,online shop
8123,SUN-34052,2024-10-27,Hot_Americano,drinks,DRK-02,4,nan,88000,credit card,online shop
8124,SUN-49865,2024-09-19,unknown,error,FOD-05,2,40000,unknown,unknown,take away
8125,SUN-45030,2024-01-27,Classic_Beef_Burger,food,FOD-05,4,40000,160000,cash,dine in
8126,SUN-33513,2024-09-24,Nasi Goreng Kampung Premium,food,FOD-02,1,32000,32000,credit card,take away
8127,SUN-42403,2024-01-15,Lotus Biscoff Cheesecake,desserts,DST-03,2,25000,50000,digital wallet,take away
8128,SUN-38230,2024-03-02,Fudgy Brownie With Ice Cream,desserts,DST-02,4,18000,72000,nan,dine in
8129,SUN-32553,2024-03-22,Lemonade_Espresso_Tonic,drinks,DRK-05,2,24000,48000,cash,dine in
8130,SUN-42773,2024-07-28,Lotus Biscoff Cheesecake,desserts,DST-03,1,25000,25000,digital wallet,unknown
8131,SUN-46456,2024-01-23,Lotus Biscoff Cheesecake,desserts,DST-03,2,25000,50000,cash,online shop
8132,SUN-34885,2024-10-14,Lotus Biscoff Cheesecake,desserts,DST-03,1,25000,25000,credit card,unknown
8133,SUN-43649,2024-02-28,Cinnamon Roll,desserts,error,4,35000,140000,digital wallet,dine in
8134,SUN-35681,2024-03-27,Mineral_Water,drinks,DRK-07,4,unknown,104000,digital wallet,online shop
8135,SUN-37632,2024-12-19,Strawberry_Mojito_Mocktail,drinks,DRK-06,2,27000,nan,digital wallet,dine in
8136,SUN-43246,2024-02-12,Classic_Beef_Burger,nan,FOD-05,4,missing,160000,credit card,dine in
8137,SUN-34333,2024-07-22,Classic_Beef_Burger,food,FOD-05,2,40000,80000,cash,unknown
8138,SUN-39775,2024-11-20,Earl_Grey_Milk_Tea,drinks,DRK-04,3,nan,72000,credit card,take away
8139,SUN-33634,2024-01-22,Nasi Goreng Kampung Premium,food,FOD-02,3,32000,96000,nan,take away
8140,SUN-49877,2024-04-23,Butter Croissant,desserts,DST-01,1,45000,45000,missing,online shop
8141,SUN-30388,2024-01-12,Earl_Grey_Milk_Tea,missing,DRK-04,3,nan,72000,digital wallet,take away
8142,SUN-40817,2024-03-16,Grilled Chicken Mentai Rice,food,FOD-04,1,42000,42000,cash,online shop
8143,SUN-40316,2024-11-16,Butter Croissant,desserts,DST-01,4,45000,180000,cash,online shop
8144,SUN-48142,2024-06-28,Classic_Beef_Burger,food,FOD-05,1,40000,40000,nan,dine in
8145,SUN-47793,2024-05-08,unknown,drinks,DRK-07,4,26000,104000,digital wallet,dine in
8146,nan,2024-07-15,nan,desserts,DST-05,3,missing,66000,cash,error
8147,SUN-34910,2024-03-27,Nasi Goreng Kampung Premium,food,FOD-02,4,32000,128000,cash,take away
8148,SUN-48656,2024-05-02,Matcha_Berry_Latte,drinks,DRK-03,4,28000,112000,missing,dine in
8149,SUN-30728,2024-06-12,Hot_Americano,drinks,DRK-02,4,22000,88000,credit card,take away
8150,SUN-47969,2024-02-08,Grilled Chicken Mentai Rice,food,missing,3,unknown,126000,credit card,take away
8151,SUN-46798,2024-08-18,nan,drinks,DRK-01,3,25000,75000,credit card,dine in
8152,SUN-32660,2024-10-02,Hot_Americano,drinks,DRK-02,3,22000,66000,digital wallet,dine in
8153,SUN-49106,2024-04-05,Lotus Biscoff Cheesecake,desserts,DST-03,2,25000,50000,digital wallet,online shop
8154,SUN-30854,2024-06-07,Hot_Americano,missing,DRK-02,2,22000,44000,digital wallet,online shop
8155,SUN-36163,2024-01-29,unknown,food,FOD-05,3,40000,120000,nan,take away
8156,SUN-45697,2024-05-15,Matcha_Berry_Latte,drinks,DRK-03,4,28000,112000,credit card,online shop
8157,SUN-36020,2024-02-14,Lemonade_Espresso_Tonic,drinks,DRK-05,4,24000,96000,digital wallet,take away
8158,SUN-30175,2024-06-23,Lemonade_Espresso_Tonic,drinks,missing,3,24000,72000,digital wallet,error
8159,SUN-31053,2024-11-26,nan,desserts,DST-01,3,45000,135000,credit card,dine in
8160,SUN-41341,2024-03-15,Truffle Fries & Sausage,food,FOD-01,2,10000,20000,credit card,online shop
8161,SUN-42242,2024-05-13,nan,missing,DRK-02,3,22000,66000,unknown,dine in
8162,SUN-36386,2024-06-23,Hot_Americano,drinks,DRK-02,2,22000,44000,error,take away
8163,SUN-38692,2024-06-10,Strawberry_Mojito_Mocktail,drinks,DRK-06,1,27000,27000,digital wallet,take away
8164,unknown,2024-06-07,Lemonade_Espresso_Tonic,drinks,DRK-05,1,24000,24000,digital wallet,error
8165,SUN-43891,2024-03-19,Matcha_Berry_Latte,drinks,DRK-03,3,28000,84000,credit card,take away
8166,SUN-44822,2024-12-21,Iced_Aren_Latte,drinks,DRK-01,1,25000,25000,digital wallet,take away
8167,SUN-31117,2024-02-23,Strawberry_Mojito_Mocktail,drinks,DRK-06,4,missing,108000,cash,dine in
8168,error,2024-02-07,Lotus Biscoff Cheesecake,desserts,DST-03,1,25000,25000,credit card,error
8169,SUN-37221,2024-10-07,Cinnamon Roll,missing,DST-04,2,35000,70000,cash,take away
8170,SUN-39071,2024-04-09,missing,desserts,DST-01,1,45000,45000,credit card,take away
8171,SUN-48765,2024-03-17,Classic_Beef_Burger,food,FOD-05,4,40000,160000,nan,online shop
8172,error,2024-04-17,Creamy Spaghetti Carbonara,food,FOD-03,unknown,38000,152000,credit card,online shop
8173,SUN-33371,2024-02-05,Nasi Goreng Kampung Premium,unknown,FOD-02,3,32000,96000,credit card,error
8174,SUN-45598,2024-11-06,Lemonade_Espresso_Tonic,unknown,DRK-05,2,24000,48000,digital wallet,unknown
8175,SUN-45003,2024-04-29,Tiramisu Tres Leches,desserts,DST-05,2,22000,44000,cash,online shop
8176,SUN-49991,2024-01-30,Tiramisu Tres Leches,desserts,DST-05,1,22000,22000,cash,online shop
8177,SUN-33522,2024-02-09,error,desserts,unknown,4,25000,100000,digital wallet,dine in
8178,SUN-41851,2024-11-06,error,drinks,DRK-05,1,24000,24000,digital wallet,online shop
8179,SUN-39260,2024-04-18,missing,food,nan,3,10000,30000,digital wallet,online shop
8180,SUN-46310,2024-05-17,Strawberry_Mojito_Mocktail,drinks,DRK-06,3,27000,unknown,error,take away
8181,SUN-32261,2024-07-14,Earl_Grey_Milk_Tea,drinks,DRK-04,4,24000,96000,credit card,online shop
8182,SUN-38077,2024-01-10,Creamy Spaghetti Carbonara,food,FOD-03,3,error,unknown,unknown,online shop
8183,missing,2024-02-22,Cinnamon Roll,desserts,nan,3,35000,105000,digital wallet,dine in
8184,SUN-47836,2024-06-02,Earl_Grey_Milk_Tea,drinks,DRK-04,3,24000,72000,cash,error
8185,SUN-38337,2024-07-29,nan,drinks,missing,3,24000,72000,credit card,dine in
8186,error,2024-11-29,Mineral_Water,drinks,DRK-07,1,26000,26000,credit card,online shop
8187,SUN-40483,2024-08-01,Nasi Goreng Kampung Premium,food,FOD-02,2,32000,64000,digital wallet,online shop
8188,nan,2024-06-18,Creamy Spaghetti Carbonara,error,FOD-03,3,38000,114000,cash,dine in
8189,SUN-33185,2024-06-22,Creamy Spaghetti Carbonara,food,FOD-03,3,38000,missing,digital wallet,take away
8190,SUN-47899,2024-01-05,Mineral_Water,drinks,DRK-07,3,26000,78000,digital wallet,take away
8191,SUN-46331,2024-04-10,Creamy Spaghetti Carbonara,food,FOD-03,2,38000,76000,credit card,online shop
8192,SUN-45481,2024-09-11,Lemonade_Espresso_Tonic,drinks,DRK-05,2,24000,48000,unknown,unknown
8193,SUN-33295,2024-09-27,Iced_Aren_Latte,drinks,DRK-01,3,25000,75000,digital wallet,online shop
8194,SUN-44818,2024-03-06,Earl_Grey_Milk_Tea,drinks,missing,3,error,72000,credit card,take away
8195,SUN-42900,2024-11-06,Earl_Grey_Milk_Tea,drinks,DRK-04,4,24000,96000,credit card,dine in
8196,SUN-45822,2024-01-03,Classic_Beef_Burger,food,FOD-05,4,40000,160000,digital wallet,online shop
8197,SUN-33293,2024-04-26,Classic_Beef_Burger,food,FOD-05,3,40000,120000,credit card,take away
8198,SUN-31021,2024-06-27,Creamy Spaghetti Carbonara,food,FOD-03,3,38000,error,digital wallet,dine in
8199,SUN-46343,2024-01-17,Butter Croissant,desserts,DST-01,1,45000,45000,digital wallet,online shop
8200,SUN-45593,2024-06-21,error,drinks,DRK-07,4,26000,104000,digital wallet,dine in
8201,SUN-37767,2024-12-19,unknown,desserts,DST-02,2,18000,unknown,cash,online shop
8202,SUN-30983,2024-09-12,Truffle Fries & Sausage,food,FOD-01,3,10000,30000,credit card,take away
8203,SUN-32817,2024-10-21,Earl_Grey_Milk_Tea,drinks,DRK-04,3,24000,missing,digital wallet,online shop
8204,SUN-34684,2024-01-26,Butter Croissant,desserts,DST-01,4,45000,180000,digital wallet,dine in
8205,SUN-35739,2024-11-23,Fudgy Brownie With Ice Cream,desserts,DST-02,4,18000,72000,credit card,dine in
8206,SUN-47621,2024-06-03,missing,drinks,DRK-02,4,22000,88000,cash,take away
8207,SUN-36491,2024-08-22,Truffle Fries & Sausage,food,FOD-01,3,10000,30000,credit card,dine in
8208,SUN-49728,2024-06-30,Tiramisu Tres Leches,desserts,DST-05,1,22000,22000,credit card,take away
8209,unknown,2024-01-11,Hot_Americano,drinks,DRK-02,1,nan,missing,digital wallet,online shop
8210,SUN-42259,2024-10-03,Hot_Americano,drinks,DRK-02,1,error,22000,cash,take away
8211,SUN-43141,2024-06-22,error,food,FOD-01,unknown,10000,30000,cash,error
8212,SUN-45875,2024-11-19,Matcha_Berry_Latte,drinks,DRK-03,4,28000,112000,cash,online shop
8213,SUN-31511,2024-01-17,Grilled Chicken Mentai Rice,food,FOD-04,4,42000,168000,credit card,take away
8214,unknown,2024-03-20,Mineral_Water,drinks,DRK-07,2,26000,52000,digital wallet,error
8215,SUN-45603,2024-03-04,Truffle Fries & Sausage,food,FOD-01,3,nan,30000,cash,take away
8216,SUN-43206,2024-04-17,Lotus Biscoff Cheesecake,desserts,DST-03,1,25000,25000,cash,online shop
8217,SUN-42419,2024-01-23,Butter Croissant,missing,DST-01,4,45000,180000,digital wallet,dine in
8218,SUN-47330,2024-03-26,Lotus Biscoff Cheesecake,desserts,DST-03,4,25000,100000,credit card,take away
8219,SUN-33013,2024-06-17,unknown,drinks,DRK-03,3,28000,84000,cash,dine in
8220,SUN-36943,2024-04-04,Butter Croissant,desserts,DST-01,4,45000,180000,digital wallet,take away
8221,SUN-38231,2024-06-12,Grilled Chicken Mentai Rice,unknown,FOD-04,1,42000,nan,nan,take away
8222,SUN-46770,2024-02-01,Hot_Americano,drinks,DRK-02,1,22000,22000,cash,missing
8223,SUN-40262,2024-02-26,Cinnamon Roll,desserts,unknown,4,35000,140000,cash,take away
8224,error,2024-06-08,nan,drinks,DRK-07,4,26000,104000,credit card,dine in
8225,SUN-32006,2024-11-18,Strawberry_Mojito_Mocktail,missing,DRK-06,nan,27000,nan,digital wallet,dine in
8226,SUN-36285,2024-04-02,Grilled Chicken Mentai Rice,food,error,4,nan,missing,cash,online shop
8227,SUN-32594,missing,nan,food,FOD-02,2,32000,64000,credit card,dine in
8228,SUN-42165,2024-08-19,Cinnamon Roll,desserts,DST-04,3,35000,105000,cash,dine in
8229,SUN-33553,2024-11-24,Butter Croissant,desserts,DST-01,3,45000,135000,cash,dine in
8230,SUN-47680,2024-01-02,Nasi Goreng Kampung Premium,food,unknown,1,32000,missing,nan,online shop
8231,SUN-45063,2024-05-13,missing,desserts,DST-03,4,25000,error,cash,online shop
8232,unknown,2024-08-19,Grilled Chicken Mentai Rice,food,FOD-04,1,42000,42000,cash,nan
8233,SUN-37579,2024-12-28,Classic_Beef_Burger,food,FOD-05,1,missing,40000,missing,online shop
8234,SUN-45673,2024-05-08,Cinnamon Roll,desserts,DST-04,4,35000,140000,missing,error
8235,SUN-30262,2024-01-01,Cinnamon Roll,desserts,DST-04,4,35000,140000,cash,dine in
8236,SUN-31856,2024-06-12,Hot_Americano,drinks,unknown,4,22000,88000,credit card,online shop
8237,missing,2024-07-23,Cinnamon Roll,desserts,DST-04,3,35000,105000,missing,error
8238,SUN-32928,2024-07-23,Lemonade_Espresso_Tonic,drinks,DRK-05,3,24000,72000,cash,online shop
8239,SUN-37867,2024-11-30,Creamy Spaghetti Carbonara,food,FOD-03,1,unknown,38000,digital wallet,take away
8240,SUN-42434,2024-08-06,missing,desserts,DST-04,2,35000,70000,cash,dine in
8241,SUN-30549,2024-09-21,unknown,food,FOD-01,2,10000,error,missing,take away
8242,SUN-35055,2024-12-01,Hot_Americano,error,DRK-02,3,22000,66000,credit card,dine in
8243,SUN-48842,2024-08-29,Classic_Beef_Burger,food,FOD-05,4,40000,160000,missing,online shop
8244,SUN-36378,2024-03-14,Lotus Biscoff Cheesecake,desserts,DST-03,4,25000,100000,digital wallet,take away
8245,missing,2024-12-25,Cinnamon Roll,desserts,nan,2,35000,unknown,credit card,online shop
8246,SUN-42349,2024-09-24,Earl_Grey_Milk_Tea,drinks,DRK-04,1,24000,24000,digital wallet,missing
8247,SUN-30444,2024-02-19,Lotus Biscoff Cheesecake,desserts,unknown,4,25000,100000,digital wallet,take away
8248,unknown,2024-03-25,Tiramisu Tres Leches,desserts,DST-05,4,error,88000,digital wallet,take away
8249,SUN-39970,2024-02-20,error,drinks,DRK-01,1,nan,25000,nan,online shop
8250,SUN-33911,2024-11-24,Nasi Goreng Kampung Premium,food,FOD-02,3,32000,96000,credit card,take away
8251,nan,2024-04-16,Grilled Chicken Mentai Rice,food,unknown,4,42000,168000,cash,online shop
8252,SUN-40988,2024-01-12,unknown,drinks,unknown,2,27000,54000,credit card,dine in
8253,SUN-38296,2024-10-27,Iced_Aren_Latte,drinks,DRK-01,3,25000,75000,credit card,dine in
8254,SUN-32804,2024-08-01,Lemonade_Espresso_Tonic,drinks,DRK-05,1,24000,24000,credit card,dine in
8255,SUN-47616,2024-04-18,Lemonade_Espresso_Tonic,drinks,DRK-05,1,24000,24000,cash,take away
8256,SUN-49484,2024-02-07,missing,desserts,DST-01,1,45000,45000,credit card,missing
8257,SUN-43619,2024-09-21,nan,food,FOD-04,1,42000,42000,credit card,take away
8258,SUN-37865,2024-05-14,Grilled Chicken Mentai Rice,food,FOD-04,1,42000,42000,unknown,nan
8259,SUN-35591,2024-08-30,Lotus Biscoff Cheesecake,desserts,error,3,error,75000,credit card,missing
8260,SUN-34322,2024-01-15,Strawberry_Mojito_Mocktail,drinks,DRK-06,1,27000,27000,missing,missing
8261,SUN-35405,2024-07-29,Earl_Grey_Milk_Tea,drinks,error,4,missing,96000,digital wallet,take away
8262,SUN-45568,2024-05-21,Iced_Aren_Latte,drinks,DRK-01,3,25000,75000,credit card,dine in
8263,SUN-32040,2024-01-10,Matcha_Berry_Latte,drinks,DRK-03,2,28000,56000,digital wallet,online shop
8264,SUN-32625,2024-01-18,Cinnamon Roll,desserts,DST-04,error,35000,35000,credit card,online shop
8265,SUN-46982,2024-03-03,Fudgy Brownie With Ice Cream,error,DST-02,2,18000,36000,credit card,dine in
8266,SUN-42474,2024-10-06,Tiramisu Tres Leches,desserts,DST-05,3,22000,66000,missing,online shop
8267,SUN-32937,2024-12-09,Strawberry_Mojito_Mocktail,drinks,DRK-06,4,27000,108000,credit card,take away
8268,SUN-31770,2024-09-09,Classic_Beef_Burger,food,FOD-05,2,40000,80000,cash,take away
8269,SUN-30624,2024-01-16,Iced_Aren_Latte,drinks,DRK-01,4,unknown,unknown,cash,take away
8270,SUN-39420,2024-02-24,Strawberry_Mojito_Mocktail,drinks,DRK-06,2,27000,54000,cash,take away
8271,SUN-32796,2024-04-13,Lemonade_Espresso_Tonic,drinks,DRK-05,4,nan,96000,digital wallet,dine in
8272,SUN-39102,2024-04-13,unknown,food,FOD-03,2,38000,76000,credit card,dine in
8273,SUN-43419,2024-01-31,Creamy Spaghetti Carbonara,food,FOD-03,1,38000,38000,credit card,take away
8274,SUN-45878,nan,Lemonade_Espresso_Tonic,drinks,DRK-05,3,24000,72000,cash,online shop
8275,SUN-32136,2024-05-14,Butter Croissant,desserts,DST-01,nan,45000,135000,credit card,take away
8276,SUN-32785,2024-02-05,unknown,food,FOD-02,4,32000,128000,credit card,dine in
8277,SUN-31387,2024-02-28,unknown,food,FOD-04,1,42000,42000,digital wallet,online shop
8278,SUN-31338,2024-05-19,Classic_Beef_Burger,food,FOD-05,error,40000,120000,digital wallet,unknown
8279,SUN-36143,2024-06-18,Classic_Beef_Burger,error,FOD-05,3,40000,unknown,digital wallet,take away
8280,SUN-38407,2024-05-28,Creamy Spaghetti Carbonara,food,FOD-03,4,38000,152000,credit card,missing
8281,error,2024-11-29,nan,drinks,DRK-07,2,26000,52000,cash,missing
8282,SUN-44801,2024-01-13,Iced_Aren_Latte,error,DRK-01,2,25000,50000,nan,dine in
8283,SUN-33510,2024-08-26,Strawberry_Mojito_Mocktail,drinks,unknown,1,27000,27000,digital wallet,dine in
8284,SUN-46017,2024-11-17,Earl_Grey_Milk_Tea,drinks,DRK-04,3,unknown,72000,nan,online shop
8285,SUN-36893,2024-12-15,nan,drinks,DRK-07,1,26000,26000,digital wallet,online shop
8286,SUN-35459,2024-03-25,Truffle Fries & Sausage,error,FOD-01,missing,10000,40000,credit card,dine in
8287,SUN-34486,2024-02-09,Matcha_Berry_Latte,drinks,DRK-03,4,nan,112000,credit card,dine in
8288,SUN-38966,2024-05-27,Lotus Biscoff Cheesecake,desserts,DST-03,4,25000,100000,cash,take away
8289,SUN-49302,2024-08-01,Fudgy Brownie With Ice Cream,missing,DST-02,nan,18000,72000,credit card,dine in
8290,SUN-45456,2024-05-23,Strawberry_Mojito_Mocktail,drinks,DRK-06,1,27000,27000,missing,dine in
8291,SUN-46157,2024-10-20,Tiramisu Tres Leches,desserts,DST-05,4,22000,missing,credit card,dine in
8292,SUN-36493,2024-03-28,nan,drinks,DRK-04,1,24000,24000,cash,online shop
8293,SUN-40917,2024-08-16,Cinnamon Roll,desserts,DST-04,4,35000,140000,digital wallet,missing
8294,SUN-41069,2024-09-18,Creamy Spaghetti Carbonara,food,FOD-03,2,38000,missing,credit card,take away
8295,SUN-34974,2024-07-04,Iced_Aren_Latte,error,DRK-01,3,25000,nan,digital wallet,unknown
8296,SUN-44431,2024-12-19,Mineral_Water,missing,DRK-07,2,26000,52000,digital wallet,online shop
8297,SUN-46440,2024-02-07,Fudgy Brownie With Ice Cream,desserts,DST-02,3,18000,54000,digital wallet,online shop
8298,SUN-40311,2024-12-31,Earl_Grey_Milk_Tea,drinks,DRK-04,4,24000,96000,credit card,online shop
8299,nan,2024-04-29,Iced_Aren_Latte,drinks,DRK-01,3,unknown,75000,digital wallet,take away
8300,SUN-44372,2024-05-07,Lemonade_Espresso_Tonic,drinks,DRK-05,nan,24000,error,cash,dine in
8301,SUN-36629,2024-12-19,Fudgy Brownie With Ice Cream,desserts,DST-02,4,unknown,72000,credit card,nan
8302,SUN-42181,2024-12-28,Tiramisu Tres Leches,desserts,DST-05,3,22000,66000,credit card,take away
8303,SUN-36332,2024-06-26,Lotus Biscoff Cheesecake,desserts,DST-03,1,25000,25000,credit card,online shop
8304,SUN-32422,2024-01-23,Nasi Goreng Kampung Premium,food,FOD-02,4,32000,128000,cash,error
8305,SUN-47841,2024-02-04,Lotus Biscoff Cheesecake,desserts,DST-03,error,25000,50000,unknown,online shop
8306,SUN-43678,2024-12-18,Earl_Grey_Milk_Tea,drinks,unknown,4,24000,96000,credit card,online shop
8307,SUN-33758,2024-08-22,Lotus Biscoff Cheesecake,desserts,unknown,2,25000,50000,error,dine in
8308,SUN-49998,2024-03-23,Hot_Americano,drinks,DRK-02,error,22000,88000,credit card,online shop
8309,SUN-31289,2024-01-24,Lotus Biscoff Cheesecake,unknown,error,4,missing,100000,missing,online shop
8310,SUN-32628,2024-10-13,Cinnamon Roll,desserts,unknown,unknown,35000,70000,cash,online shop
8311,SUN-47582,2024-02-22,Truffle Fries & Sausage,food,FOD-01,1,10000,10000,digital wallet,take away
8312,SUN-43666,2024-08-14,Truffle Fries & Sausage,food,FOD-01,2,10000,20000,digital wallet,online shop
8313,SUN-41070,2024-03-25,Earl_Grey_Milk_Tea,nan,DRK-04,nan,24000,missing,cash,online shop
8314,SUN-38458,2024-02-08,Earl_Grey_Milk_Tea,drinks,DRK-04,1,24000,24000,digital wallet,dine in
8315,error,2024-01-29,Butter Croissant,unknown,DST-01,1,45000,45000,cash,online shop
8316,SUN-37630,2024-07-27,Creamy Spaghetti Carbonara,food,FOD-03,3,38000,114000,missing,online shop
8317,SUN-36405,2024-03-09,Matcha_Berry_Latte,drinks,DRK-03,missing,28000,84000,credit card,take away
8318,SUN-48887,2024-01-13,Strawberry_Mojito_Mocktail,drinks,DRK-06,2,27000,54000,cash,dine in
8319,SUN-33339,2024-03-04,nan,drinks,DRK-01,1,25000,error,digital wallet,unknown
8320,SUN-43242,2024-03-09,Matcha_Berry_Latte,drinks,DRK-03,error,28000,112000,nan,unknown
8321,SUN-38429,2024-06-28,Cinnamon Roll,desserts,DST-04,4,35000,140000,digital wallet,take away
8322,SUN-49464,2024-08-21,Nasi Goreng Kampung Premium,food,FOD-02,1,32000,32000,digital wallet,take away
8323,SUN-37090,2024-04-11,Fudgy Brownie With Ice Cream,desserts,DST-02,1,18000,18000,credit card,unknown
8324,SUN-36613,2024-10-07,Strawberry_Mojito_Mocktail,drinks,DRK-06,3,27000,81000,cash,online shop
8325,SUN-32723,2024-12-09,error,drinks,DRK-05,2,24000,48000,credit card,dine in
8326,SUN-38053,2024-07-20,Strawberry_Mojito_Mocktail,drinks,DRK-06,2,27000,unknown,digital wallet,online shop
8327,SUN-48516,2024-06-04,Iced_Aren_Latte,missing,DRK-01,1,25000,25000,cash,online shop
8328,SUN-39000,2024-02-16,Hot_Americano,drinks,DRK-02,error,22000,unknown,credit card,take away
8329,SUN-40709,2024-06-26,Nasi Goreng Kampung Premium,food,FOD-02,2,32000,64000,digital wallet,unknown
8330,SUN-36083,2024-03-11,Butter Croissant,desserts,DST-01,3,45000,nan,error,take away
8331,SUN-30996,2024-09-21,missing,drinks,DRK-03,3,28000,84000,cash,online shop
8332,SUN-36814,2024-11-17,Cinnamon Roll,desserts,DST-04,1,35000,nan,cash,take away
8333,SUN-47832,2024-05-11,Nasi Goreng Kampung Premium,food,FOD-02,1,32000,nan,credit card,online shop
8334,SUN-40372,2024-10-19,Fudgy Brownie With Ice Cream,desserts,DST-02,error,18000,18000,unknown,dine in
8335,SUN-31090,2024-10-30,Butter Croissant,desserts,DST-01,3,45000,nan,credit card,online shop
8336,SUN-38533,2024-12-04,Fudgy Brownie With Ice Cream,desserts,DST-02,1,nan,18000,digital wallet,online shop
8337,SUN-44055,2024-06-21,missing,food,FOD-05,3,40000,120000,unknown,take away
8338,SUN-48865,2024-02-29,Truffle Fries & Sausage,food,error,4,10000,40000,credit card,dine in
8339,SUN-42511,2024-03-19,Nasi Goreng Kampung Premium,food,FOD-02,1,32000,32000,credit card,dine in
8340,SUN-39803,2024-03-17,Matcha_Berry_Latte,drinks,DRK-03,2,missing,56000,credit card,online shop
8341,SUN-30061,2024-04-09,Tiramisu Tres Leches,error,DST-05,4,22000,88000,cash,online shop
8342,SUN-47020,2024-09-02,Strawberry_Mojito_Mocktail,drinks,DRK-06,4,27000,108000,cash,dine in
8343,SUN-40444,2024-09-14,Earl_Grey_Milk_Tea,drinks,DRK-04,2,24000,48000,cash,online shop
8344,SUN-36448,2024-07-29,Grilled Chicken Mentai Rice,food,FOD-04,2,42000,84000,error,dine in
8345,SUN-46056,2024-12-20,Hot_Americano,drinks,DRK-02,1,nan,22000,credit card,take away
8346,SUN-32677,2024-04-15,Classic_Beef_Burger,food,FOD-05,2,40000,80000,cash,online shop
8347,SUN-30989,2024-07-03,Fudgy Brownie With Ice Cream,desserts,DST-02,3,18000,missing,digital wallet,take away
8348,SUN-41221,2024-12-25,Creamy Spaghetti Carbonara,food,FOD-03,4,missing,missing,missing,dine in
8349,SUN-39168,2024-11-04,Truffle Fries & Sausage,food,FOD-01,2,missing,20000,digital wallet,online shop
8350,SUN-34379,2024-12-01,Tiramisu Tres Leches,desserts,DST-05,4,22000,88000,credit card,online shop
8351,SUN-35073,2024-05-12,Earl_Grey_Milk_Tea,drinks,DRK-04,1,24000,missing,digital wallet,online shop
8352,SUN-35910,2024-09-05,Hot_Americano,drinks,DRK-02,4,22000,nan,nan,take away
8353,SUN-32979,2024-04-03,missing,nan,FOD-04,4,42000,168000,digital wallet,take away
8354,SUN-49964,2024-01-14,Butter Croissant,desserts,DST-01,1,45000,45000,digital wallet,online shop
8355,SUN-30015,2024-08-27,unknown,food,FOD-04,missing,42000,168000,cash,online shop
8356,SUN-37167,2024-11-13,Strawberry_Mojito_Mocktail,drinks,DRK-06,1,27000,nan,credit card,take away
8357,SUN-47113,2024-03-27,Hot_Americano,drinks,DRK-02,3,22000,66000,credit card,online shop
8358,SUN-37050,2024-05-14,missing,drinks,DRK-07,1,26000,26000,credit card,take away
8359,SUN-48406,2024-01-30,Tiramisu Tres Leches,desserts,DST-05,2,22000,44000,error,take away
8360,SUN-40022,2024-01-22,nan,food,FOD-04,2,42000,84000,credit card,online shop
8361,SUN-38322,2024-06-16,Strawberry_Mojito_Mocktail,drinks,DRK-06,4,27000,108000,missing,online shop
8362,SUN-45480,2024-10-31,Hot_Americano,drinks,DRK-02,3,22000,66000,credit card,online shop
8363,SUN-37152,2024-01-01,Lotus Biscoff Cheesecake,desserts,DST-03,1,25000,25000,cash,nan
8364,SUN-32579,2024-11-04,Lotus Biscoff Cheesecake,desserts,DST-03,2,25000,50000,nan,nan
8365,SUN-34971,2024-05-26,missing,desserts,DST-01,1,45000,45000,cash,online shop
8366,SUN-39829,2024-01-28,Iced_Aren_Latte,drinks,DRK-01,1,25000,25000,credit card,dine in
8367,SUN-46130,2024-08-15,Classic_Beef_Burger,food,nan,3,40000,120000,cash,online shop
8368,SUN-47707,2024-06-20,Tiramisu Tres Leches,desserts,DST-05,4,22000,88000,digital wallet,take away
8369,SUN-48936,2024-03-26,Nasi Goreng Kampung Premium,food,FOD-02,1,missing,32000,credit card,dine in
8370,SUN-39090,2024-02-13,Mineral_Water,drinks,DRK-07,4,26000,104000,cash,take away
8371,SUN-47791,2024-01-07,Nasi Goreng Kampung Premium,food,missing,3,32000,96000,digital wallet,take away
8372,SUN-46381,2024-06-07,Lemonade_Espresso_Tonic,drinks,DRK-05,1,24000,24000,cash,dine in
8373,SUN-33807,2024-07-08,Butter Croissant,desserts,DST-01,2,45000,90000,cash,take away
8374,SUN-36144,2024-08-14,Lemonade_Espresso_Tonic,drinks,DRK-05,missing,24000,72000,cash,dine in
8375,SUN-39511,2024-11-13,Strawberry_Mojito_Mocktail,drinks,DRK-06,missing,27000,unknown,cash,online shop
8376,SUN-35996,2024-09-16,Strawberry_Mojito_Mocktail,drinks,DRK-06,2,unknown,54000,error,take away
8377,SUN-37155,2024-09-14,Lotus Biscoff Cheesecake,desserts,DST-03,4,missing,100000,cash,dine in
8378,SUN-31348,2024-06-23,nan,food,FOD-02,2,32000,64000,digital wallet,take away
8379,SUN-41676,2024-10-05,Hot_Americano,drinks,DRK-02,1,22000,22000,digital wallet,dine in
8380,SUN-46414,2024-02-07,missing,drinks,DRK-01,1,25000,25000,cash,take away
8381,SUN-38087,2024-10-08,nan,food,unknown,3,40000,120000,error,missing
8382,SUN-48553,2024-05-12,missing,missing,FOD-02,2,32000,64000,credit card,online shop
8383,SUN-40685,2024-04-16,Mineral_Water,error,DRK-07,1,26000,26000,credit card,take away
8384,SUN-46664,2024-04-12,unknown,desserts,DST-03,1,25000,25000,digital wallet,dine in
8385,SUN-34150,2024-11-15,Matcha_Berry_Latte,drinks,DRK-03,3,28000,84000,missing,online shop
8386,SUN-35672,2024-11-30,Nasi Goreng Kampung Premium,food,FOD-02,4,32000,128000,unknown,nan
8387,SUN-47121,2024-06-14,Lemonade_Espresso_Tonic,drinks,DRK-05,2,24000,48000,credit card,take away
8388,SUN-44272,2024-09-27,Grilled Chicken Mentai Rice,food,FOD-04,3,unknown,126000,credit card,take away
8389,nan,2024-12-15,Lotus Biscoff Cheesecake,desserts,DST-03,2,25000,nan,cash,online shop
8390,missing,unknown,Mineral_Water,missing,DRK-07,4,26000,104000,digital wallet,unknown
8391,SUN-33120,2024-03-20,Strawberry_Mojito_Mocktail,drinks,DRK-06,unknown,27000,81000,digital wallet,dine in
8392,SUN-45585,2024-10-31,Classic_Beef_Burger,food,FOD-05,1,40000,40000,digital wallet,dine in
8393,SUN-46955,2024-01-27,Lotus Biscoff Cheesecake,error,DST-03,1,25000,25000,credit card,online shop
8394,SUN-38181,2024-05-31,Matcha_Berry_Latte,drinks,DRK-03,2,28000,56000,credit card,dine in
8395,SUN-36288,2024-07-01,Grilled Chicken Mentai Rice,food,FOD-04,unknown,42000,126000,credit card,dine in
8396,nan,2024-12-24,Iced_Aren_Latte,unknown,DRK-01,4,missing,100000,unknown,take away
8397,SUN-41590,2024-07-06,Strawberry_Mojito_Mocktail,drinks,DRK-06,4,27000,108000,cash,online shop
8398,SUN-46975,2024-09-27,Truffle Fries & Sausage,food,FOD-01,3,unknown,30000,cash,dine in
8399,SUN-42106,2024-12-05,nan,food,FOD-01,4,10000,40000,digital wallet,take away
8400,SUN-37125,2024-04-05,Mineral_Water,drinks,DRK-07,nan,26000,78000,credit card,online shop
8401,SUN-32588,2024-08-01,error,food,FOD-01,3,10000,30000,credit card,online shop
8402,SUN-33933,2024-09-08,Iced_Aren_Latte,drinks,DRK-01,3,25000,75000,digital wallet,dine in
8403,missing,2024-08-04,Nasi Goreng Kampung Premium,food,FOD-02,3,unknown,96000,credit card,take away
8404,SUN-36432,2024-05-18,unknown,drinks,DRK-02,3,22000,66000,cash,take away
8405,SUN-34968,2024-07-10,Fudgy Brownie With Ice Cream,desserts,DST-02,1,18000,18000,error,online shop
8406,SUN-47385,2024-07-23,Grilled Chicken Mentai Rice,food,FOD-04,1,42000,42000,cash,online shop
8407,SUN-49563,2024-01-01,Lemonade_Espresso_Tonic,drinks,DRK-05,1,24000,missing,error,dine in
8408,SUN-47368,2024-12-05,Classic_Beef_Burger,food,FOD-05,1,40000,40000,cash,dine in
8409,missing,2024-12-26,Strawberry_Mojito_Mocktail,drinks,DRK-06,4,unknown,108000,digital wallet,nan
8410,SUN-43487,2024-04-24,Creamy Spaghetti Carbonara,food,FOD-03,1,38000,38000,cash,take away
8411,missing,2024-05-12,Creamy Spaghetti Carbonara,food,FOD-03,1,38000,38000,error,take away
8412,SUN-49272,2024-10-15,Earl_Grey_Milk_Tea,drinks,DRK-04,unknown,24000,72000,cash,take away
8413,SUN-35599,2024-05-16,Butter Croissant,desserts,DST-01,4,45000,180000,cash,dine in
8414,SUN-38709,2024-04-28,Lotus Biscoff Cheesecake,desserts,DST-03,4,25000,100000,digital wallet,online shop
8415,SUN-37492,2024-10-15,error,drinks,DRK-01,2,25000,50000,nan,nan
8416,nan,2024-07-14,Lemonade_Espresso_Tonic,drinks,DRK-05,4,24000,96000,digital wallet,online shop
8417,unknown,2024-11-11,Fudgy Brownie With Ice Cream,desserts,DST-02,3,18000,54000,digital wallet,take away
8418,SUN-42950,2024-09-28,Classic_Beef_Burger,food,FOD-05,2,missing,error,digital wallet,take away
8419,SUN-36195,2024-02-07,Nasi Goreng Kampung Premium,food,FOD-02,1,32000,32000,credit card,dine in
8420,missing,2024-03-13,Tiramisu Tres Leches,desserts,unknown,2,22000,44000,credit card,error
8421,SUN-40247,2024-02-17,nan,food,FOD-05,1,40000,40000,unknown,take away
8422,SUN-44673,2024-04-11,Nasi Goreng Kampung Premium,food,FOD-02,3,missing,missing,digital wallet,take away
8423,SUN-43470,2024-09-11,Iced_Aren_Latte,drinks,DRK-01,4,25000,100000,cash,dine in
8424,SUN-49883,2024-03-11,Truffle Fries & Sausage,food,FOD-01,nan,10000,20000,cash,dine in
8425,SUN-37014,2024-10-02,Hot_Americano,drinks,DRK-02,3,unknown,error,credit card,take away
8426,SUN-31027,2024-12-10,Strawberry_Mojito_Mocktail,drinks,DRK-06,3,27000,81000,credit card,take away
8427,SUN-35591,2024-02-12,Nasi Goreng Kampung Premium,food,FOD-02,4,32000,128000,cash,dine in
8428,SUN-31738,2024-06-03,Mineral_Water,drinks,DRK-07,1,26000,26000,digital wallet,take away
8429,unknown,2024-02-26,nan,desserts,DST-01,3,45000,error,cash,take away
8430,SUN-46699,2024-08-14,Iced_Aren_Latte,drinks,DRK-01,2,missing,50000,credit card,take away
8431,SUN-48510,2024-07-31,Creamy Spaghetti Carbonara,unknown,FOD-03,3,38000,114000,digital wallet,take away
8432,unknown,2024-02-03,Butter Croissant,desserts,DST-01,2,45000,90000,cash,online shop
8433,SUN-30300,2024-08-16,Earl_Grey_Milk_Tea,drinks,unknown,1,24000,24000,cash,take away
8434,SUN-31398,2024-02-05,Lemonade_Espresso_Tonic,drinks,error,3,24000,72000,credit card,online shop
8435,SUN-45856,2024-03-13,Mineral_Water,unknown,DRK-07,1,nan,26000,credit card,online shop
8436,SUN-30361,2024-07-20,missing,desserts,DST-04,4,35000,140000,digital wallet,online shop
8437,SUN-41530,2024-11-14,Nasi Goreng Kampung Premium,food,FOD-02,1,32000,32000,credit card,take away
8438,SUN-30534,2024-12-10,Nasi Goreng Kampung Premium,food,FOD-02,2,32000,64000,digital wallet,online shop
8439,SUN-35829,2024-05-03,Classic_Beef_Burger,food,FOD-05,4,40000,160000,digital wallet,take away
8440,SUN-36918,2024-01-07,missing,food,FOD-02,1,32000,32000,credit card,online shop
8441,SUN-32774,2024-05-16,Iced_Aren_Latte,drinks,DRK-01,1,25000,25000,digital wallet,take away
8442,SUN-46984,2024-10-31,missing,drinks,DRK-07,2,26000,52000,credit card,unknown
8443,SUN-39251,2024-04-12,Mineral_Water,drinks,DRK-07,1,26000,26000,credit card,online shop
8444,nan,2024-10-07,Tiramisu Tres Leches,desserts,DST-05,4,22000,88000,unknown,error
8445,SUN-37004,2024-09-18,Nasi Goreng Kampung Premium,food,FOD-02,1,32000,32000,unknown,dine in
8446,SUN-35225,2024-06-09,Lotus Biscoff Cheesecake,desserts,DST-03,2,25000,50000,digital wallet,take away
8447,SUN-31735,2024-07-19,nan,unknown,DRK-01,1,25000,25000,missing,dine in
8448,SUN-31807,2024-11-07,Earl_Grey_Milk_Tea,drinks,DRK-04,4,24000,96000,credit card,online shop
8449,SUN-39270,2024-09-25,unknown,desserts,DST-03,2,25000,50000,error,unknown
8450,SUN-38648,2024-04-22,nan,drinks,DRK-02,1,22000,22000,cash,take away
8451,SUN-41406,2024-08-08,Strawberry_Mojito_Mocktail,drinks,DRK-06,3,nan,81000,unknown,take away
8452,SUN-33486,2024-01-22,Grilled Chicken Mentai Rice,food,FOD-04,3,42000,error,digital wallet,take away
8453,SUN-35125,2024-01-31,Lotus Biscoff Cheesecake,desserts,DST-03,4,25000,100000,cash,take away
8454,SUN-47584,2024-12-26,nan,desserts,DST-02,2,18000,36000,cash,dine in
8455,SUN-31233,2024-08-20,nan,food,FOD-04,1,42000,42000,credit card,missing
8456,SUN-48924,2024-01-19,Tiramisu Tres Leches,unknown,DST-05,1,22000,22000,unknown,dine in
8457,SUN-46478,2024-02-28,Fudgy Brownie With Ice Cream,desserts,DST-02,1,missing,18000,cash,dine in
8458,SUN-42927,2024-02-20,Mineral_Water,nan,error,4,unknown,104000,credit card,take away
8459,SUN-41200,2024-03-11,Tiramisu Tres Leches,desserts,DST-05,4,22000,88000,digital wallet,dine in
8460,SUN-33041,2024-11-10,Lemonade_Espresso_Tonic,drinks,DRK-05,3,24000,72000,digital wallet,take away
8461,SUN-42859,2024-07-23,missing,food,FOD-05,1,40000,40000,digital wallet,dine in
8462,SUN-39321,2024-11-03,Creamy Spaghetti Carbonara,food,FOD-03,2,38000,76000,credit card,online shop
8463,SUN-32445,2024-07-10,Iced_Aren_Latte,drinks,DRK-01,3,25000,unknown,digital wallet,online shop
8464,SUN-39666,2024-04-07,Creamy Spaghetti Carbonara,food,FOD-03,1,38000,38000,digital wallet,online shop
8465,SUN-49242,2024-05-03,Tiramisu Tres Leches,desserts,DST-05,4,22000,88000,digital wallet,online shop
8466,nan,2024-05-19,Classic_Beef_Burger,missing,FOD-05,4,40000,160000,cash,error
8467,SUN-40423,2024-09-01,Nasi Goreng Kampung Premium,food,error,2,32000,64000,missing,online shop
8468,SUN-45872,2024-10-16,Hot_Americano,drinks,DRK-02,1,22000,22000,credit card,dine in
8469,SUN-38798,2024-04-18,Fudgy Brownie With Ice Cream,desserts,DST-02,4,18000,72000,missing,dine in
8470,error,2024-04-11,missing,error,DRK-06,3,27000,81000,cash,dine in
8471,SUN-46651,2024-02-04,Butter Croissant,desserts,DST-01,2,45000,missing,credit card,online shop
8472,SUN-45078,2024-06-25,missing,desserts,DST-04,3,35000,105000,cash,missing
8473,SUN-45019,2024-05-01,nan,drinks,DRK-03,nan,28000,28000,cash,online shop
8474,SUN-41479,2024-10-10,Truffle Fries & Sausage,food,FOD-01,1,10000,unknown,digital wallet,online shop
8475,SUN-38767,2024-05-25,Classic_Beef_Burger,food,FOD-05,4,missing,160000,digital wallet,dine in
8476,SUN-44711,2024-06-05,nan,desserts,DST-02,3,18000,54000,credit card,dine in
8477,SUN-31557,2024-07-14,missing,unknown,DST-05,3,22000,66000,unknown,dine in
8478,SUN-48255,2024-11-02,Truffle Fries & Sausage,food,FOD-01,4,10000,40000,nan,online shop
8479,SUN-32396,2024-03-24,Matcha_Berry_Latte,drinks,DRK-03,2,28000,56000,digital wallet,nan
8480,SUN-33691,2024-08-06,unknown,desserts,DST-03,1,25000,25000,error,dine in
8481,SUN-41210,2024-10-13,Classic_Beef_Burger,food,FOD-05,1,40000,40000,credit card,take away
8482,SUN-35351,2024-11-16,Tiramisu Tres Leches,desserts,DST-05,unknown,22000,88000,unknown,dine in
8483,SUN-41090,2024-12-16,Nasi Goreng Kampung Premium,missing,FOD-02,2,missing,64000,digital wallet,dine in
8484,SUN-41924,2024-11-06,Nasi Goreng Kampung Premium,food,FOD-02,4,unknown,128000,cash,online shop
8485,SUN-34641,2024-02-06,Lemonade_Espresso_Tonic,drinks,nan,3,24000,72000,cash,online shop
8486,SUN-39990,2024-10-25,Mineral_Water,drinks,DRK-07,1,error,26000,error,dine in
8487,SUN-31763,2024-12-12,Grilled Chicken Mentai Rice,food,FOD-04,3,42000,126000,digital wallet,online shop
8488,SUN-48992,2024-04-19,Butter Croissant,nan,DST-01,4,45000,error,digital wallet,online shop
8489,SUN-31654,2024-04-04,Classic_Beef_Burger,food,FOD-05,2,40000,80000,cash,take away
8490,SUN-44437,2024-10-17,Strawberry_Mojito_Mocktail,drinks,DRK-06,3,27000,81000,cash,take away
8491,unknown,2024-05-22,missing,desserts,DST-04,2,35000,70000,cash,dine in
8492,SUN-30297,2024-04-21,error,drinks,DRK-04,4,24000,96000,cash,online shop
8493,SUN-44338,2024-09-09,Cinnamon Roll,desserts,DST-04,error,35000,70000,cash,take away
8494,SUN-30953,2024-01-19,error,drinks,DRK-01,2,25000,50000,digital wallet,dine in
8495,SUN-46453,2024-04-15,Iced_Aren_Latte,drinks,DRK-01,1,25000,25000,cash,dine in
8496,SUN-41664,2024-11-16,Nasi Goreng Kampung Premium,food,FOD-02,2,32000,64000,cash,online shop
8497,SUN-49399,2024-04-16,Matcha_Berry_Latte,drinks,DRK-03,3,missing,84000,digital wallet,take away
8498,SUN-38499,2024-06-19,error,desserts,DST-05,2,22000,44000,cash,online shop
8499,SUN-35819,2024-01-17,Iced_Aren_Latte,drinks,DRK-01,3,25000,75000,missing,dine in
8500,SUN-41988,2024-09-01,Lemonade_Espresso_Tonic,drinks,DRK-05,4,24000,unknown,cash,dine in
8501,SUN-47228,2024-09-19,Cinnamon Roll,desserts,DST-04,4,35000,140000,digital wallet,dine in
8502,SUN-32853,2024-10-09,Lotus Biscoff Cheesecake,desserts,DST-03,4,25000,100000,digital wallet,dine in
8503,SUN-37978,2024-06-06,Cinnamon Roll,desserts,DST-04,4,35000,140000,cash,dine in
8504,SUN-34653,2024-02-18,Butter Croissant,desserts,DST-01,4,45000,180000,cash,take away
8505,error,2024-10-28,Butter Croissant,nan,DST-01,2,45000,unknown,cash,nan
8506,SUN-44862,2024-05-09,Hot_Americano,drinks,DRK-02,3,22000,66000,digital wallet,online shop
8507,SUN-30011,2024-12-29,Earl_Grey_Milk_Tea,drinks,DRK-04,4,24000,96000,digital wallet,online shop
8508,SUN-43231,2024-05-18,Mineral_Water,drinks,DRK-07,1,26000,26000,credit card,dine in
8509,SUN-33854,2024-12-01,Earl_Grey_Milk_Tea,drinks,DRK-04,3,24000,72000,digital wallet,dine in
8510,SUN-40856,2024-04-20,Tiramisu Tres Leches,error,DST-05,unknown,22000,unknown,missing,take away
8511,SUN-49133,2024-06-26,Hot_Americano,drinks,DRK-02,4,22000,88000,nan,dine in
8512,SUN-49678,2024-08-08,Creamy Spaghetti Carbonara,food,FOD-03,4,38000,error,digital wallet,take away
8513,SUN-41790,2024-10-02,Classic_Beef_Burger,food,FOD-05,1,missing,40000,missing,take away
8514,SUN-36462,2024-03-01,unknown,drinks,DRK-06,error,27000,81000,credit card,online shop
8515,SUN-31250,2024-04-27,Grilled Chicken Mentai Rice,food,FOD-04,2,42000,84000,digital wallet,dine in
8516,error,2024-08-15,error,missing,DRK-03,unknown,28000,28000,digital wallet,take away
8517,missing,2024-11-16,Tiramisu Tres Leches,desserts,DST-05,2,22000,44000,credit card,dine in
8518,SUN-35010,2024-03-08,Butter Croissant,desserts,DST-01,3,nan,135000,credit card,take away
8519,SUN-35123,2024-02-09,Fudgy Brownie With Ice Cream,desserts,DST-02,1,18000,18000,cash,online shop
8520,SUN-48335,2024-10-07,error,drinks,DRK-05,3,24000,72000,unknown,unknown
8521,SUN-49751,2024-07-05,Creamy Spaghetti Carbonara,food,FOD-03,3,error,114000,credit card,online shop
8522,SUN-47734,2024-09-09,missing,desserts,DST-05,1,unknown,22000,credit card,take away
8523,SUN-31996,2024-07-02,Iced_Aren_Latte,drinks,DRK-01,2,25000,50000,cash,online shop
8524,error,2024-09-06,Grilled Chicken Mentai Rice,missing,FOD-04,2,42000,84000,credit card,take away
8525,SUN-34551,2024-12-10,Strawberry_Mojito_Mocktail,nan,DRK-06,3,27000,81000,credit card,take away
8526,SUN-33040,2024-01-06,Lotus Biscoff Cheesecake,desserts,DST-03,nan,25000,100000,credit card,dine in
8527,SUN-48944,2024-10-30,Lemonade_Espresso_Tonic,drinks,DRK-05,4,24000,96000,digital wallet,dine in
8528,SUN-39460,2024-02-08,Lotus Biscoff Cheesecake,desserts,DST-03,3,25000,75000,credit card,online shop
8529,SUN-36422,2024-10-30,Fudgy Brownie With Ice Cream,unknown,DST-02,1,18000,18000,credit card,missing
8530,error,2024-01-28,Lotus Biscoff Cheesecake,desserts,DST-03,3,25000,75000,cash,dine in
8531,SUN-34524,2024-11-13,Mineral_Water,drinks,DRK-07,4,26000,104000,digital wallet,online shop
8532,SUN-32897,2024-09-29,Earl_Grey_Milk_Tea,drinks,DRK-04,unknown,24000,96000,digital wallet,take away
8533,SUN-36789,2024-10-03,unknown,missing,DRK-04,4,24000,96000,cash,dine in
8534,SUN-40310,2024-02-09,Creamy Spaghetti Carbonara,food,FOD-03,3,unknown,114000,credit card,error
8535,SUN-39070,2024-06-24,Butter Croissant,desserts,DST-01,4,45000,180000,cash,online shop
8536,SUN-36125,2024-04-16,Lemonade_Espresso_Tonic,drinks,DRK-05,missing,24000,48000,digital wallet,take away
8537,SUN-34523,2024-03-01,Iced_Aren_Latte,drinks,DRK-01,1,unknown,25000,credit card,online shop
8538,nan,2024-12-18,Lemonade_Espresso_Tonic,drinks,DRK-05,2,24000,48000,nan,missing
8539,SUN-46014,2024-03-30,Nasi Goreng Kampung Premium,food,FOD-02,2,32000,64000,cash,online shop
8540,SUN-47866,2024-08-16,unknown,drinks,DRK-02,4,unknown,88000,cash,dine in
8541,SUN-42225,2024-05-23,Lemonade_Espresso_Tonic,drinks,DRK-05,4,24000,error,credit card,nan
8542,SUN-32316,2024-05-05,Matcha_Berry_Latte,drinks,DRK-03,2,28000,56000,cash,missing
8543,SUN-39115,2024-07-25,Truffle Fries & Sausage,food,FOD-01,unknown,10000,10000,credit card,dine in
8544,SUN-49088,2024-05-01,Lemonade_Espresso_Tonic,drinks,nan,2,24000,48000,cash,online shop
8545,SUN-34225,2024-12-18,missing,drinks,DRK-07,1,26000,26000,cash,take away
8546,nan,2024-06-22,Lemonade_Espresso_Tonic,drinks,DRK-05,1,24000,24000,cash,online shop
8547,SUN-37883,2024-01-11,nan,food,FOD-05,3,40000,120000,digital wallet,take away
8548,SUN-39924,2024-05-27,Lemonade_Espresso_Tonic,drinks,DRK-05,3,24000,72000,digital wallet,missing
8549,nan,2024-11-28,nan,food,FOD-01,1,missing,10000,cash,take away
8550,SUN-46000,2024-03-01,Strawberry_Mojito_Mocktail,drinks,DRK-06,1,27000,27000,nan,dine in
8551,SUN-48762,2024-05-17,Strawberry_Mojito_Mocktail,drinks,DRK-06,3,27000,81000,cash,unknown
8552,SUN-48074,2024-01-13,Truffle Fries & Sausage,food,FOD-01,3,10000,30000,unknown,dine in
8553,SUN-36248,2024-07-02,Lemonade_Espresso_Tonic,error,DRK-05,3,24000,72000,credit card,nan
8554,missing,2024-03-19,nan,drinks,DRK-07,unknown,26000,104000,credit card,missing
8555,SUN-30655,2024-09-16,Hot_Americano,drinks,DRK-02,2,22000,44000,cash,online shop
8556,SUN-43223,2024-07-08,Cinnamon Roll,missing,DST-04,missing,35000,35000,credit card,take away
8557,SUN-40599,2024-01-16,Cinnamon Roll,desserts,DST-04,4,35000,140000,unknown,take away
8558,SUN-41621,2024-03-20,Hot_Americano,drinks,DRK-02,4,22000,88000,credit card,dine in
8559,SUN-48478,2024-04-07,Matcha_Berry_Latte,drinks,DRK-03,1,28000,28000,digital wallet,online shop
8560,SUN-34730,2024-02-13,Truffle Fries & Sausage,food,FOD-01,4,10000,40000,missing,take away
8561,SUN-32439,2024-10-01,Matcha_Berry_Latte,drinks,DRK-03,4,28000,112000,cash,take away
8562,SUN-40675,2024-06-22,Cinnamon Roll,desserts,DST-04,2,35000,nan,credit card,online shop
8563,SUN-36910,2024-03-21,Earl_Grey_Milk_Tea,drinks,DRK-04,2,24000,48000,unknown,take away
8564,SUN-33154,2024-07-03,Truffle Fries & Sausage,food,FOD-01,4,10000,40000,digital wallet,dine in
8565,SUN-39299,2024-02-01,Truffle Fries & Sausage,food,FOD-01,4,10000,40000,digital wallet,online shop
8566,SUN-34170,2024-05-06,Cinnamon Roll,desserts,DST-04,4,35000,140000,credit card,online shop
8567,error,2024-03-04,Matcha_Berry_Latte,drinks,DRK-03,1,28000,28000,credit card,error
8568,SUN-42205,unknown,nan,drinks,DRK-05,3,missing,72000,digital wallet,online shop
8569,SUN-36951,2024-01-06,Lotus Biscoff Cheesecake,nan,DST-03,1,25000,25000,digital wallet,online shop
8570,SUN-34175,2024-04-20,Fudgy Brownie With Ice Cream,desserts,DST-02,1,18000,18000,credit card,take away
8571,SUN-32424,2024-11-22,missing,drinks,DRK-01,2,25000,50000,credit card,nan
8572,SUN-46412,2024-11-11,Earl_Grey_Milk_Tea,drinks,unknown,2,missing,unknown,cash,dine in
8573,SUN-44359,2024-07-18,missing,desserts,DST-05,1,22000,22000,error,take away
8574,SUN-41416,2024-08-03,Tiramisu Tres Leches,desserts,DST-05,3,22000,66000,missing,take away
8575,SUN-32891,2024-09-13,missing,drinks,DRK-06,2,missing,54000,credit card,dine in
8576,SUN-39121,2024-03-28,Lemonade_Espresso_Tonic,drinks,DRK-05,3,24000,72000,digital wallet,take away
8577,SUN-41826,2024-01-19,Cinnamon Roll,desserts,DST-04,2,35000,unknown,cash,online shop
8578,SUN-30541,2024-04-27,Hot_Americano,drinks,DRK-02,3,22000,unknown,digital wallet,online shop
8579,SUN-45875,2024-10-17,Lotus Biscoff Cheesecake,desserts,DST-03,4,25000,100000,cash,nan
8580,SUN-36164,2024-08-05,Butter Croissant,desserts,DST-01,error,45000,180000,cash,dine in
8581,SUN-33840,2024-06-11,Nasi Goreng Kampung Premium,food,FOD-02,3,32000,nan,digital wallet,take away
8582,SUN-31715,2024-11-25,unknown,food,FOD-03,2,38000,76000,digital wallet,online shop
8583,SUN-33840,2024-03-21,nan,drinks,DRK-01,4,25000,100000,digital wallet,dine in
8584,SUN-35301,2024-07-15,Truffle Fries & Sausage,food,FOD-01,3,10000,30000,cash,take away
8585,SUN-49636,2024-10-17,nan,desserts,DST-01,3,45000,135000,digital wallet,online shop
8586,SUN-32355,2024-03-18,Lotus Biscoff Cheesecake,desserts,DST-03,4,25000,100000,unknown,online shop
8587,SUN-39892,2024-04-22,Earl_Grey_Milk_Tea,error,DRK-04,2,24000,unknown,digital wallet,take away
8588,SUN-41869,2024-07-26,error,drinks,DRK-03,3,28000,84000,digital wallet,unknown
8589,SUN-49634,2024-01-13,Butter Croissant,desserts,DST-01,1,45000,45000,digital wallet,online shop
8590,SUN-45135,2024-11-06,missing,desserts,DST-04,3,35000,105000,cash,dine in
8591,SUN-39325,2024-02-21,Tiramisu Tres Leches,desserts,error,missing,22000,88000,credit card,dine in
8592,SUN-46896,2024-12-28,Creamy Spaghetti Carbonara,food,FOD-03,1,38000,38000,nan,online shop
8593,SUN-41238,2024-02-26,Lemonade_Espresso_Tonic,drinks,DRK-05,3,24000,72000,cash,take away
8594,SUN-35920,2024-12-15,error,desserts,DST-03,4,25000,missing,cash,take away
8595,SUN-47546,2024-05-04,error,food,FOD-02,1,32000,32000,credit card,take away
8596,SUN-49435,2024-01-01,unknown,food,FOD-02,1,32000,32000,credit card,dine in
8597,SUN-31718,2024-04-09,Iced_Aren_Latte,drinks,DRK-01,2,25000,50000,cash,take away
8598,SUN-40293,2024-07-16,Grilled Chicken Mentai Rice,food,FOD-04,3,42000,126000,digital wallet,take away
8599,SUN-35741,2024-01-17,Truffle Fries & Sausage,food,FOD-01,3,nan,30000,unknown,take away
8600,SUN-40000,2024-09-04,nan,drinks,DRK-06,4,27000,nan,credit card,take away
8601,unknown,2024-02-16,nan,missing,DRK-06,2,27000,54000,cash,online shop
8602,SUN-33551,2024-06-18,Tiramisu Tres Leches,desserts,DST-05,4,22000,88000,credit card,take away
8603,SUN-49807,2024-12-24,Cinnamon Roll,desserts,DST-04,1,35000,unknown,cash,dine in
8604,unknown,2024-09-16,Strawberry_Mojito_Mocktail,drinks,DRK-06,3,27000,81000,credit card,missing
8605,SUN-49841,2024-12-23,Truffle Fries & Sausage,food,FOD-01,2,10000,20000,missing,online shop
8606,unknown,2024-04-07,unknown,nan,DRK-01,3,25000,75000,credit card,dine in
8607,unknown,2024-11-30,Truffle Fries & Sausage,food,FOD-01,missing,10000,30000,missing,take away
8608,SUN-36279,2024-03-28,error,drinks,DRK-03,4,28000,nan,digital wallet,missing
8609,SUN-45478,2024-10-14,Strawberry_Mojito_Mocktail,drinks,DRK-06,4,27000,108000,cash,take away
8610,SUN-49249,2024-06-10,Truffle Fries & Sausage,food,FOD-01,3,10000,30000,cash,dine in
8611,SUN-41352,2024-03-04,Hot_Americano,drinks,DRK-02,1,22000,nan,credit card,take away
8612,SUN-32690,2024-04-08,Nasi Goreng Kampung Premium,food,FOD-02,4,32000,128000,digital wallet,dine in
8613,SUN-32044,2024-09-10,Nasi Goreng Kampung Premium,food,FOD-02,1,32000,32000,digital wallet,dine in
8614,SUN-39745,2024-03-17,Nasi Goreng Kampung Premium,food,FOD-02,2,32000,nan,cash,dine in
8615,SUN-46103,2024-04-18,Strawberry_Mojito_Mocktail,drinks,DRK-06,2,27000,nan,digital wallet,take away
8616,SUN-32986,2024-07-24,Tiramisu Tres Leches,desserts,DST-05,2,22000,44000,digital wallet,missing
8617,SUN-39398,2024-02-09,error,nan,FOD-05,2,40000,80000,cash,take away
8618,unknown,2024-09-02,Nasi Goreng Kampung Premium,food,FOD-02,4,32000,128000,credit card,online shop
8619,SUN-45149,2024-01-22,Lotus Biscoff Cheesecake,desserts,DST-03,4,25000,100000,credit card,take away
8620,SUN-43890,2024-01-18,Matcha_Berry_Latte,drinks,DRK-03,3,28000,84000,nan,dine in
8621,nan,2024-03-14,Butter Croissant,desserts,DST-01,3,45000,135000,digital wallet,dine in
8622,SUN-33066,2024-09-06,Grilled Chicken Mentai Rice,food,FOD-04,2,42000,error,cash,take away
8623,SUN-31336,2024-09-16,Lemonade_Espresso_Tonic,drinks,DRK-05,1,24000,nan,cash,dine in
8624,SUN-30353,2024-08-02,Mineral_Water,drinks,DRK-07,2,26000,52000,digital wallet,take away
8625,SUN-40521,2024-02-19,Fudgy Brownie With Ice Cream,desserts,DST-02,2,error,36000,cash,online shop
8626,SUN-45111,2024-01-08,Butter Croissant,desserts,DST-01,1,45000,45000,credit card,dine in
8627,unknown,2024-09-30,Lemonade_Espresso_Tonic,drinks,DRK-05,3,24000,72000,credit card,dine in
8628,SUN-32332,2024-08-27,Lemonade_Espresso_Tonic,drinks,missing,3,24000,72000,cash,take away
8629,SUN-36082,2024-12-22,Mineral_Water,drinks,DRK-07,2,26000,52000,digital wallet,online shop
8630,SUN-43753,2024-06-11,Hot_Americano,drinks,DRK-02,3,22000,error,cash,dine in
8631,SUN-47675,2024-06-27,Classic_Beef_Burger,food,FOD-05,unknown,40000,120000,credit card,take away
8632,SUN-45290,2024-10-17,Grilled Chicken Mentai Rice,food,FOD-04,nan,42000,unknown,credit card,take away
8633,SUN-38950,2024-08-23,Classic_Beef_Burger,food,FOD-05,4,40000,160000,digital wallet,take away
8634,SUN-36584,2024-05-28,Butter Croissant,desserts,DST-01,3,45000,135000,credit card,dine in
8635,SUN-30243,2024-11-14,Truffle Fries & Sausage,food,FOD-01,1,10000,10000,credit card,take away
8636,SUN-45591,2024-05-03,Matcha_Berry_Latte,drinks,DRK-03,3,28000,84000,missing,take away
8637,SUN-46408,2024-04-06,Truffle Fries & Sausage,food,FOD-01,2,10000,20000,digital wallet,missing
8638,SUN-49041,2024-02-17,Earl_Grey_Milk_Tea,drinks,DRK-04,4,24000,error,cash,unknown
8639,SUN-47139,2024-11-24,Lotus Biscoff Cheesecake,desserts,missing,missing,25000,25000,credit card,online shop
8640,SUN-38832,2024-02-07,Earl_Grey_Milk_Tea,drinks,DRK-04,3,24000,72000,digital wallet,missing
8641,SUN-33548,2024-08-16,Lotus Biscoff Cheesecake,desserts,DST-03,2,25000,error,digital wallet,take away
8642,SUN-45020,2024-09-23,Tiramisu Tres Leches,desserts,DST-05,unknown,22000,44000,cash,online shop
8643,SUN-31679,2024-06-15,Iced_Aren_Latte,drinks,DRK-01,error,25000,100000,digital wallet,online shop
8644,SUN-43050,2024-04-05,Hot_Americano,drinks,DRK-02,4,22000,88000,digital wallet,error
8645,SUN-40027,2024-07-08,Butter Croissant,desserts,DST-01,3,45000,135000,nan,online shop
8646,SUN-36576,2024-12-16,Fudgy Brownie With Ice Cream,desserts,DST-02,4,18000,72000,cash,take away
8647,SUN-43183,2024-02-22,Matcha_Berry_Latte,drinks,DRK-03,4,28000,112000,digital wallet,dine in
8648,SUN-44912,2024-12-09,Truffle Fries & Sausage,food,FOD-01,3,10000,30000,cash,take away
8649,SUN-48887,2024-09-08,Mineral_Water,drinks,DRK-07,2,26000,missing,cash,take away
8650,SUN-33027,2024-10-26,Grilled Chicken Mentai Rice,food,FOD-04,2,unknown,84000,cash,error
8651,SUN-42316,2024-11-15,Nasi Goreng Kampung Premium,food,FOD-02,1,32000,32000,missing,online shop
8652,SUN-37329,2024-09-13,Classic_Beef_Burger,food,FOD-05,3,40000,120000,digital wallet,take away
8653,SUN-37746,2024-08-10,nan,drinks,DRK-07,1,26000,26000,digital wallet,dine in
8654,SUN-41799,2024-08-13,Classic_Beef_Burger,food,FOD-05,3,40000,120000,cash,unknown
8655,SUN-43169,2024-05-25,Strawberry_Mojito_Mocktail,drinks,DRK-06,3,27000,81000,cash,take away
8656,SUN-38381,2024-03-05,missing,unknown,DRK-02,4,22000,88000,missing,error
8657,SUN-45932,2024-05-29,error,desserts,DST-05,1,22000,22000,unknown,online shop
8658,unknown,2024-02-25,Lemonade_Espresso_Tonic,drinks,DRK-05,1,unknown,24000,cash,online shop
8659,SUN-41709,2024-02-05,Lemonade_Espresso_Tonic,nan,DRK-05,3,24000,72000,cash,dine in
8660,SUN-30470,2024-08-30,Earl_Grey_Milk_Tea,drinks,DRK-04,3,unknown,72000,digital wallet,online shop
8661,SUN-36345,2024-10-04,unknown,desserts,DST-01,2,45000,90000,credit card,error
8662,SUN-39403,2024-10-20,Mineral_Water,drinks,DRK-07,3,missing,78000,credit card,dine in
8663,SUN-41293,2024-04-16,missing,food,FOD-03,2,error,76000,cash,dine in
8664,SUN-45351,2024-06-24,Creamy Spaghetti Carbonara,food,unknown,4,38000,152000,cash,dine in
8665,SUN-37690,2024-01-07,Earl_Grey_Milk_Tea,drinks,DRK-04,2,24000,error,unknown,take away
8666,SUN-34476,2024-10-07,Lemonade_Espresso_Tonic,drinks,DRK-05,3,24000,72000,digital wallet,dine in
8667,SUN-40543,2024-11-25,Truffle Fries & Sausage,food,FOD-01,2,10000,error,digital wallet,take away
8668,SUN-47287,2024-12-28,nan,food,FOD-04,4,42000,nan,cash,dine in
8669,SUN-33403,2024-03-07,Cinnamon Roll,desserts,DST-04,4,35000,140000,digital wallet,unknown
8670,SUN-42741,2024-02-17,Lotus Biscoff Cheesecake,desserts,DST-03,2,25000,50000,digital wallet,online shop
8671,SUN-48023,2024-06-07,Truffle Fries & Sausage,food,error,missing,10000,missing,credit card,dine in
8672,SUN-48027,2024-02-13,Classic_Beef_Burger,food,FOD-05,2,40000,unknown,digital wallet,unknown
8673,SUN-43101,2024-02-06,unknown,drinks,DRK-02,4,nan,88000,cash,dine in
8674,SUN-31503,2024-07-05,Iced_Aren_Latte,drinks,DRK-01,1,25000,25000,digital wallet,dine in
8675,SUN-44790,2024-12-13,Hot_Americano,drinks,DRK-02,1,22000,22000,cash,online shop
8676,SUN-39223,2024-04-07,Creamy Spaghetti Carbonara,food,FOD-03,4,38000,152000,credit card,dine in
8677,SUN-46891,2024-10-07,missing,drinks,DRK-05,1,24000,24000,cash,online shop
8678,SUN-43426,2024-12-06,Mineral_Water,drinks,DRK-07,1,26000,26000,cash,dine in
8679,SUN-36251,2024-10-11,Butter Croissant,missing,DST-01,1,45000,45000,digital wallet,online shop
8680,SUN-47656,2024-05-16,nan,error,DRK-03,2,28000,56000,cash,error
8681,SUN-31224,2024-07-03,Lemonade_Espresso_Tonic,drinks,DRK-05,4,error,96000,digital wallet,take away
8682,SUN-36422,2024-06-12,Cinnamon Roll,desserts,nan,1,35000,unknown,nan,take away
8683,SUN-30798,2024-09-17,Cinnamon Roll,nan,DST-04,4,35000,140000,digital wallet,take away
8684,SUN-48943,2024-01-14,Cinnamon Roll,desserts,DST-04,4,35000,140000,credit card,take away
8685,SUN-32558,2024-05-18,Lemonade_Espresso_Tonic,drinks,DRK-05,1,24000,nan,digital wallet,nan
8686,SUN-36116,2024-02-11,Butter Croissant,desserts,DST-01,4,45000,180000,digital wallet,missing
8687,SUN-47184,2024-11-04,Mineral_Water,drinks,DRK-07,3,26000,78000,credit card,dine in
8688,SUN-48965,2024-06-21,Classic_Beef_Burger,error,FOD-05,3,40000,120000,digital wallet,dine in
8689,SUN-49416,2024-02-29,Hot_Americano,drinks,DRK-02,3,22000,66000,missing,dine in
8690,SUN-46911,2024-10-24,Nasi Goreng Kampung Premium,food,error,4,32000,128000,nan,online shop
8691,SUN-46358,2024-05-05,Grilled Chicken Mentai Rice,food,FOD-04,1,unknown,error,cash,unknown
8692,SUN-36421,2024-11-17,Hot_Americano,nan,DRK-02,4,22000,error,digital wallet,take away
8693,SUN-36523,2024-02-13,Earl_Grey_Milk_Tea,drinks,DRK-04,3,24000,error,credit card,dine in
8694,SUN-32285,2024-10-16,Matcha_Berry_Latte,drinks,DRK-03,4,28000,112000,cash,take away
8695,SUN-37166,2024-06-01,Creamy Spaghetti Carbonara,food,FOD-03,2,38000,76000,digital wallet,online shop
8696,SUN-48939,2024-07-16,nan,drinks,DRK-02,1,22000,22000,nan,take away
8697,SUN-42106,2024-11-11,Fudgy Brownie With Ice Cream,desserts,DST-02,1,18000,missing,digital wallet,take away
8698,SUN-32577,2024-02-11,Fudgy Brownie With Ice Cream,desserts,DST-02,2,18000,36000,cash,take away
8699,unknown,2024-09-20,nan,food,FOD-01,1,10000,10000,digital wallet,dine in
8700,SUN-35422,2024-11-20,unknown,drinks,DRK-01,2,25000,50000,digital wallet,take away
8701,SUN-39112,2024-12-20,Earl_Grey_Milk_Tea,drinks,DRK-04,3,24000,72000,digital wallet,dine in
8702,SUN-49199,2024-11-04,Strawberry_Mojito_Mocktail,nan,DRK-06,3,27000,missing,digital wallet,dine in
8703,SUN-47672,2024-12-21,nan,desserts,DST-03,1,25000,25000,credit card,dine in
8704,SUN-40454,2024-02-27,Creamy Spaghetti Carbonara,food,FOD-03,4,nan,152000,credit card,take away
8705,SUN-35384,2024-12-12,Nasi Goreng Kampung Premium,food,unknown,4,32000,unknown,missing,online shop
8706,SUN-47568,2024-01-17,Nasi Goreng Kampung Premium,food,FOD-02,1,32000,32000,cash,take away
8707,SUN-38045,2024-09-05,Butter Croissant,desserts,DST-01,4,45000,180000,credit card,dine in
8708,SUN-34303,2024-10-11,Nasi Goreng Kampung Premium,food,FOD-02,3,32000,96000,cash,take away
8709,SUN-37740,2024-03-01,Truffle Fries & Sausage,food,FOD-01,3,error,30000,credit card,dine in
8710,SUN-41186,2024-11-11,Hot_Americano,drinks,DRK-02,error,22000,66000,cash,dine in
8711,SUN-40910,2024-05-03,missing,desserts,DST-03,1,error,25000,unknown,dine in
8712,SUN-45412,2024-04-18,Truffle Fries & Sausage,food,FOD-01,2,10000,20000,digital wallet,online shop
8713,SUN-37744,2024-11-17,Strawberry_Mojito_Mocktail,drinks,DRK-06,3,missing,81000,cash,online shop
8714,SUN-47583,2024-01-05,Matcha_Berry_Latte,drinks,DRK-03,4,error,112000,credit card,take away
8715,SUN-41690,2024-09-03,Classic_Beef_Burger,food,FOD-05,error,40000,80000,credit card,dine in
8716,error,2024-10-18,Iced_Aren_Latte,drinks,error,4,25000,100000,credit card,dine in
8717,SUN-30838,2024-03-16,Truffle Fries & Sausage,food,error,1,10000,error,digital wallet,dine in
8718,SUN-39361,2024-07-21,Lemonade_Espresso_Tonic,drinks,DRK-05,3,24000,72000,digital wallet,dine in
8719,SUN-41892,2024-04-29,Strawberry_Mojito_Mocktail,drinks,DRK-06,2,unknown,54000,cash,dine in
8720,SUN-43603,2024-03-06,Cinnamon Roll,desserts,DST-04,3,35000,105000,credit card,take away
8721,nan,2024-08-10,Classic_Beef_Burger,food,FOD-05,2,40000,nan,credit card,take away
8722,SUN-49239,2024-02-21,Matcha_Berry_Latte,drinks,DRK-03,3,28000,unknown,cash,online shop
8723,SUN-37859,2024-04-28,Truffle Fries & Sausage,food,FOD-01,missing,10000,10000,credit card,take away
8724,SUN-37427,2024-03-18,Grilled Chicken Mentai Rice,food,FOD-04,3,42000,126000,credit card,online shop
8725,SUN-35897,2024-02-11,error,drinks,DRK-01,4,25000,100000,cash,missing
8726,unknown,2024-10-04,Cinnamon Roll,desserts,DST-04,4,35000,140000,credit card,unknown
8727,SUN-32220,2024-04-29,Fudgy Brownie With Ice Cream,desserts,DST-02,2,18000,36000,cash,take away
8728,SUN-33990,2024-08-22,Mineral_Water,nan,DRK-07,1,26000,26000,digital wallet,take away
8729,SUN-48448,2024-10-13,Tiramisu Tres Leches,desserts,DST-05,unknown,22000,88000,digital wallet,online shop
8730,SUN-42363,2024-01-28,Earl_Grey_Milk_Tea,missing,DRK-04,3,24000,72000,digital wallet,take away
8731,SUN-33793,2024-10-18,nan,desserts,DST-05,3,22000,66000,cash,nan
8732,SUN-47692,2024-02-01,Tiramisu Tres Leches,desserts,DST-05,1,22000,error,credit card,take away
8733,SUN-33466,2024-08-25,Fudgy Brownie With Ice Cream,desserts,DST-02,2,18000,36000,error,dine in
8734,SUN-42981,2024-05-04,Lotus Biscoff Cheesecake,desserts,DST-03,1,25000,error,credit card,take away
8735,SUN-49303,2024-11-25,Lotus Biscoff Cheesecake,desserts,unknown,3,25000,75000,digital wallet,take away
8736,SUN-49584,2024-12-26,Grilled Chicken Mentai Rice,food,FOD-04,2,42000,84000,missing,online shop
8737,SUN-30380,2024-01-23,Strawberry_Mojito_Mocktail,drinks,DRK-06,3,unknown,81000,cash,unknown
8738,SUN-30737,2024-11-11,Lemonade_Espresso_Tonic,unknown,DRK-05,4,24000,96000,digital wallet,take away
8739,SUN-47784,2024-01-29,Earl_Grey_Milk_Tea,drinks,DRK-04,2,nan,48000,digital wallet,dine in
8740,missing,2024-10-24,Tiramisu Tres Leches,desserts,DST-05,2,error,44000,nan,error
8741,nan,2024-08-05,Nasi Goreng Kampung Premium,food,FOD-02,1,32000,32000,digital wallet,take away
8742,SUN-32372,2024-01-02,Grilled Chicken Mentai Rice,food,FOD-04,3,42000,126000,unknown,dine in
8743,SUN-40978,2024-03-28,Earl_Grey_Milk_Tea,drinks,DRK-04,4,24000,96000,error,take away
8744,SUN-32206,2024-05-13,Tiramisu Tres Leches,desserts,DST-05,4,22000,88000,credit card,dine in
8745,SUN-33257,2024-06-29,Matcha_Berry_Latte,drinks,DRK-03,3,missing,nan,credit card,dine in
8746,SUN-37032,2024-03-08,Creamy Spaghetti Carbonara,food,FOD-03,2,38000,76000,credit card,take away
8747,SUN-37827,2024-12-27,Tiramisu Tres Leches,desserts,DST-05,3,unknown,66000,digital wallet,dine in
8748,SUN-47848,2024-01-26,Grilled Chicken Mentai Rice,food,FOD-04,4,42000,168000,digital wallet,dine in
8749,SUN-39963,2024-03-23,Truffle Fries & Sausage,nan,FOD-01,2,10000,nan,missing,take away
8750,SUN-40567,2024-04-06,Tiramisu Tres Leches,desserts,DST-05,nan,22000,unknown,cash,online shop
8751,SUN-39767,2024-02-16,Classic_Beef_Burger,food,FOD-05,2,error,80000,error,dine in
8752,SUN-48462,2024-09-11,error,desserts,DST-05,4,22000,88000,credit card,take away
8753,SUN-46091,2024-09-19,Lotus Biscoff Cheesecake,desserts,DST-03,4,25000,100000,cash,unknown
8754,SUN-35194,2024-06-29,Strawberry_Mojito_Mocktail,drinks,DRK-06,1,27000,nan,credit card,take away
8755,SUN-47398,2024-11-18,Strawberry_Mojito_Mocktail,drinks,DRK-06,4,27000,108000,cash,take away
8756,SUN-32642,2024-09-14,Mineral_Water,drinks,DRK-07,2,unknown,52000,credit card,unknown
8757,error,2024-02-26,Butter Croissant,desserts,DST-01,3,missing,135000,cash,online shop
8758,SUN-32631,2024-07-25,Truffle Fries & Sausage,food,FOD-01,3,10000,30000,credit card,dine in
8759,SUN-31619,2024-01-03,Hot_Americano,drinks,DRK-02,1,missing,22000,nan,dine in
8760,SUN-45395,2024-10-10,Tiramisu Tres Leches,desserts,DST-05,4,22000,88000,digital wallet,dine in
8761,SUN-41076,2024-05-09,Iced_Aren_Latte,drinks,DRK-01,2,25000,50000,cash,nan
8762,SUN-35696,error,Nasi Goreng Kampung Premium,food,FOD-02,1,32000,32000,digital wallet,dine in
8763,SUN-38050,2024-02-04,Lemonade_Espresso_Tonic,missing,DRK-05,3,24000,72000,credit card,take away
8764,SUN-44715,2024-06-28,Cinnamon Roll,desserts,DST-04,4,35000,140000,credit card,unknown
8765,SUN-37356,2024-05-23,Truffle Fries & Sausage,food,FOD-01,3,10000,missing,credit card,missing
8766,SUN-38448,2024-07-05,Mineral_Water,drinks,DRK-07,1,26000,26000,cash,online shop
8767,SUN-47263,2024-04-03,Truffle Fries & Sausage,food,FOD-01,unknown,10000,error,cash,dine in
8768,SUN-31813,2024-03-23,Strawberry_Mojito_Mocktail,drinks,DRK-06,3,27000,81000,error,unknown
8769,SUN-43569,2024-09-14,Butter Croissant,desserts,DST-01,2,45000,nan,nan,error
8770,SUN-30732,2024-09-23,Matcha_Berry_Latte,drinks,DRK-03,4,unknown,112000,unknown,online shop
8771,error,2024-06-11,Classic_Beef_Burger,food,FOD-05,4,40000,160000,credit card,missing
8772,SUN-48396,2024-07-08,error,drinks,DRK-05,3,24000,72000,digital wallet,unknown
8773,SUN-36976,2024-12-29,Earl_Grey_Milk_Tea,drinks,DRK-04,2,24000,48000,credit card,dine in
8774,SUN-45389,2024-11-28,Mineral_Water,drinks,DRK-07,1,26000,26000,cash,dine in
8775,SUN-38543,2024-01-14,Earl_Grey_Milk_Tea,drinks,DRK-04,2,24000,48000,digital wallet,nan
8776,SUN-34864,2024-09-03,Grilled Chicken Mentai Rice,food,missing,3,42000,126000,digital wallet,dine in
8777,SUN-44313,2024-02-16,error,error,DRK-06,2,27000,54000,cash,online shop
8778,SUN-41620,2024-01-26,Lemonade_Espresso_Tonic,drinks,DRK-05,2,missing,48000,digital wallet,dine in
8779,SUN-45869,2024-01-24,Nasi Goreng Kampung Premium,food,FOD-02,3,32000,96000,cash,dine in
8780,SUN-42386,2024-12-17,Fudgy Brownie With Ice Cream,desserts,DST-02,4,18000,72000,credit card,dine in
8781,SUN-39828,2024-08-29,nan,food,FOD-05,missing,40000,unknown,cash,take away
8782,error,2024-02-21,Tiramisu Tres Leches,desserts,DST-05,4,22000,88000,nan,take away
8783,nan,2024-06-04,unknown,desserts,DST-04,4,35000,140000,digital wallet,dine in
8784,SUN-39908,2024-01-31,Classic_Beef_Burger,food,FOD-05,3,40000,120000,digital wallet,take away
8785,SUN-46205,2024-03-08,Tiramisu Tres Leches,desserts,DST-05,3,22000,66000,unknown,online shop
8786,SUN-34213,2024-08-23,Creamy Spaghetti Carbonara,food,FOD-03,4,38000,unknown,credit card,online shop
8787,SUN-43518,2024-05-30,Fudgy Brownie With Ice Cream,desserts,DST-02,1,missing,18000,digital wallet,take away
8788,SUN-42672,2024-08-02,Tiramisu Tres Leches,unknown,DST-05,3,22000,66000,credit card,error
8789,SUN-42684,2024-03-25,Earl_Grey_Milk_Tea,drinks,DRK-04,4,24000,96000,error,dine in
8790,SUN-44603,2024-06-21,Mineral_Water,drinks,DRK-07,3,26000,78000,digital wallet,dine in
8791,SUN-42866,2024-08-12,Creamy Spaghetti Carbonara,food,FOD-03,1,38000,38000,digital wallet,take away
8792,SUN-32381,2024-02-28,unknown,drinks,unknown,1,28000,28000,credit card,online shop
8793,SUN-37744,2024-06-29,Earl_Grey_Milk_Tea,drinks,DRK-04,2,24000,48000,error,dine in
8794,SUN-42590,2024-10-09,Grilled Chicken Mentai Rice,nan,FOD-04,2,nan,84000,error,online shop
8795,SUN-46696,2024-01-12,unknown,drinks,DRK-04,4,24000,96000,credit card,dine in
8796,SUN-48295,2024-12-12,Cinnamon Roll,error,DST-04,unknown,35000,140000,cash,nan
8797,missing,2024-01-24,Butter Croissant,desserts,nan,2,45000,90000,digital wallet,dine in
8798,SUN-35683,2024-11-17,Truffle Fries & Sausage,food,FOD-01,1,10000,10000,cash,dine in
8799,SUN-31998,2024-03-06,error,food,FOD-02,3,32000,96000,credit card,missing
8800,SUN-36531,2024-03-06,Fudgy Brownie With Ice Cream,desserts,DST-02,2,18000,error,credit card,online shop
8801,SUN-40068,unknown,Matcha_Berry_Latte,drinks,DRK-03,2,28000,error,digital wallet,unknown
8802,SUN-31167,2024-02-06,Truffle Fries & Sausage,food,FOD-01,3,10000,30000,digital wallet,missing
8803,SUN-34281,2024-11-17,Nasi Goreng Kampung Premium,food,FOD-02,1,32000,error,cash,dine in
8804,SUN-36191,2024-01-07,Matcha_Berry_Latte,drinks,DRK-03,3,missing,84000,credit card,dine in
8805,SUN-36659,2024-02-01,Lotus Biscoff Cheesecake,desserts,DST-03,2,missing,50000,credit card,dine in
8806,SUN-46108,2024-03-17,Hot_Americano,drinks,DRK-02,unknown,22000,22000,credit card,online shop
8807,SUN-32536,2024-05-30,Creamy Spaghetti Carbonara,unknown,unknown,4,38000,152000,digital wallet,error
8808,SUN-48684,2024-07-16,Earl_Grey_Milk_Tea,drinks,DRK-04,2,24000,48000,credit card,online shop
8809,SUN-35713,2024-06-07,Hot_Americano,drinks,nan,1,22000,22000,digital wallet,take away
8810,SUN-33098,2024-12-07,error,desserts,DST-04,1,error,35000,cash,take away
8811,SUN-46983,2024-08-26,Matcha_Berry_Latte,drinks,DRK-03,1,28000,unknown,error,take away
8812,SUN-45276,2024-04-19,Classic_Beef_Burger,food,FOD-05,2,40000,80000,digital wallet,online shop
8813,SUN-34374,2024-05-13,Nasi Goreng Kampung Premium,food,FOD-02,1,32000,32000,cash,online shop
8814,missing,2024-05-24,Grilled Chicken Mentai Rice,food,FOD-04,1,42000,42000,cash,missing
8815,SUN-37638,2024-06-25,missing,food,FOD-03,3,missing,114000,credit card,nan
8816,nan,2024-11-13,nan,food,FOD-03,missing,38000,114000,nan,dine in
8817,SUN-45506,2024-07-10,Mineral_Water,unknown,DRK-07,2,26000,52000,digital wallet,dine in
8818,SUN-35642,2024-11-11,Creamy Spaghetti Carbonara,missing,FOD-03,2,38000,76000,digital wallet,online shop
8819,SUN-33835,2024-10-28,missing,drinks,unknown,1,26000,26000,digital wallet,take away
8820,SUN-41981,2024-02-07,Cinnamon Roll,desserts,DST-04,3,35000,105000,digital wallet,take away
8821,SUN-36391,2024-10-29,Fudgy Brownie With Ice Cream,desserts,DST-02,1,18000,18000,digital wallet,take away
8822,SUN-49576,2024-09-20,Strawberry_Mojito_Mocktail,drinks,DRK-06,2,27000,54000,cash,dine in
8823,SUN-47196,2024-08-21,Fudgy Brownie With Ice Cream,error,DST-02,1,nan,18000,digital wallet,online shop
8824,SUN-40061,2024-02-15,Strawberry_Mojito_Mocktail,drinks,missing,2,27000,54000,digital wallet,dine in
8825,SUN-39175,2024-12-28,Strawberry_Mojito_Mocktail,drinks,DRK-06,3,27000,81000,credit card,online shop
8826,SUN-32706,2024-04-29,missing,desserts,DST-03,missing,25000,75000,missing,take away
8827,SUN-32516,2024-05-26,Strawberry_Mojito_Mocktail,drinks,DRK-06,1,unknown,27000,digital wallet,online shop
8828,SUN-38394,2024-09-05,Matcha_Berry_Latte,drinks,DRK-03,4,28000,112000,cash,take away
8829,SUN-35956,2024-01-05,Lemonade_Espresso_Tonic,drinks,DRK-05,4,24000,96000,error,missing
8830,error,2024-01-18,Tiramisu Tres Leches,error,DST-05,4,22000,88000,digital wallet,online shop
8831,SUN-44568,2024-11-14,unknown,food,FOD-02,3,32000,96000,digital wallet,online shop
8832,SUN-34440,2024-09-05,missing,drinks,DRK-07,3,26000,unknown,credit card,online shop
8833,SUN-49140,2024-09-29,Lemonade_Espresso_Tonic,drinks,DRK-05,2,24000,48000,credit card,dine in
8834,SUN-44227,2024-06-15,Classic_Beef_Burger,food,FOD-05,2,40000,80000,credit card,dine in
8835,SUN-34354,2024-06-04,Butter Croissant,desserts,DST-01,4,45000,180000,digital wallet,dine in
8836,SUN-44324,2024-03-15,Strawberry_Mojito_Mocktail,drinks,DRK-06,1,nan,27000,cash,take away
8837,SUN-33758,2024-04-19,Classic_Beef_Burger,food,FOD-05,4,40000,160000,digital wallet,missing
8838,SUN-33655,2024-06-21,unknown,drinks,DRK-04,1,24000,24000,digital wallet,missing
8839,SUN-32074,2024-07-23,Creamy Spaghetti Carbonara,food,FOD-03,2,38000,76000,credit card,take away
8840,SUN-44710,2024-09-17,Fudgy Brownie With Ice Cream,desserts,DST-02,1,18000,18000,digital wallet,missing
8841,nan,2024-01-05,Butter Croissant,desserts,missing,3,error,135000,error,dine in
8842,SUN-42930,2024-10-22,Classic_Beef_Burger,food,FOD-05,4,40000,160000,cash,take away
8843,SUN-35183,2024-01-01,Mineral_Water,drinks,DRK-07,3,nan,78000,digital wallet,dine in
8844,SUN-43762,2024-06-17,Hot_Americano,drinks,DRK-02,2,22000,44000,cash,missing
8845,SUN-40796,2024-09-22,Tiramisu Tres Leches,desserts,DST-05,4,22000,88000,digital wallet,take away
8846,SUN-31573,2024-09-30,Iced_Aren_Latte,error,DRK-01,2,25000,50000,cash,unknown
8847,SUN-32567,2024-06-24,Matcha_Berry_Latte,drinks,DRK-03,4,28000,112000,nan,online shop
8848,SUN-48367,2024-03-30,Lotus Biscoff Cheesecake,desserts,unknown,1,25000,25000,missing,error
8849,SUN-30942,2024-08-20,Butter Croissant,desserts,DST-01,3,45000,135000,cash,take away
8850,SUN-32684,2024-09-14,missing,drinks,DRK-03,unknown,28000,56000,digital wallet,unknown
8851,SUN-36800,2024-02-27,Earl_Grey_Milk_Tea,missing,DRK-04,1,24000,24000,credit card,dine in
8852,missing,2024-01-16,nan,food,FOD-03,error,38000,114000,error,take away
8853,SUN-38955,2024-12-13,Butter Croissant,desserts,DST-01,3,45000,135000,cash,dine in
8854,SUN-30696,2024-03-16,unknown,desserts,DST-04,2,35000,70000,credit card,take away
8855,SUN-34984,2024-02-23,Creamy Spaghetti Carbonara,food,FOD-03,1,38000,38000,credit card,dine in
8856,SUN-38544,2024-01-18,Grilled Chicken Mentai Rice,food,FOD-04,2,42000,84000,cash,take away
8857,SUN-41807,2024-02-21,missing,unknown,FOD-05,2,40000,80000,cash,nan
8858,SUN-42071,2024-04-09,Grilled Chicken Mentai Rice,food,FOD-04,2,unknown,84000,cash,dine in
8859,nan,2024-06-06,Cinnamon Roll,desserts,DST-04,4,35000,error,digital wallet,dine in
8860,SUN-39949,2024-08-16,Creamy Spaghetti Carbonara,food,FOD-03,3,38000,114000,credit card,take away
8861,SUN-35249,2024-06-27,Earl_Grey_Milk_Tea,drinks,DRK-04,4,24000,96000,unknown,dine in
8862,SUN-40703,2024-04-26,Strawberry_Mojito_Mocktail,drinks,DRK-06,2,27000,nan,cash,take away
8863,SUN-48824,2024-07-10,Tiramisu Tres Leches,desserts,DST-05,missing,22000,44000,digital wallet,dine in
8864,SUN-45562,2024-01-16,Earl_Grey_Milk_Tea,drinks,DRK-04,2,24000,48000,credit card,take away
8865,SUN-39493,2024-08-27,error,food,FOD-01,2,10000,20000,cash,error
8866,SUN-35910,2024-08-24,Classic_Beef_Burger,food,FOD-05,nan,40000,nan,credit card,dine in
8867,SUN-34050,2024-11-08,Iced_Aren_Latte,drinks,DRK-01,3,25000,nan,digital wallet,take away
8868,SUN-46811,2024-03-01,Lotus Biscoff Cheesecake,desserts,DST-03,3,25000,75000,missing,online shop
8869,SUN-36675,2024-12-25,Truffle Fries & Sausage,food,FOD-01,4,10000,40000,digital wallet,take away
8870,SUN-35088,2024-03-24,Butter Croissant,desserts,nan,unknown,45000,135000,cash,online shop
8871,SUN-39431,2024-06-12,unknown,food,FOD-03,error,38000,152000,missing,dine in
8872,SUN-34038,2024-10-04,Nasi Goreng Kampung Premium,food,FOD-02,4,32000,128000,cash,dine in
8873,SUN-46294,2024-06-16,Cinnamon Roll,desserts,DST-04,3,35000,missing,cash,online shop
8874,SUN-43520,2024-03-31,Creamy Spaghetti Carbonara,unknown,FOD-03,4,nan,152000,cash,dine in
8875,SUN-33082,2024-03-26,Lotus Biscoff Cheesecake,desserts,DST-03,2,25000,50000,missing,take away
8876,SUN-49079,2024-09-19,Fudgy Brownie With Ice Cream,desserts,DST-02,4,18000,error,digital wallet,unknown
8877,SUN-47103,2024-09-12,Truffle Fries & Sausage,food,FOD-01,2,10000,20000,credit card,take away
8878,SUN-37365,2024-08-20,Tiramisu Tres Leches,desserts,DST-05,1,22000,22000,digital wallet,take away
8879,SUN-41171,2024-07-07,Truffle Fries & Sausage,food,FOD-01,4,10000,missing,credit card,take away
8880,SUN-30167,2024-06-22,Tiramisu Tres Leches,desserts,DST-05,2,error,unknown,credit card,take away
8881,SUN-34321,2024-06-14,Strawberry_Mojito_Mocktail,drinks,DRK-06,3,27000,81000,unknown,dine in
8882,SUN-43716,2024-10-07,unknown,food,FOD-04,1,nan,42000,credit card,online shop
8883,SUN-42070,2024-05-04,Earl_Grey_Milk_Tea,drinks,DRK-04,1,24000,24000,credit card,online shop
8884,SUN-46928,2024-10-13,Creamy Spaghetti Carbonara,food,FOD-03,4,38000,152000,nan,missing
8885,SUN-44074,2024-06-21,Hot_Americano,missing,DRK-02,3,22000,66000,error,dine in
8886,SUN-33164,2024-07-25,Cinnamon Roll,desserts,DST-04,3,35000,105000,credit card,take away
8887,SUN-42622,2024-08-15,Strawberry_Mojito_Mocktail,drinks,DRK-06,4,27000,108000,credit card,take away
8888,SUN-38703,2024-07-05,Matcha_Berry_Latte,drinks,DRK-03,1,28000,28000,digital wallet,dine in
8889,unknown,2024-10-28,missing,nan,DST-05,2,22000,44000,cash,take away
8890,SUN-30469,2024-11-12,Lemonade_Espresso_Tonic,drinks,DRK-05,3,24000,72000,cash,online shop
8891,SUN-39227,2024-08-05,Lotus Biscoff Cheesecake,desserts,DST-03,4,25000,100000,credit card,take away
8892,SUN-36952,2024-09-02,Matcha_Berry_Latte,drinks,DRK-03,unknown,28000,missing,digital wallet,nan
8893,SUN-34873,2024-09-28,Butter Croissant,missing,DST-01,4,45000,180000,cash,error
8894,SUN-44225,2024-10-21,Classic_Beef_Burger,food,FOD-05,3,40000,120000,digital wallet,missing
8895,SUN-48730,2024-05-26,Strawberry_Mojito_Mocktail,drinks,nan,3,27000,81000,nan,unknown
8896,SUN-39968,2024-06-23,Tiramisu Tres Leches,desserts,DST-05,1,22000,22000,error,take away
8897,SUN-47317,2024-07-30,Matcha_Berry_Latte,drinks,DRK-03,1,nan,28000,digital wallet,take away
8898,SUN-49738,nan,Fudgy Brownie With Ice Cream,desserts,DST-02,3,18000,54000,cash,online shop
8899,SUN-48854,2024-11-29,Matcha_Berry_Latte,drinks,missing,2,28000,56000,missing,nan
8900,SUN-45141,2024-05-07,Classic_Beef_Burger,food,FOD-05,3,40000,120000,error,dine in
8901,SUN-42125,2024-06-23,Lemonade_Espresso_Tonic,drinks,DRK-05,4,24000,96000,digital wallet,dine in
8902,SUN-42031,2024-06-28,Truffle Fries & Sausage,food,FOD-01,4,10000,40000,credit card,dine in
8903,missing,2024-02-28,Hot_Americano,drinks,DRK-02,1,22000,unknown,cash,dine in
8904,SUN-31316,2024-11-20,Truffle Fries & Sausage,food,FOD-01,2,unknown,20000,cash,missing
8905,SUN-44786,2024-10-08,Mineral_Water,drinks,DRK-07,2,error,52000,nan,take away
8906,SUN-39313,2024-10-09,Cinnamon Roll,desserts,unknown,4,35000,140000,credit card,online shop
8907,SUN-37512,2024-07-29,Truffle Fries & Sausage,food,FOD-01,2,10000,20000,credit card,online shop
8908,SUN-47501,2024-09-16,Strawberry_Mojito_Mocktail,drinks,DRK-06,3,27000,81000,digital wallet,dine in
8909,SUN-39564,2024-04-20,Cinnamon Roll,desserts,DST-04,4,35000,140000,cash,missing
8910,SUN-34941,2024-08-27,Butter Croissant,desserts,DST-01,2,45000,90000,digital wallet,take away
8911,SUN-40880,2024-03-14,Grilled Chicken Mentai Rice,food,FOD-04,1,42000,unknown,nan,online shop
8912,SUN-37467,2024-09-25,Creamy Spaghetti Carbonara,food,FOD-03,3,38000,114000,credit card,dine in
8913,SUN-40519,2024-04-01,Lemonade_Espresso_Tonic,drinks,DRK-05,1,24000,24000,cash,dine in
8914,SUN-36668,2024-04-18,Mineral_Water,drinks,DRK-07,2,26000,error,credit card,take away
8915,SUN-31175,2024-10-28,Mineral_Water,drinks,DRK-07,4,26000,104000,digital wallet,take away
8916,SUN-49918,2024-10-10,Strawberry_Mojito_Mocktail,drinks,DRK-06,3,27000,81000,digital wallet,missing
8917,SUN-40207,2024-08-23,Iced_Aren_Latte,drinks,DRK-01,4,25000,error,nan,online shop
8918,SUN-41086,2024-10-24,Cinnamon Roll,desserts,unknown,3,unknown,105000,cash,unknown
8919,SUN-38367,2024-07-10,missing,food,FOD-02,2,32000,64000,error,missing
8920,SUN-43216,2024-03-17,Lotus Biscoff Cheesecake,unknown,DST-03,unknown,25000,50000,credit card,online shop
8921,unknown,2024-03-10,Lemonade_Espresso_Tonic,drinks,DRK-05,4,24000,96000,credit card,dine in
8922,SUN-36444,2024-04-16,nan,desserts,DST-02,3,18000,54000,credit card,dine in
8923,SUN-46532,2024-10-15,missing,drinks,DRK-03,4,28000,112000,cash,dine in
8924,SUN-38749,2024-10-02,Fudgy Brownie With Ice Cream,desserts,DST-02,4,18000,72000,digital wallet,dine in
8925,SUN-39250,2024-06-29,Nasi Goreng Kampung Premium,food,FOD-02,4,error,128000,credit card,take away
8926,SUN-37873,2024-12-07,Strawberry_Mojito_Mocktail,nan,DRK-06,4,27000,108000,cash,nan
8927,SUN-32351,2024-04-16,Iced_Aren_Latte,drinks,nan,4,25000,100000,cash,missing
8928,SUN-34992,2024-04-06,Nasi Goreng Kampung Premium,food,FOD-02,nan,32000,96000,credit card,dine in
8929,unknown,2024-09-02,Creamy Spaghetti Carbonara,food,FOD-03,3,38000,114000,digital wallet,dine in
8930,SUN-35795,2024-08-04,Strawberry_Mojito_Mocktail,drinks,DRK-06,2,missing,54000,digital wallet,nan
8931,SUN-42357,2024-09-09,Creamy Spaghetti Carbonara,food,FOD-03,1,38000,unknown,cash,dine in
8932,SUN-46660,2024-07-26,Butter Croissant,desserts,DST-01,4,45000,180000,cash,dine in
8933,SUN-31382,2024-03-01,error,drinks,error,missing,25000,75000,nan,online shop
8934,SUN-38697,2024-08-24,Iced_Aren_Latte,drinks,unknown,2,nan,50000,digital wallet,take away
8935,SUN-31812,2024-11-12,Lotus Biscoff Cheesecake,desserts,DST-03,1,25000,25000,digital wallet,online shop
8936,SUN-40844,2024-02-02,Cinnamon Roll,desserts,DST-04,4,35000,140000,nan,online shop
8937,SUN-41487,2024-05-24,Creamy Spaghetti Carbonara,food,FOD-03,3,38000,114000,cash,dine in
8938,SUN-40919,2024-02-06,Iced_Aren_Latte,nan,DRK-01,3,25000,75000,digital wallet,dine in
8939,SUN-34936,2024-03-23,Tiramisu Tres Leches,desserts,DST-05,1,22000,22000,missing,dine in
8940,SUN-32620,2024-01-10,missing,nan,DRK-01,1,25000,25000,cash,dine in
8941,SUN-43190,2024-04-16,missing,drinks,DRK-02,3,22000,66000,digital wallet,online shop
8942,SUN-49859,2024-04-04,unknown,desserts,DST-04,missing,35000,105000,digital wallet,online shop
8943,SUN-48584,2024-12-09,Iced_Aren_Latte,drinks,DRK-01,1,25000,25000,credit card,dine in
8944,SUN-46176,2024-05-18,error,unknown,DRK-04,3,24000,72000,digital wallet,dine in
8945,SUN-42441,2024-06-16,Fudgy Brownie With Ice Cream,desserts,DST-02,2,missing,36000,credit card,online shop
8946,SUN-42053,2024-05-24,unknown,food,FOD-04,4,42000,168000,cash,take away
8947,SUN-32165,2024-08-25,missing,drinks,DRK-03,4,missing,112000,nan,dine in
8948,SUN-30526,2024-03-28,error,error,unknown,1,24000,24000,cash,online shop
8949,SUN-36553,2024-07-05,Mineral_Water,drinks,DRK-07,1,26000,26000,credit card,take away
8950,missing,2024-09-24,Fudgy Brownie With Ice Cream,desserts,DST-02,1,18000,nan,credit card,take away
8951,SUN-48749,2024-12-30,Hot_Americano,drinks,DRK-02,nan,22000,22000,cash,online shop
8952,missing,2024-01-21,Tiramisu Tres Leches,desserts,DST-05,4,22000,88000,cash,dine in
8953,SUN-38790,2024-09-23,Fudgy Brownie With Ice Cream,desserts,nan,2,18000,36000,credit card,dine in
8954,unknown,2024-07-23,missing,food,FOD-02,1,32000,32000,cash,online shop
8955,SUN-49787,2024-10-30,Cinnamon Roll,desserts,DST-04,2,35000,70000,cash,take away
8956,SUN-42792,2024-12-05,Mineral_Water,drinks,DRK-07,3,26000,78000,credit card,take away
8957,SUN-45549,2024-05-06,Iced_Aren_Latte,nan,DRK-01,4,25000,error,digital wallet,online shop
8958,SUN-37482,2024-06-19,missing,drinks,DRK-03,2,28000,56000,error,online shop
8959,error,2024-12-02,Strawberry_Mojito_Mocktail,drinks,DRK-06,nan,27000,27000,cash,unknown
8960,SUN-40661,2024-07-09,Butter Croissant,desserts,DST-01,4,45000,180000,credit card,online shop
8961,SUN-30106,2024-10-14,Grilled Chicken Mentai Rice,food,FOD-04,2,42000,84000,unknown,dine in
8962,unknown,2024-06-02,Classic_Beef_Burger,food,error,4,40000,160000,nan,online shop
8963,missing,2024-09-29,Tiramisu Tres Leches,desserts,DST-05,4,missing,88000,digital wallet,missing
8964,SUN-40737,2024-03-05,Nasi Goreng Kampung Premium,nan,FOD-02,1,32000,32000,credit card,take away
8965,SUN-40249,2024-11-03,Iced_Aren_Latte,drinks,error,4,25000,error,credit card,dine in
8966,SUN-44939,2024-04-07,Iced_Aren_Latte,drinks,DRK-01,1,25000,25000,digital wallet,nan
8967,SUN-39406,2024-06-17,Lotus Biscoff Cheesecake,desserts,DST-03,4,25000,100000,error,dine in
8968,SUN-45760,2024-02-15,Classic_Beef_Burger,food,FOD-05,2,40000,80000,digital wallet,take away
8969,SUN-46631,2024-09-01,unknown,drinks,DRK-04,1,24000,24000,digital wallet,take away
8970,SUN-46910,2024-11-10,Tiramisu Tres Leches,desserts,DST-05,1,22000,22000,cash,dine in
8971,SUN-41859,2024-11-13,Grilled Chicken Mentai Rice,food,FOD-04,4,42000,168000,digital wallet,take away
8972,SUN-35892,2024-09-22,nan,desserts,DST-01,2,missing,90000,cash,online shop
8973,SUN-47851,2024-04-18,Grilled Chicken Mentai Rice,food,FOD-04,2,42000,84000,error,unknown
8974,SUN-43346,2024-08-21,Butter Croissant,desserts,DST-01,2,45000,90000,digital wallet,take away
8975,SUN-42411,2024-11-11,error,desserts,DST-01,4,45000,180000,nan,error
8976,SUN-47296,2024-02-05,Grilled Chicken Mentai Rice,food,FOD-04,1,42000,42000,credit card,take away
8977,SUN-43824,2024-10-17,Classic_Beef_Burger,food,FOD-05,4,40000,160000,credit card,take away
8978,SUN-42271,2024-08-15,Classic_Beef_Burger,food,FOD-05,2,40000,missing,nan,take away
8979,SUN-36275,2024-10-25,Mineral_Water,drinks,DRK-07,2,26000,52000,credit card,online shop
8980,SUN-31444,2024-11-21,Strawberry_Mojito_Mocktail,drinks,DRK-06,4,27000,108000,credit card,take away
8981,SUN-34432,2024-09-02,Fudgy Brownie With Ice Cream,error,DST-02,3,18000,54000,cash,dine in
8982,SUN-30484,2024-05-20,Hot_Americano,drinks,DRK-02,3,22000,66000,digital wallet,online shop
8983,SUN-40229,2024-05-22,Tiramisu Tres Leches,desserts,unknown,2,22000,44000,unknown,online shop
8984,SUN-42714,2024-05-19,unknown,food,FOD-04,4,error,168000,missing,dine in
8985,SUN-42536,2024-08-07,Mineral_Water,drinks,DRK-07,4,26000,missing,cash,dine in
8986,SUN-39380,2024-08-01,nan,drinks,DRK-01,3,25000,75000,cash,online shop
8987,SUN-41469,2024-11-26,Lotus Biscoff Cheesecake,desserts,DST-03,3,25000,75000,credit card,dine in
8988,unknown,2024-10-23,Cinnamon Roll,desserts,DST-04,4,35000,140000,error,online shop
8989,SUN-37951,2024-10-04,Tiramisu Tres Leches,desserts,DST-05,3,22000,66000,cash,take away
8990,SUN-36694,2024-10-26,Earl_Grey_Milk_Tea,error,unknown,1,24000,24000,cash,missing
8991,SUN-33483,2024-07-24,Butter Croissant,desserts,DST-01,2,45000,90000,digital wallet,dine in
8992,SUN-45312,2024-03-13,Lemonade_Espresso_Tonic,drinks,DRK-05,2,24000,48000,digital wallet,online shop
8993,nan,2024-03-28,Earl_Grey_Milk_Tea,drinks,DRK-04,3,24000,72000,error,take away
8994,SUN-37669,2024-10-06,Earl_Grey_Milk_Tea,drinks,DRK-04,3,24000,72000,credit card,dine in
8995,SUN-38839,2024-11-18,Cinnamon Roll,desserts,DST-04,3,35000,105000,digital wallet,online shop
8996,SUN-41555,2024-06-08,Fudgy Brownie With Ice Cream,desserts,DST-02,missing,18000,error,cash,take away
8997,SUN-40105,2024-07-09,missing,food,FOD-03,3,38000,114000,cash,unknown
8998,SUN-39305,2024-12-18,Truffle Fries & Sausage,food,FOD-01,2,10000,20000,nan,dine in
8999,SUN-40756,2024-03-20,Butter Croissant,desserts,DST-01,3,45000,135000,digital wallet,dine in
9000,SUN-31941,2024-10-20,Iced_Aren_Latte,drinks,DRK-01,4,25000,100000,cash,online shop
9001,SUN-31147,2024-05-07,Mineral_Water,drinks,DRK-07,2,26000,52000,digital wallet,dine in
9002,SUN-38885,unknown,Lotus Biscoff Cheesecake,desserts,DST-03,2,25000,50000,credit card,take away
9003,missing,2024-05-21,Grilled Chicken Mentai Rice,food,FOD-04,unknown,42000,84000,digital wallet,online shop
9004,SUN-36572,2024-09-20,Truffle Fries & Sausage,food,FOD-01,1,missing,10000,error,online shop
9005,SUN-42395,2024-08-02,Lemonade_Espresso_Tonic,drinks,DRK-05,3,24000,72000,nan,dine in
9006,SUN-42916,2024-10-24,Tiramisu Tres Leches,desserts,unknown,4,22000,88000,digital wallet,take away
9007,SUN-35730,2024-01-07,Lotus Biscoff Cheesecake,desserts,DST-03,3,25000,75000,credit card,dine in
9008,SUN-43532,2024-05-03,Iced_Aren_Latte,drinks,missing,1,25000,25000,digital wallet,dine in
9009,SUN-47237,2024-03-24,Grilled Chicken Mentai Rice,food,FOD-04,3,42000,126000,nan,dine in
9010,SUN-46436,2024-10-05,Mineral_Water,drinks,DRK-07,2,missing,52000,digital wallet,take away
9011,SUN-44275,2024-01-30,error,drinks,DRK-03,1,error,28000,credit card,take away
9012,SUN-33697,2024-12-31,Nasi Goreng Kampung Premium,food,FOD-02,1,32000,32000,credit card,dine in
9013,SUN-37326,2024-12-14,Creamy Spaghetti Carbonara,food,FOD-03,1,38000,38000,digital wallet,online shop
9014,SUN-45838,2024-03-22,missing,desserts,DST-05,2,22000,44000,digital wallet,take away
9015,SUN-36468,2024-05-27,unknown,drinks,DRK-06,3,27000,missing,credit card,online shop
9016,SUN-35209,2024-09-09,Butter Croissant,desserts,DST-01,3,error,135000,missing,online shop
9017,SUN-31480,2024-06-06,nan,missing,DRK-02,3,22000,66000,cash,dine in
9018,SUN-30998,2024-04-02,Butter Croissant,desserts,DST-01,2,error,90000,credit card,online shop
9019,SUN-32398,2024-09-15,Earl_Grey_Milk_Tea,drinks,DRK-04,1,unknown,24000,credit card,dine in
9020,SUN-43242,2024-11-29,Fudgy Brownie With Ice Cream,desserts,DST-02,2,18000,error,cash,online shop
9021,unknown,2024-08-11,Mineral_Water,drinks,DRK-07,4,26000,104000,digital wallet,online shop
9022,SUN-36671,2024-12-30,nan,desserts,DST-01,4,45000,180000,credit card,online shop
9023,SUN-39052,2024-07-30,Strawberry_Mojito_Mocktail,drinks,DRK-06,4,27000,108000,credit card,online shop
9024,SUN-32648,2024-08-18,error,food,FOD-02,2,32000,64000,cash,dine in
9025,SUN-41337,2024-07-23,missing,food,FOD-04,4,42000,168000,error,nan
9026,SUN-42411,2024-07-06,Strawberry_Mojito_Mocktail,drinks,DRK-06,3,27000,81000,credit card,missing
9027,SUN-41581,2024-04-18,Hot_Americano,drinks,DRK-02,3,22000,66000,missing,error
9028,SUN-41275,2024-08-31,Nasi Goreng Kampung Premium,food,FOD-02,3,32000,96000,credit card,dine in
9029,SUN-34654,2024-08-29,Mineral_Water,drinks,DRK-07,1,26000,26000,digital wallet,online shop
9030,SUN-36593,2024-03-16,Grilled Chicken Mentai Rice,food,FOD-04,2,42000,84000,cash,take away
9031,SUN-33651,2024-05-14,Lemonade_Espresso_Tonic,drinks,DRK-05,nan,24000,96000,digital wallet,dine in
9032,SUN-31276,2024-03-20,Lemonade_Espresso_Tonic,drinks,DRK-05,3,24000,72000,nan,online shop
9033,SUN-47772,2024-10-24,Matcha_Berry_Latte,drinks,missing,unknown,28000,84000,nan,dine in
9034,SUN-47183,2024-11-21,Lotus Biscoff Cheesecake,desserts,DST-03,3,25000,75000,credit card,online shop
9035,SUN-45820,2024-04-23,Lotus Biscoff Cheesecake,desserts,DST-03,4,25000,100000,credit card,online shop
9036,SUN-48731,2024-08-15,Nasi Goreng Kampung Premium,nan,FOD-02,4,32000,128000,cash,take away
9037,SUN-41632,2024-07-03,Cinnamon Roll,desserts,DST-04,3,35000,105000,digital wallet,dine in
9038,missing,2024-03-01,Grilled Chicken Mentai Rice,food,FOD-04,4,42000,168000,digital wallet,dine in
9039,SUN-33148,2024-01-17,Iced_Aren_Latte,error,missing,1,25000,25000,digital wallet,online shop
9040,SUN-42281,2024-11-21,Tiramisu Tres Leches,desserts,DST-05,3,22000,66000,credit card,online shop
9041,SUN-44842,2024-01-22,Grilled Chicken Mentai Rice,food,FOD-04,1,42000,42000,cash,take away
9042,SUN-47523,2024-07-10,Nasi Goreng Kampung Premium,food,FOD-02,4,error,128000,cash,missing
9043,SUN-38014,2024-08-12,Cinnamon Roll,desserts,DST-04,1,35000,35000,cash,dine in
9044,SUN-49081,2024-05-13,Lemonade_Espresso_Tonic,drinks,DRK-05,1,24000,24000,credit card,dine in
9045,SUN-42736,2024-01-21,Iced_Aren_Latte,drinks,DRK-01,4,25000,100000,digital wallet,dine in
9046,SUN-45854,2024-08-22,Fudgy Brownie With Ice Cream,desserts,DST-02,1,18000,18000,nan,take away
9047,error,2024-12-14,Strawberry_Mojito_Mocktail,drinks,error,4,27000,108000,digital wallet,online shop
9048,SUN-42007,2024-04-06,Lotus Biscoff Cheesecake,desserts,DST-03,nan,25000,50000,error,nan
9049,SUN-47558,2024-03-26,Butter Croissant,desserts,DST-01,1,45000,45000,cash,online shop
9050,SUN-39689,2024-01-15,Cinnamon Roll,desserts,DST-04,missing,35000,70000,cash,unknown
9051,unknown,2024-07-14,Grilled Chicken Mentai Rice,error,missing,missing,42000,126000,digital wallet,unknown
9052,SUN-41422,2024-10-25,nan,desserts,DST-04,4,35000,140000,cash,dine in
9053,SUN-49435,2024-05-07,Matcha_Berry_Latte,drinks,DRK-03,2,28000,56000,credit card,online shop
9054,SUN-48755,2024-09-17,Lotus Biscoff Cheesecake,desserts,DST-03,nan,25000,error,cash,unknown
9055,SUN-43124,2024-01-05,unknown,desserts,DST-04,4,35000,140000,cash,online shop
9056,SUN-33993,2024-10-19,Hot_Americano,drinks,DRK-02,2,22000,44000,missing,take away
9057,SUN-30879,2024-11-02,Hot_Americano,drinks,DRK-02,4,22000,88000,cash,missing
9058,nan,2024-11-26,missing,missing,FOD-01,1,10000,10000,cash,unknown
9059,SUN-42635,2024-08-31,error,food,FOD-02,2,missing,unknown,credit card,take away
9060,SUN-45040,2024-03-18,Butter Croissant,desserts,DST-01,2,missing,missing,nan,dine in
9061,SUN-32292,2024-01-01,nan,drinks,DRK-03,2,28000,56000,digital wallet,unknown
9062,SUN-42155,2024-08-11,Truffle Fries & Sausage,food,FOD-01,3,unknown,30000,nan,missing
9063,SUN-41322,2024-05-18,Lemonade_Espresso_Tonic,drinks,DRK-05,4,24000,96000,digital wallet,online shop
9064,SUN-31084,2024-03-21,Matcha_Berry_Latte,drinks,DRK-03,4,28000,112000,digital wallet,online shop
9065,SUN-35072,2024-09-30,Grilled Chicken Mentai Rice,food,FOD-04,2,42000,84000,digital wallet,take away
9066,SUN-45896,error,Cinnamon Roll,desserts,DST-04,2,35000,70000,cash,dine in
9067,SUN-37731,2024-08-05,Earl_Grey_Milk_Tea,error,DRK-04,4,24000,96000,credit card,dine in
9068,SUN-49845,2024-02-04,Lemonade_Espresso_Tonic,drinks,DRK-05,4,24000,96000,unknown,take away
9069,SUN-44005,2024-07-31,Creamy Spaghetti Carbonara,error,FOD-03,4,missing,152000,credit card,take away
9070,SUN-45840,2024-03-14,Lotus Biscoff Cheesecake,desserts,DST-03,1,missing,25000,credit card,online shop
9071,SUN-44844,2024-02-20,Lotus Biscoff Cheesecake,desserts,DST-03,1,nan,25000,credit card,dine in
9072,SUN-48410,2024-10-30,nan,drinks,DRK-02,unknown,22000,66000,digital wallet,take away
9073,SUN-33098,2024-01-31,Lemonade_Espresso_Tonic,drinks,DRK-05,error,24000,48000,cash,take away
9074,SUN-31673,2024-02-20,Creamy Spaghetti Carbonara,food,FOD-03,2,38000,76000,cash,take away
9075,SUN-47067,2024-12-09,Lemonade_Espresso_Tonic,drinks,DRK-05,4,24000,96000,digital wallet,dine in
9076,SUN-48776,2024-09-05,nan,desserts,DST-05,3,22000,66000,digital wallet,online shop
9077,error,2024-04-27,Classic_Beef_Burger,food,FOD-05,1,40000,40000,credit card,online shop
9078,SUN-37770,2024-05-12,Lotus Biscoff Cheesecake,desserts,DST-03,4,25000,100000,credit card,dine in
9079,SUN-45419,2024-04-03,Strawberry_Mojito_Mocktail,drinks,DRK-06,unknown,27000,81000,cash,online shop
9080,SUN-30366,2024-05-26,Butter Croissant,desserts,DST-01,2,45000,90000,credit card,take away
9081,SUN-39492,2024-04-28,error,desserts,DST-03,unknown,25000,50000,digital wallet,take away
9082,SUN-40243,2024-05-04,Creamy Spaghetti Carbonara,food,FOD-03,2,38000,76000,error,missing
9083,SUN-35632,2024-08-09,Cinnamon Roll,unknown,DST-04,4,35000,140000,digital wallet,take away
9084,SUN-38085,2024-01-04,Iced_Aren_Latte,missing,DRK-01,3,25000,75000,missing,online shop
9085,SUN-47464,2024-06-05,Truffle Fries & Sausage,food,FOD-01,4,10000,missing,credit card,online shop
9086,SUN-37509,2024-12-23,Fudgy Brownie With Ice Cream,desserts,DST-02,3,18000,54000,cash,dine in
9087,SUN-43124,2024-06-14,Strawberry_Mojito_Mocktail,drinks,nan,4,27000,108000,digital wallet,dine in
9088,SUN-46330,2024-06-23,Earl_Grey_Milk_Tea,missing,DRK-04,2,24000,nan,cash,online shop
9089,SUN-36184,2024-04-29,Strawberry_Mojito_Mocktail,drinks,DRK-06,3,27000,81000,cash,take away
9090,SUN-34507,2024-10-03,Earl_Grey_Milk_Tea,drinks,DRK-04,unknown,24000,96000,cash,online shop
9091,SUN-46997,2024-04-16,missing,nan,DRK-07,4,26000,104000,cash,dine in
9092,SUN-40395,2024-07-10,nan,food,FOD-04,4,42000,168000,credit card,unknown
9093,missing,2024-08-26,Iced_Aren_Latte,drinks,DRK-01,2,missing,missing,digital wallet,take away
9094,SUN-41332,2024-08-13,Truffle Fries & Sausage,food,FOD-01,2,10000,20000,digital wallet,nan
9095,SUN-36696,2024-04-18,unknown,food,FOD-01,3,10000,30000,digital wallet,online shop
9096,SUN-34028,2024-06-14,Nasi Goreng Kampung Premium,food,FOD-02,error,32000,64000,digital wallet,online shop
9097,SUN-34691,2024-07-23,error,drinks,DRK-04,1,24000,24000,digital wallet,dine in
9098,SUN-41263,2024-09-07,Classic_Beef_Burger,food,FOD-05,2,40000,80000,missing,dine in
9099,SUN-37636,2024-08-16,Hot_Americano,drinks,DRK-02,2,22000,44000,credit card,online shop
9100,SUN-44968,2024-07-13,Hot_Americano,drinks,DRK-02,2,22000,44000,cash,take away
9101,SUN-37413,2024-06-29,Creamy Spaghetti Carbonara,food,FOD-03,3,38000,114000,digital wallet,online shop
9102,SUN-48051,2024-02-25,Mineral_Water,drinks,DRK-07,nan,26000,26000,missing,dine in
9103,SUN-46791,2024-11-06,error,drinks,DRK-07,4,26000,104000,cash,online shop
9104,SUN-36041,2024-06-12,unknown,unknown,FOD-04,2,42000,84000,cash,online shop
9105,unknown,2024-12-22,Fudgy Brownie With Ice Cream,missing,DST-02,1,18000,missing,credit card,dine in
9106,SUN-46435,2024-04-16,Earl_Grey_Milk_Tea,drinks,DRK-04,3,24000,72000,credit card,take away
9107,SUN-35008,nan,Truffle Fries & Sausage,food,FOD-01,2,error,20000,digital wallet,take away
9108,SUN-49146,2024-09-16,Nasi Goreng Kampung Premium,food,FOD-02,2,32000,64000,digital wallet,online shop
9109,SUN-41132,2024-06-10,Lotus Biscoff Cheesecake,desserts,DST-03,1,25000,25000,digital wallet,online shop
9110,SUN-36737,2024-03-22,Iced_Aren_Latte,missing,DRK-01,2,25000,50000,nan,nan
9111,SUN-31721,2024-12-05,Hot_Americano,missing,DRK-02,1,22000,22000,digital wallet,unknown
9112,SUN-45098,2024-09-09,Strawberry_Mojito_Mocktail,drinks,DRK-06,3,27000,81000,credit card,nan
9113,SUN-33654,2024-06-13,Classic_Beef_Burger,food,FOD-05,2,40000,80000,digital wallet,take away
9114,SUN-40844,2024-05-31,Grilled Chicken Mentai Rice,food,FOD-04,3,42000,126000,credit card,take away
9115,error,2024-08-07,missing,desserts,DST-02,2,18000,error,digital wallet,online shop
9116,SUN-45907,2024-08-06,Tiramisu Tres Leches,desserts,DST-05,1,error,missing,digital wallet,nan
9117,SUN-37583,2024-09-29,Tiramisu Tres Leches,desserts,DST-05,1,22000,22000,digital wallet,take away
9118,SUN-40380,2024-01-07,Cinnamon Roll,desserts,DST-04,3,35000,105000,digital wallet,dine in
9119,SUN-31047,2024-02-26,missing,drinks,DRK-01,1,25000,25000,cash,online shop
9120,SUN-31252,2024-02-15,nan,desserts,nan,4,22000,88000,unknown,dine in
9121,SUN-40222,2024-09-18,Strawberry_Mojito_Mocktail,drinks,DRK-06,3,27000,81000,cash,dine in
9122,SUN-49733,2024-06-08,Cinnamon Roll,desserts,DST-04,3,35000,105000,credit card,nan
9123,SUN-42717,2024-10-16,unknown,drinks,DRK-05,4,24000,96000,digital wallet,take away
9124,SUN-37161,2024-02-02,Butter Croissant,missing,unknown,3,45000,135000,credit card,dine in
9125,SUN-42509,2024-05-19,Lemonade_Espresso_Tonic,drinks,DRK-05,1,24000,unknown,digital wallet,dine in
9126,SUN-48131,2024-03-29,Grilled Chicken Mentai Rice,nan,FOD-04,2,42000,84000,cash,online shop
9127,unknown,2024-09-08,Creamy Spaghetti Carbonara,food,unknown,4,38000,152000,digital wallet,dine in
9128,SUN-34998,2024-04-17,unknown,food,FOD-01,2,10000,20000,cash,dine in
9129,SUN-48513,2024-10-12,Matcha_Berry_Latte,drinks,DRK-03,2,28000,56000,nan,dine in
9130,SUN-49857,2024-02-02,Cinnamon Roll,desserts,DST-04,3,35000,nan,credit card,take away
9131,SUN-42029,2024-04-22,Mineral_Water,drinks,DRK-07,2,26000,52000,credit card,online shop
9132,SUN-39936,2024-05-23,Fudgy Brownie With Ice Cream,unknown,DST-02,missing,18000,72000,nan,dine in
9133,SUN-46296,2024-08-29,Earl_Grey_Milk_Tea,drinks,DRK-04,nan,24000,96000,digital wallet,dine in
9134,SUN-35534,2024-06-11,unknown,food,FOD-04,2,42000,84000,cash,dine in
9135,SUN-38647,2024-04-01,Lotus Biscoff Cheesecake,desserts,DST-03,2,missing,50000,credit card,missing
9136,SUN-35094,2024-07-11,Lemonade_Espresso_Tonic,drinks,DRK-05,4,24000,96000,digital wallet,dine in
9137,SUN-30886,2024-08-15,Earl_Grey_Milk_Tea,drinks,DRK-04,1,24000,24000,credit card,online shop
9138,SUN-41142,2024-04-28,Fudgy Brownie With Ice Cream,desserts,unknown,3,18000,54000,missing,nan
9139,error,2024-03-13,Lotus Biscoff Cheesecake,desserts,DST-03,4,25000,100000,cash,error
9140,SUN-48136,2024-04-04,Grilled Chicken Mentai Rice,food,FOD-04,3,42000,126000,unknown,dine in
9141,SUN-47617,2024-07-31,Fudgy Brownie With Ice Cream,desserts,DST-02,1,18000,18000,cash,online shop
9142,SUN-46401,2024-04-06,Iced_Aren_Latte,drinks,DRK-01,2,error,50000,credit card,dine in
9143,SUN-42714,2024-03-29,Classic_Beef_Burger,food,FOD-05,3,40000,120000,digital wallet,dine in
9144,SUN-46703,2024-07-18,Hot_Americano,unknown,DRK-02,4,22000,missing,cash,dine in
9145,SUN-34053,2024-03-07,Mineral_Water,drinks,DRK-07,3,26000,78000,cash,online shop
9146,SUN-38888,2024-06-20,Earl_Grey_Milk_Tea,drinks,DRK-04,3,24000,72000,cash,take away
9147,SUN-35036,2024-12-21,Grilled Chicken Mentai Rice,food,nan,1,42000,42000,credit card,take away
9148,SUN-31268,2024-06-17,Grilled Chicken Mentai Rice,food,FOD-04,4,42000,168000,missing,dine in
9149,SUN-39386,2024-01-28,Fudgy Brownie With Ice Cream,missing,DST-02,nan,18000,72000,cash,online shop
9150,SUN-43744,2024-10-31,nan,food,FOD-02,4,32000,128000,digital wallet,take away
9151,SUN-33741,2024-07-11,Fudgy Brownie With Ice Cream,desserts,DST-02,3,18000,54000,cash,error
9152,SUN-31174,2024-04-13,Butter Croissant,desserts,DST-01,4,45000,180000,missing,dine in
9153,nan,2024-07-27,Fudgy Brownie With Ice Cream,desserts,DST-02,1,18000,18000,cash,take away
9154,SUN-35838,2024-08-29,Matcha_Berry_Latte,drinks,DRK-03,1,28000,28000,error,take away
9155,SUN-46026,2024-10-15,unknown,desserts,DST-05,3,22000,66000,digital wallet,take away
9156,SUN-37894,2024-02-05,Truffle Fries & Sausage,food,FOD-01,3,10000,30000,digital wallet,online shop
9157,SUN-41646,2024-03-23,Lemonade_Espresso_Tonic,drinks,unknown,2,24000,48000,cash,dine in
9158,SUN-37896,2024-10-27,Creamy Spaghetti Carbonara,food,FOD-03,1,38000,unknown,nan,dine in
9159,SUN-45536,2024-12-30,Truffle Fries & Sausage,food,FOD-01,2,10000,20000,cash,online shop
9160,SUN-45572,2024-04-17,Nasi Goreng Kampung Premium,food,FOD-02,2,32000,unknown,unknown,dine in
9161,SUN-46006,2024-12-27,Creamy Spaghetti Carbonara,food,FOD-03,3,nan,114000,digital wallet,online shop
9162,error,2024-01-08,Tiramisu Tres Leches,desserts,DST-05,3,22000,66000,cash,dine in
9163,SUN-37495,2024-07-02,Cinnamon Roll,desserts,DST-04,1,35000,35000,digital wallet,online shop
9164,SUN-31694,2024-03-26,Iced_Aren_Latte,drinks,DRK-01,1,nan,25000,credit card,missing
9165,SUN-41711,2024-08-12,Iced_Aren_Latte,drinks,DRK-01,4,25000,100000,digital wallet,online shop
9166,SUN-43427,2024-01-19,Creamy Spaghetti Carbonara,food,FOD-03,2,38000,76000,cash,take away
9167,SUN-38418,2024-05-16,Mineral_Water,drinks,DRK-07,3,26000,78000,digital wallet,error
9168,SUN-33390,2024-03-08,unknown,drinks,DRK-02,2,22000,44000,cash,missing
9169,SUN-43582,2024-04-19,Tiramisu Tres Leches,desserts,DST-05,3,22000,66000,cash,take away
9170,SUN-36758,2024-12-31,nan,drinks,DRK-07,3,26000,error,digital wallet,dine in
9171,SUN-43951,2024-07-26,nan,drinks,DRK-02,4,22000,88000,cash,take away
9172,SUN-45802,2024-04-13,Truffle Fries & Sausage,food,FOD-01,unknown,10000,20000,digital wallet,take away
9173,SUN-45850,2024-03-19,Lotus Biscoff Cheesecake,desserts,DST-03,4,25000,100000,nan,online shop
9174,SUN-49857,2024-03-07,Mineral_Water,drinks,DRK-07,1,nan,26000,digital wallet,take away
9175,SUN-41534,2024-07-12,Fudgy Brownie With Ice Cream,desserts,DST-02,4,18000,72000,error,take away
9176,SUN-33267,2024-07-29,Creamy Spaghetti Carbonara,food,FOD-03,3,38000,114000,cash,dine in
9177,error,2024-06-29,Creamy Spaghetti Carbonara,food,FOD-03,2,38000,76000,missing,take away
9178,SUN-42881,2024-08-13,error,drinks,DRK-06,unknown,27000,81000,cash,dine in
9179,SUN-46816,2024-04-24,Butter Croissant,desserts,DST-01,3,45000,135000,cash,take away
9180,SUN-30108,2024-11-22,Truffle Fries & Sausage,food,FOD-01,3,10000,30000,cash,dine in
9181,SUN-34358,2024-02-03,Butter Croissant,desserts,DST-01,3,45000,135000,cash,online shop
9182,SUN-48425,2024-03-28,Hot_Americano,nan,DRK-02,1,22000,unknown,digital wallet,online shop
9183,missing,2024-08-02,Grilled Chicken Mentai Rice,unknown,FOD-04,3,42000,126000,credit card,dine in
9184,SUN-46508,2024-04-10,Earl_Grey_Milk_Tea,missing,DRK-04,1,24000,24000,digital wallet,take away
9185,SUN-48069,2024-12-14,Fudgy Brownie With Ice Cream,desserts,DST-02,error,18000,72000,cash,nan
9186,SUN-42092,2024-05-18,Butter Croissant,desserts,DST-01,3,45000,135000,digital wallet,dine in
9187,SUN-34816,2024-11-04,Strawberry_Mojito_Mocktail,drinks,DRK-06,2,27000,54000,credit card,dine in
9188,SUN-46951,2024-05-21,Iced_Aren_Latte,drinks,DRK-01,3,25000,75000,credit card,unknown
9189,SUN-39188,2024-02-17,error,drinks,DRK-06,3,27000,81000,unknown,online shop
9190,error,2024-07-15,Earl_Grey_Milk_Tea,drinks,error,2,24000,48000,digital wallet,online shop
9191,SUN-31054,2024-04-18,Fudgy Brownie With Ice Cream,desserts,DST-02,3,18000,54000,credit card,unknown
9192,SUN-40802,2024-01-07,Truffle Fries & Sausage,food,FOD-01,2,10000,20000,credit card,dine in
9193,SUN-43591,2024-06-19,Fudgy Brownie With Ice Cream,desserts,DST-02,1,18000,18000,cash,online shop
9194,SUN-47295,2024-12-15,Iced_Aren_Latte,drinks,DRK-01,1,25000,25000,digital wallet,online shop
9195,SUN-34185,2024-08-15,Butter Croissant,desserts,DST-01,4,45000,180000,cash,online shop
9196,SUN-36147,2024-06-25,Butter Croissant,desserts,DST-01,3,45000,unknown,cash,dine in
9197,SUN-33593,2024-06-30,Lotus Biscoff Cheesecake,desserts,DST-03,3,25000,missing,missing,dine in
9198,SUN-45282,2024-12-02,Iced_Aren_Latte,drinks,DRK-01,4,25000,100000,missing,online shop
9199,SUN-48670,2024-09-04,Iced_Aren_Latte,drinks,DRK-01,1,25000,25000,digital wallet,dine in
9200,SUN-38795,2024-01-16,Strawberry_Mojito_Mocktail,drinks,DRK-06,2,27000,54000,cash,online shop
9201,nan,unknown,nan,drinks,DRK-02,nan,22000,error,digital wallet,online shop
9202,SUN-35268,2024-05-17,Grilled Chicken Mentai Rice,food,FOD-04,1,42000,unknown,credit card,online shop
9203,SUN-48053,2024-07-24,Lotus Biscoff Cheesecake,error,DST-03,1,25000,25000,cash,nan
9204,unknown,2024-08-01,Fudgy Brownie With Ice Cream,desserts,error,3,nan,54000,cash,dine in
9205,SUN-36156,2024-09-06,Matcha_Berry_Latte,drinks,DRK-03,2,28000,56000,credit card,dine in
9206,SUN-35012,2024-09-20,Earl_Grey_Milk_Tea,drinks,DRK-04,missing,24000,24000,cash,take away
9207,SUN-41461,2024-12-04,Hot_Americano,missing,DRK-02,1,22000,unknown,credit card,online shop
9208,SUN-30224,2024-03-18,Tiramisu Tres Leches,nan,DST-05,4,22000,88000,credit card,error
9209,SUN-43159,2024-03-30,Earl_Grey_Milk_Tea,drinks,DRK-04,4,24000,96000,digital wallet,dine in
9210,SUN-35437,2024-10-03,nan,drinks,DRK-06,2,27000,unknown,credit card,unknown
9211,SUN-33840,missing,unknown,desserts,DST-05,4,22000,88000,error,take away
9212,SUN-38357,2024-09-01,Mineral_Water,nan,DRK-07,1,26000,26000,credit card,online shop
9213,SUN-47699,2024-07-21,Fudgy Brownie With Ice Cream,unknown,DST-02,2,18000,36000,cash,dine in
9214,unknown,2024-04-23,nan,drinks,DRK-04,4,missing,error,credit card,dine in
9215,SUN-36288,2024-07-17,Lotus Biscoff Cheesecake,desserts,DST-03,3,25000,75000,unknown,missing
9216,SUN-39752,2024-09-12,missing,food,FOD-01,1,10000,10000,cash,dine in
9217,SUN-49619,2024-08-19,Classic_Beef_Burger,food,FOD-05,2,missing,80000,cash,take away
9218,SUN-36087,2024-10-16,Lotus Biscoff Cheesecake,desserts,DST-03,1,error,25000,cash,take away
9219,SUN-49987,2024-02-21,Cinnamon Roll,desserts,DST-04,1,35000,35000,credit card,dine in
9220,SUN-35626,2024-11-06,Earl_Grey_Milk_Tea,drinks,DRK-04,2,24000,48000,unknown,dine in
9221,SUN-34386,2024-04-19,Fudgy Brownie With Ice Cream,desserts,DST-02,2,18000,36000,credit card,dine in
9222,SUN-41069,2024-12-08,Matcha_Berry_Latte,drinks,DRK-03,4,28000,112000,digital wallet,nan
9223,SUN-42668,2024-12-07,missing,food,FOD-02,3,32000,96000,missing,take away
9224,SUN-34281,2024-01-13,Cinnamon Roll,desserts,DST-04,3,nan,105000,cash,dine in
9225,SUN-46319,2024-11-15,Lotus Biscoff Cheesecake,desserts,DST-03,3,missing,75000,cash,take away
9226,SUN-46964,2024-09-02,Cinnamon Roll,nan,DST-04,4,35000,nan,cash,take away
9227,SUN-39026,2024-09-07,Grilled Chicken Mentai Rice,food,FOD-04,3,42000,126000,credit card,take away
9228,SUN-38230,2024-11-10,Tiramisu Tres Leches,desserts,DST-05,2,22000,44000,digital wallet,online shop
9229,SUN-32908,2024-10-20,Butter Croissant,desserts,DST-01,2,45000,90000,unknown,missing
9230,SUN-35479,2024-08-01,Fudgy Brownie With Ice Cream,nan,DST-02,2,18000,36000,credit card,online shop
9231,SUN-33137,2024-05-17,Matcha_Berry_Latte,unknown,DRK-03,4,28000,112000,cash,online shop
9232,SUN-35050,2024-08-02,Iced_Aren_Latte,drinks,DRK-01,4,25000,100000,digital wallet,unknown
9233,SUN-45365,2024-12-02,Butter Croissant,desserts,DST-01,4,45000,180000,digital wallet,online shop
9234,SUN-45585,2024-05-25,Hot_Americano,drinks,DRK-02,1,22000,22000,cash,dine in
9235,SUN-41257,2024-01-21,missing,nan,DRK-03,1,28000,28000,credit card,take away
9236,SUN-37203,2024-06-10,Nasi Goreng Kampung Premium,food,FOD-02,1,32000,32000,credit card,dine in
9237,SUN-40476,2024-02-23,Nasi Goreng Kampung Premium,food,FOD-02,1,32000,32000,digital wallet,take away
9238,SUN-44490,2024-02-03,Mineral_Water,drinks,DRK-07,1,26000,26000,digital wallet,online shop
9239,SUN-46377,2024-01-24,Earl_Grey_Milk_Tea,missing,DRK-04,3,24000,72000,cash,dine in
9240,SUN-40279,2024-04-30,Lotus Biscoff Cheesecake,desserts,DST-03,2,25000,50000,digital wallet,take away
9241,SUN-36432,2024-03-03,nan,desserts,DST-03,4,missing,100000,missing,error
9242,SUN-47761,2024-04-08,error,error,DRK-03,1,28000,28000,digital wallet,online shop
9243,nan,2024-10-26,Lotus Biscoff Cheesecake,error,DST-03,2,25000,50000,cash,take away
9244,SUN-36628,2024-10-21,Grilled Chicken Mentai Rice,food,FOD-04,3,42000,error,cash,dine in
9245,SUN-37455,2024-11-11,Truffle Fries & Sausage,food,FOD-01,1,10000,error,credit card,take away
9246,SUN-45382,2024-11-15,Cinnamon Roll,desserts,DST-04,3,35000,105000,cash,take away
9247,SUN-45785,2024-09-08,Tiramisu Tres Leches,desserts,unknown,2,22000,44000,credit card,online shop
9248,missing,2024-07-26,Creamy Spaghetti Carbonara,food,FOD-03,4,38000,152000,missing,dine in
9249,SUN-46499,2024-08-09,Matcha_Berry_Latte,unknown,DRK-03,2,28000,56000,cash,take away
9250,SUN-33690,2024-06-10,Iced_Aren_Latte,drinks,unknown,3,25000,75000,digital wallet,take away
9251,SUN-39417,2024-10-05,Cinnamon Roll,desserts,DST-04,3,35000,105000,credit card,error
9252,SUN-31516,2024-03-15,Nasi Goreng Kampung Premium,food,FOD-02,4,32000,128000,credit card,dine in
9253,unknown,2024-09-12,Fudgy Brownie With Ice Cream,desserts,DST-02,2,18000,unknown,credit card,online shop
9254,SUN-38861,2024-05-03,Nasi Goreng Kampung Premium,food,nan,4,32000,128000,cash,take away
9255,SUN-34489,2024-12-11,Hot_Americano,drinks,DRK-02,3,22000,66000,cash,take away
9256,SUN-30045,2024-01-03,missing,missing,nan,1,38000,38000,unknown,dine in
9257,SUN-49708,2024-11-25,Butter Croissant,desserts,error,3,45000,135000,credit card,online shop
9258,SUN-31514,2024-03-15,nan,food,FOD-04,3,42000,126000,cash,take away
9259,SUN-47074,2024-03-08,Hot_Americano,drinks,DRK-02,3,22000,66000,unknown,dine in
9260,SUN-36911,2024-02-04,nan,nan,DRK-05,3,24000,72000,cash,take away
9261,SUN-32021,2024-09-09,Earl_Grey_Milk_Tea,drinks,DRK-04,2,24000,error,digital wallet,dine in
9262,SUN-46217,2024-10-17,Tiramisu Tres Leches,desserts,DST-05,1,22000,22000,credit card,missing
9263,SUN-40910,2024-10-14,Grilled Chicken Mentai Rice,food,FOD-04,1,missing,42000,credit card,take away
9264,missing,2024-07-30,unknown,desserts,DST-05,4,22000,88000,digital wallet,dine in
9265,SUN-42153,2024-09-24,Nasi Goreng Kampung Premium,food,FOD-02,3,32000,96000,digital wallet,online shop
9266,SUN-39315,2024-07-03,missing,error,FOD-02,2,32000,64000,cash,online shop
9267,SUN-34844,2024-10-31,Matcha_Berry_Latte,drinks,DRK-03,4,28000,unknown,digital wallet,online shop
9268,SUN-30197,2024-08-26,Lemonade_Espresso_Tonic,unknown,DRK-05,3,24000,error,cash,take away
9269,SUN-46924,2024-09-17,Grilled Chicken Mentai Rice,food,FOD-04,error,42000,168000,credit card,online shop
9270,SUN-47392,2024-11-21,Earl_Grey_Milk_Tea,drinks,DRK-04,1,24000,24000,credit card,online shop
9271,SUN-38655,2024-10-28,Mineral_Water,drinks,missing,1,26000,26000,cash,take away
9272,SUN-37425,2024-02-06,Classic_Beef_Burger,food,FOD-05,2,40000,80000,cash,dine in
9273,SUN-44500,2024-09-07,Grilled Chicken Mentai Rice,food,FOD-04,3,42000,126000,cash,dine in
9274,SUN-38988,2024-07-28,missing,food,FOD-04,1,nan,42000,credit card,dine in
9275,SUN-31639,2024-06-28,Nasi Goreng Kampung Premium,food,FOD-02,2,missing,64000,nan,take away
9276,SUN-39735,2024-04-08,nan,desserts,DST-04,unknown,35000,nan,cash,online shop
9277,SUN-41164,2024-05-04,missing,food,FOD-02,2,32000,64000,cash,take away
9278,SUN-33840,2024-10-11,Cinnamon Roll,desserts,DST-04,3,35000,105000,missing,online shop
9279,SUN-47075,2024-11-14,Grilled Chicken Mentai Rice,food,FOD-04,3,nan,126000,digital wallet,online shop
9280,SUN-46239,2024-06-19,Hot_Americano,drinks,DRK-02,3,22000,nan,nan,nan
9281,SUN-45340,2024-01-23,error,drinks,DRK-01,4,25000,100000,cash,error
9282,SUN-45541,2024-08-09,Earl_Grey_Milk_Tea,drinks,DRK-04,nan,24000,24000,digital wallet,online shop
9283,SUN-33889,2024-06-26,Lotus Biscoff Cheesecake,desserts,DST-03,2,25000,50000,cash,nan
9284,SUN-30308,2024-09-12,Lemonade_Espresso_Tonic,drinks,DRK-05,error,24000,72000,cash,online shop
9285,SUN-42175,2024-02-29,Tiramisu Tres Leches,unknown,DST-05,1,22000,22000,digital wallet,take away
9286,SUN-49094,2024-04-13,Matcha_Berry_Latte,drinks,DRK-03,3,28000,84000,cash,nan
9287,SUN-49734,2024-02-03,Fudgy Brownie With Ice Cream,desserts,DST-02,2,18000,36000,digital wallet,error
9288,SUN-30014,2024-05-22,Iced_Aren_Latte,drinks,DRK-01,4,25000,100000,cash,take away
9289,SUN-48123,2024-04-10,Iced_Aren_Latte,drinks,DRK-01,2,25000,50000,cash,dine in
9290,SUN-49470,2024-08-31,missing,missing,DST-01,4,45000,180000,credit card,dine in
9291,SUN-39842,2024-06-13,Truffle Fries & Sausage,food,FOD-01,4,10000,nan,credit card,dine in
9292,SUN-30250,2024-07-30,Cinnamon Roll,desserts,DST-04,missing,35000,140000,credit card,online shop
9293,SUN-36891,2024-11-15,Lemonade_Espresso_Tonic,drinks,DRK-05,3,24000,72000,cash,online shop
9294,SUN-45354,2024-09-15,Strawberry_Mojito_Mocktail,unknown,DRK-06,3,27000,81000,missing,online shop
9295,SUN-38431,2024-08-22,Hot_Americano,drinks,DRK-02,3,22000,66000,digital wallet,online shop
9296,SUN-41537,2024-12-30,Hot_Americano,drinks,DRK-02,4,22000,88000,credit card,dine in
9297,SUN-45626,2024-02-25,Tiramisu Tres Leches,desserts,DST-05,2,22000,44000,credit card,online shop
9298,SUN-41862,2024-10-17,Hot_Americano,drinks,DRK-02,nan,22000,88000,credit card,dine in
9299,SUN-40232,2024-12-27,Lotus Biscoff Cheesecake,desserts,DST-03,3,25000,75000,credit card,dine in
9300,SUN-32561,2024-02-27,Lemonade_Espresso_Tonic,drinks,DRK-05,2,24000,48000,nan,dine in
9301,SUN-47184,2024-02-26,Butter Croissant,desserts,DST-01,3,45000,135000,credit card,take away
9302,SUN-44534,2024-01-14,Strawberry_Mojito_Mocktail,drinks,DRK-06,2,27000,54000,digital wallet,online shop
9303,SUN-44920,2024-08-24,Creamy Spaghetti Carbonara,food,FOD-03,1,38000,38000,unknown,take away
9304,SUN-37546,2024-07-30,Fudgy Brownie With Ice Cream,desserts,DST-02,2,18000,36000,cash,dine in
9305,SUN-44259,2024-08-01,nan,drinks,DRK-07,4,26000,error,digital wallet,dine in
9306,error,2024-02-25,missing,desserts,DST-02,4,missing,72000,credit card,take away
9307,SUN-47807,2024-04-11,Classic_Beef_Burger,food,FOD-05,3,40000,120000,digital wallet,error
9308,SUN-47269,2024-04-01,Lemonade_Espresso_Tonic,drinks,nan,4,24000,96000,missing,unknown
9309,SUN-41136,2024-12-29,Nasi Goreng Kampung Premium,food,FOD-02,1,32000,missing,digital wallet,take away
9310,SUN-48221,2024-01-18,Classic_Beef_Burger,food,FOD-05,3,40000,120000,digital wallet,dine in
9311,SUN-34685,2024-07-03,missing,nan,FOD-01,3,10000,missing,credit card,take away
9312,SUN-37580,2024-03-02,Earl_Grey_Milk_Tea,drinks,missing,2,24000,48000,cash,missing
9313,SUN-46560,2024-07-28,Grilled Chicken Mentai Rice,error,FOD-04,missing,42000,84000,cash,dine in
9314,SUN-36797,2024-09-06,Cinnamon Roll,desserts,DST-04,4,35000,unknown,digital wallet,dine in
9315,error,2024-09-18,Truffle Fries & Sausage,food,FOD-01,1,10000,10000,error,dine in
9316,SUN-43864,2024-09-08,Lemonade_Espresso_Tonic,drinks,DRK-05,3,24000,72000,digital wallet,take away
9317,SUN-35066,2024-01-09,Truffle Fries & Sausage,food,FOD-01,3,10000,30000,cash,take away
9318,SUN-49816,2024-12-15,Creamy Spaghetti Carbonara,food,FOD-03,error,38000,114000,cash,take away
9319,unknown,2024-04-03,Lotus Biscoff Cheesecake,desserts,DST-03,3,25000,75000,nan,online shop
9320,SUN-38395,2024-11-27,Nasi Goreng Kampung Premium,nan,FOD-02,1,32000,32000,cash,dine in
9321,SUN-44793,2024-07-30,Strawberry_Mojito_Mocktail,drinks,DRK-06,3,unknown,81000,credit card,take away
9322,SUN-44729,2024-11-04,Classic_Beef_Burger,food,FOD-05,2,40000,error,digital wallet,take away
9323,SUN-44449,2024-04-21,Fudgy Brownie With Ice Cream,desserts,DST-02,2,18000,36000,digital wallet,online shop
9324,SUN-43320,2024-01-20,Strawberry_Mojito_Mocktail,drinks,DRK-06,4,27000,108000,digital wallet,take away
9325,SUN-36993,2024-03-24,Strawberry_Mojito_Mocktail,drinks,DRK-06,1,27000,27000,credit card,missing
9326,missing,2024-10-23,Lotus Biscoff Cheesecake,desserts,DST-03,1,25000,25000,digital wallet,take away
9327,SUN-34813,2024-07-19,missing,missing,DRK-06,1,27000,27000,credit card,error
9328,SUN-33548,2024-11-04,Lemonade_Espresso_Tonic,drinks,DRK-05,1,24000,24000,digital wallet,take away
9329,SUN-48641,2024-04-30,unknown,missing,DRK-05,2,24000,48000,nan,take away
9330,SUN-45234,2024-04-18,missing,food,error,1,32000,32000,digital wallet,dine in
9331,SUN-30659,2024-10-06,Hot_Americano,drinks,DRK-02,2,22000,44000,digital wallet,online shop
9332,SUN-36822,2024-03-07,Mineral_Water,drinks,DRK-07,error,26000,104000,credit card,dine in
9333,SUN-37712,2024-09-02,missing,drinks,DRK-04,2,24000,48000,error,dine in
9334,SUN-43108,2024-09-11,Fudgy Brownie With Ice Cream,desserts,DST-02,1,18000,18000,credit card,online shop
9335,SUN-40510,2024-08-21,Truffle Fries & Sausage,food,FOD-01,2,10000,20000,credit card,dine in
9336,SUN-39683,2024-01-22,Butter Croissant,missing,DST-01,1,45000,missing,digital wallet,take away
9337,SUN-42467,2024-01-07,Nasi Goreng Kampung Premium,unknown,FOD-02,4,32000,128000,credit card,take away
9338,SUN-35776,2024-10-08,Truffle Fries & Sausage,food,FOD-01,3,10000,30000,digital wallet,dine in
9339,SUN-49389,2024-05-25,Tiramisu Tres Leches,desserts,DST-05,2,22000,44000,cash,take away
9340,SUN-46234,2024-11-10,Matcha_Berry_Latte,drinks,DRK-03,4,28000,112000,credit card,online shop
9341,error,2024-01-09,Mineral_Water,drinks,DRK-07,4,26000,104000,credit card,nan
9342,SUN-31593,2024-11-24,unknown,drinks,nan,1,22000,22000,digital wallet,online shop
9343,SUN-44959,2024-08-16,Creamy Spaghetti Carbonara,food,FOD-03,1,missing,38000,credit card,dine in
9344,SUN-47503,2024-01-03,Lemonade_Espresso_Tonic,missing,DRK-05,4,24000,96000,digital wallet,online shop
9345,SUN-44268,2024-01-27,Fudgy Brownie With Ice Cream,nan,DST-02,4,18000,72000,digital wallet,online shop
9346,SUN-32281,2024-01-03,Fudgy Brownie With Ice Cream,nan,DST-02,2,18000,nan,digital wallet,dine in
9347,SUN-37092,2024-12-04,nan,desserts,DST-04,unknown,35000,error,cash,unknown
9348,SUN-44126,2024-04-16,unknown,drinks,DRK-01,4,25000,100000,digital wallet,dine in
9349,SUN-32438,2024-02-09,Lemonade_Espresso_Tonic,drinks,DRK-05,3,24000,72000,digital wallet,online shop
9350,error,2024-03-21,Fudgy Brownie With Ice Cream,desserts,DST-02,missing,18000,18000,digital wallet,take away
9351,SUN-39897,2024-09-30,Lotus Biscoff Cheesecake,desserts,DST-03,missing,25000,50000,digital wallet,dine in
9352,SUN-42788,2024-10-25,missing,drinks,DRK-03,missing,28000,28000,cash,dine in
9353,SUN-38331,2024-09-19,Butter Croissant,desserts,DST-01,4,45000,180000,credit card,online shop
9354,SUN-31269,2024-05-14,Iced_Aren_Latte,drinks,DRK-01,2,25000,50000,digital wallet,error
9355,SUN-34825,2024-06-12,Classic_Beef_Burger,food,FOD-05,3,40000,120000,missing,online shop
9356,SUN-48653,2024-02-26,Matcha_Berry_Latte,drinks,DRK-03,4,28000,112000,cash,dine in
9357,nan,2024-04-30,Fudgy Brownie With Ice Cream,nan,DST-02,2,18000,36000,credit card,dine in
9358,SUN-34417,2024-06-23,Classic_Beef_Burger,food,FOD-05,missing,40000,80000,credit card,online shop
9359,nan,2024-09-30,Grilled Chicken Mentai Rice,food,FOD-04,4,42000,168000,credit card,take away
9360,missing,2024-11-23,Strawberry_Mojito_Mocktail,drinks,DRK-06,2,27000,54000,credit card,dine in
9361,error,2024-09-08,Classic_Beef_Burger,food,FOD-05,4,40000,160000,credit card,online shop
9362,SUN-32064,2024-01-16,Grilled Chicken Mentai Rice,food,missing,3,error,126000,digital wallet,take away
9363,SUN-49894,2024-01-14,unknown,desserts,DST-05,3,22000,66000,credit card,take away
9364,SUN-32703,2024-08-19,Cinnamon Roll,desserts,DST-04,2,35000,missing,unknown,online shop
9365,SUN-48298,2024-06-27,Earl_Grey_Milk_Tea,drinks,DRK-04,2,missing,missing,credit card,take away
9366,SUN-49856,2024-12-20,error,drinks,DRK-02,2,22000,44000,error,take away
9367,SUN-32606,2024-04-16,Lemonade_Espresso_Tonic,drinks,DRK-05,1,24000,24000,credit card,dine in
9368,SUN-41232,2024-05-15,Truffle Fries & Sausage,food,FOD-01,4,nan,40000,cash,take away
9369,SUN-43984,2024-04-05,Creamy Spaghetti Carbonara,food,FOD-03,2,38000,missing,cash,unknown
9370,SUN-32553,2024-05-21,Classic_Beef_Burger,food,FOD-05,1,missing,40000,digital wallet,dine in
9371,SUN-32765,2024-10-02,Fudgy Brownie With Ice Cream,desserts,DST-02,4,18000,72000,digital wallet,dine in
9372,SUN-30147,2024-02-25,Matcha_Berry_Latte,drinks,DRK-03,3,28000,nan,digital wallet,dine in
9373,SUN-39652,2024-08-05,Fudgy Brownie With Ice Cream,desserts,unknown,3,18000,54000,cash,online shop
9374,SUN-48051,2024-02-17,error,drinks,DRK-04,3,24000,72000,digital wallet,online shop
9375,SUN-46238,2024-10-21,nan,drinks,DRK-02,2,22000,44000,cash,online shop
9376,SUN-42359,2024-07-27,Cinnamon Roll,desserts,DST-04,3,missing,105000,credit card,take away
9377,SUN-44413,2024-06-21,Iced_Aren_Latte,drinks,DRK-01,4,25000,100000,nan,dine in
9378,SUN-45698,2024-01-11,Nasi Goreng Kampung Premium,food,FOD-02,nan,32000,128000,digital wallet,take away
9379,SUN-48935,2024-06-22,Mineral_Water,drinks,DRK-07,2,26000,52000,error,online shop
9380,SUN-41587,2024-02-12,Strawberry_Mojito_Mocktail,drinks,unknown,4,27000,missing,cash,dine in
9381,SUN-44690,2024-06-09,error,nan,DRK-03,3,unknown,84000,error,take away
9382,SUN-33056,2024-07-21,Tiramisu Tres Leches,desserts,DST-05,nan,22000,missing,error,take away
9383,unknown,2024-07-06,Mineral_Water,drinks,DRK-07,4,26000,104000,missing,online shop
9384,SUN-48542,2024-01-21,Mineral_Water,drinks,DRK-07,nan,26000,26000,cash,nan
9385,SUN-49328,2024-01-09,error,drinks,DRK-07,3,26000,78000,digital wallet,take away
9386,SUN-42297,2024-07-24,Lotus Biscoff Cheesecake,desserts,DST-03,3,25000,error,missing,take away
9387,error,2024-01-26,Lotus Biscoff Cheesecake,desserts,DST-03,3,25000,75000,credit card,online shop
9388,unknown,2024-08-05,Hot_Americano,drinks,DRK-02,2,22000,44000,credit card,dine in
9389,SUN-49571,2024-02-18,Matcha_Berry_Latte,drinks,DRK-03,2,28000,56000,digital wallet,online shop
9390,SUN-36953,2024-11-22,missing,food,FOD-02,3,32000,96000,credit card,online shop
9391,SUN-30148,2024-08-02,nan,unknown,FOD-05,4,40000,160000,error,take away
9392,SUN-44628,2024-06-22,Nasi Goreng Kampung Premium,food,FOD-02,2,32000,64000,digital wallet,dine in
9393,SUN-30726,2024-10-23,nan,food,error,2,38000,76000,cash,take away
9394,SUN-39107,2024-08-01,Truffle Fries & Sausage,food,FOD-01,3,10000,30000,credit card,online shop
9395,SUN-48208,2024-04-26,unknown,food,error,3,40000,120000,credit card,take away
9396,SUN-37113,2024-05-09,Lemonade_Espresso_Tonic,drinks,DRK-05,3,24000,72000,digital wallet,online shop
9397,SUN-32615,2024-06-07,Creamy Spaghetti Carbonara,food,FOD-03,unknown,38000,38000,digital wallet,take away
9398,SUN-31829,2024-02-15,missing,food,unknown,3,42000,missing,cash,take away
9399,SUN-42350,2024-03-23,Earl_Grey_Milk_Tea,drinks,DRK-04,2,24000,48000,credit card,take away
9400,SUN-42022,2024-09-28,Iced_Aren_Latte,drinks,DRK-01,3,25000,75000,digital wallet,dine in
9401,SUN-33026,2024-08-09,Classic_Beef_Burger,food,FOD-05,3,40000,error,cash,online shop
9402,SUN-49382,2024-03-29,Grilled Chicken Mentai Rice,food,FOD-04,3,42000,126000,credit card,online shop
9403,SUN-30217,2024-01-18,Mineral_Water,drinks,DRK-07,1,nan,26000,credit card,take away
9404,SUN-46275,2024-03-06,Classic_Beef_Burger,food,FOD-05,4,40000,missing,credit card,online shop
9405,missing,2024-02-24,Strawberry_Mojito_Mocktail,drinks,DRK-06,nan,27000,nan,nan,dine in
9406,SUN-48041,2024-12-01,nan,food,FOD-05,2,40000,error,digital wallet,take away
9407,SUN-45058,2024-10-23,Hot_Americano,drinks,DRK-02,3,22000,66000,cash,dine in
9408,SUN-36264,2024-12-17,Earl_Grey_Milk_Tea,drinks,DRK-04,error,24000,48000,cash,dine in
9409,SUN-45883,2024-05-08,Mineral_Water,drinks,DRK-07,3,26000,78000,missing,dine in
9410,SUN-42443,2024-12-25,Lotus Biscoff Cheesecake,desserts,DST-03,4,25000,100000,credit card,online shop
9411,SUN-34756,2024-12-27,Grilled Chicken Mentai Rice,food,nan,3,42000,unknown,cash,unknown
9412,SUN-36847,2024-10-08,Butter Croissant,desserts,error,3,45000,135000,digital wallet,take away
9413,SUN-43784,2024-08-15,Tiramisu Tres Leches,desserts,DST-05,nan,22000,44000,credit card,error
9414,unknown,2024-01-29,Iced_Aren_Latte,drinks,DRK-01,3,25000,75000,cash,online shop
9415,SUN-43524,2024-04-16,Hot_Americano,drinks,DRK-02,2,22000,44000,credit card,dine in
9416,SUN-32571,2024-11-05,Iced_Aren_Latte,drinks,DRK-01,nan,25000,50000,digital wallet,take away
9417,SUN-42342,2024-08-20,Hot_Americano,drinks,DRK-02,nan,22000,66000,cash,dine in
9418,SUN-48109,2024-05-08,Hot_Americano,drinks,error,unknown,22000,nan,credit card,dine in
9419,SUN-31751,2024-12-17,Creamy Spaghetti Carbonara,food,FOD-03,nan,38000,38000,cash,online shop
9420,SUN-41626,2024-07-14,Lemonade_Espresso_Tonic,drinks,DRK-05,4,nan,96000,credit card,online shop
9421,SUN-42482,2024-01-13,Grilled Chicken Mentai Rice,food,FOD-04,2,42000,84000,digital wallet,take away
9422,SUN-37844,2024-08-30,Tiramisu Tres Leches,desserts,DST-05,1,error,22000,digital wallet,dine in
9423,SUN-45186,2024-12-05,Mineral_Water,unknown,DRK-07,4,26000,104000,credit card,online shop
9424,SUN-39066,2024-04-05,Iced_Aren_Latte,drinks,DRK-01,1,25000,25000,digital wallet,take away
9425,SUN-34043,missing,Nasi Goreng Kampung Premium,food,FOD-02,nan,32000,32000,cash,online shop
9426,SUN-39207,2024-06-03,Butter Croissant,desserts,DST-01,1,missing,unknown,nan,dine in
9427,SUN-49132,2024-12-05,Earl_Grey_Milk_Tea,drinks,DRK-04,2,24000,48000,cash,dine in
9428,SUN-40796,2024-02-05,missing,drinks,DRK-04,3,24000,72000,cash,nan
9429,SUN-38996,2024-10-18,Creamy Spaghetti Carbonara,food,FOD-03,unknown,38000,152000,cash,dine in
9430,SUN-45943,2024-12-07,Cinnamon Roll,desserts,DST-04,2,35000,70000,credit card,nan
9431,SUN-38167,2024-12-27,Grilled Chicken Mentai Rice,food,FOD-04,missing,42000,168000,cash,online shop
9432,SUN-33298,2024-03-13,Hot_Americano,drinks,DRK-02,2,missing,44000,missing,online shop
9433,SUN-40609,2024-03-04,Cinnamon Roll,desserts,DST-04,2,nan,70000,digital wallet,dine in
9434,SUN-43103,2024-11-25,Lemonade_Espresso_Tonic,drinks,DRK-05,3,error,72000,nan,take away
9435,SUN-38541,2024-09-15,Grilled Chicken Mentai Rice,food,FOD-04,2,42000,84000,missing,missing
9436,SUN-49099,2024-02-18,Tiramisu Tres Leches,desserts,error,1,22000,22000,cash,online shop
9437,SUN-30099,2024-02-02,Matcha_Berry_Latte,drinks,DRK-03,2,28000,56000,credit card,take away
9438,SUN-35075,2024-09-12,Iced_Aren_Latte,drinks,DRK-01,4,25000,unknown,unknown,take away
9439,SUN-46579,2024-06-20,Butter Croissant,desserts,DST-01,1,45000,45000,digital wallet,take away
9440,SUN-46918,2024-02-02,Nasi Goreng Kampung Premium,food,FOD-02,3,32000,96000,credit card,online shop
9441,SUN-31907,2024-12-07,Tiramisu Tres Leches,desserts,DST-05,2,missing,44000,digital wallet,dine in
9442,SUN-32963,missing,Mineral_Water,drinks,DRK-07,2,26000,52000,unknown,online shop
9443,SUN-30438,2024-11-18,Truffle Fries & Sausage,food,FOD-01,error,10000,40000,credit card,online shop
9444,SUN-45540,2024-11-11,Iced_Aren_Latte,drinks,DRK-01,3,25000,75000,cash,take away
9445,SUN-37415,2024-08-10,Tiramisu Tres Leches,desserts,nan,4,22000,88000,digital wallet,dine in
9446,SUN-41043,2024-08-26,Tiramisu Tres Leches,desserts,DST-05,2,22000,44000,nan,dine in
9447,SUN-37286,2024-06-02,Classic_Beef_Burger,food,FOD-05,3,40000,nan,credit card,take away
9448,SUN-43382,2024-05-19,Strawberry_Mojito_Mocktail,drinks,DRK-06,3,27000,81000,credit card,dine in
9449,SUN-49893,2024-11-09,Cinnamon Roll,unknown,DST-04,3,35000,105000,digital wallet,online shop
9450,SUN-37354,2024-08-21,Iced_Aren_Latte,drinks,DRK-01,4,25000,100000,cash,take away
9451,unknown,2024-05-30,Nasi Goreng Kampung Premium,food,FOD-02,2,32000,64000,credit card,take away
9452,SUN-39907,2024-02-29,Cinnamon Roll,desserts,DST-04,4,35000,140000,digital wallet,take away
9453,SUN-43334,2024-01-08,Classic_Beef_Burger,food,FOD-05,3,missing,120000,unknown,online shop
9454,SUN-42136,2024-02-24,Hot_Americano,drinks,DRK-02,3,22000,66000,digital wallet,dine in
9455,SUN-47294,2024-03-22,Nasi Goreng Kampung Premium,food,FOD-02,missing,32000,error,digital wallet,online shop
9456,SUN-35835,2024-12-23,Nasi Goreng Kampung Premium,food,FOD-02,2,32000,64000,error,online shop
9457,missing,2024-07-20,Strawberry_Mojito_Mocktail,drinks,DRK-06,2,27000,nan,digital wallet,online shop
9458,SUN-42682,2024-04-14,Lotus Biscoff Cheesecake,desserts,DST-03,nan,25000,100000,digital wallet,online shop
9459,SUN-40150,2024-06-17,Lotus Biscoff Cheesecake,desserts,DST-03,4,25000,100000,cash,nan
9460,SUN-35945,2024-07-25,Truffle Fries & Sausage,nan,FOD-01,2,10000,20000,missing,dine in
9461,SUN-49274,2024-12-19,Grilled Chicken Mentai Rice,food,FOD-04,4,42000,168000,cash,take away
9462,SUN-34185,2024-02-21,Fudgy Brownie With Ice Cream,desserts,DST-02,1,18000,18000,nan,take away
9463,SUN-36605,2024-05-29,Strawberry_Mojito_Mocktail,drinks,DRK-06,3,27000,81000,cash,nan
9464,SUN-34935,2024-03-02,Grilled Chicken Mentai Rice,food,FOD-04,1,42000,42000,nan,take away
9465,SUN-41877,2024-07-01,Earl_Grey_Milk_Tea,drinks,DRK-04,4,24000,96000,cash,online shop
9466,SUN-46704,2024-07-19,Creamy Spaghetti Carbonara,missing,FOD-03,3,38000,error,credit card,error
9467,SUN-38620,2024-04-16,nan,drinks,DRK-07,1,26000,nan,cash,take away
9468,SUN-37801,2024-06-16,Cinnamon Roll,desserts,DST-04,1,35000,35000,digital wallet,dine in
9469,SUN-35193,2024-03-30,Tiramisu Tres Leches,desserts,DST-05,2,22000,44000,cash,take away
9470,SUN-38718,2024-03-12,Matcha_Berry_Latte,drinks,DRK-03,1,28000,28000,credit card,dine in
9471,SUN-48968,2024-01-17,Tiramisu Tres Leches,desserts,DST-05,2,unknown,44000,credit card,dine in
9472,SUN-44936,2024-11-25,Truffle Fries & Sausage,food,FOD-01,nan,10000,40000,digital wallet,online shop
9473,SUN-40252,2024-02-24,unknown,drinks,DRK-02,2,22000,44000,credit card,online shop
9474,SUN-31438,2024-02-03,Lemonade_Espresso_Tonic,drinks,DRK-05,3,24000,72000,error,dine in
9475,nan,2024-12-14,Truffle Fries & Sausage,food,FOD-01,4,10000,40000,missing,online shop
9476,SUN-38629,2024-08-25,Lemonade_Espresso_Tonic,drinks,DRK-05,missing,24000,48000,digital wallet,online shop
9477,SUN-35855,2024-05-17,Creamy Spaghetti Carbonara,food,FOD-03,1,38000,38000,credit card,unknown
9478,SUN-40195,2024-03-29,Tiramisu Tres Leches,unknown,DST-05,2,22000,44000,cash,dine in
9479,nan,2024-03-22,Iced_Aren_Latte,drinks,DRK-01,1,25000,25000,unknown,online shop
9480,SUN-44650,2024-07-10,Lotus Biscoff Cheesecake,desserts,DST-03,2,25000,50000,error,take away
9481,SUN-32402,2024-07-20,Iced_Aren_Latte,drinks,DRK-01,2,25000,50000,digital wallet,dine in
9482,SUN-35979,2024-10-16,Strawberry_Mojito_Mocktail,drinks,DRK-06,4,27000,108000,digital wallet,online shop
9483,SUN-33711,2024-06-22,Mineral_Water,drinks,DRK-07,4,26000,104000,credit card,take away
9484,SUN-46208,2024-09-04,Strawberry_Mojito_Mocktail,drinks,DRK-06,3,27000,81000,cash,take away
9485,SUN-48380,2024-09-15,Iced_Aren_Latte,drinks,DRK-01,2,25000,50000,credit card,dine in
9486,SUN-33877,2024-03-28,Strawberry_Mojito_Mocktail,drinks,DRK-06,3,27000,81000,digital wallet,dine in
9487,SUN-34941,2024-12-22,Matcha_Berry_Latte,drinks,DRK-03,4,nan,112000,cash,online shop
9488,SUN-48504,2024-03-16,Earl_Grey_Milk_Tea,drinks,DRK-04,4,24000,96000,cash,dine in
9489,SUN-46630,2024-03-30,missing,drinks,DRK-07,2,26000,missing,credit card,take away
9490,SUN-39434,2024-10-17,Tiramisu Tres Leches,desserts,DST-05,2,22000,44000,digital wallet,online shop
9491,SUN-37759,2024-07-23,Tiramisu Tres Leches,desserts,DST-05,2,22000,44000,credit card,dine in
9492,SUN-32672,2024-06-03,nan,food,FOD-02,4,32000,128000,credit card,online shop
9493,unknown,2024-05-01,Nasi Goreng Kampung Premium,food,FOD-02,2,32000,64000,digital wallet,dine in
9494,SUN-39051,2024-03-17,Strawberry_Mojito_Mocktail,drinks,nan,1,27000,27000,error,dine in
9495,SUN-39610,2024-11-12,Grilled Chicken Mentai Rice,food,FOD-04,1,42000,nan,digital wallet,take away
9496,SUN-48197,2024-05-04,Creamy Spaghetti Carbonara,food,FOD-03,2,38000,missing,digital wallet,take away
9497,SUN-30657,2024-03-22,Cinnamon Roll,desserts,DST-04,2,35000,70000,error,online shop
9498,SUN-46681,2024-08-29,Classic_Beef_Burger,food,FOD-05,2,40000,unknown,error,unknown
9499,SUN-47241,2024-09-02,nan,drinks,DRK-06,2,27000,unknown,cash,missing
9500,SUN-49111,2024-11-19,unknown,food,FOD-04,3,42000,error,cash,online shop
9501,SUN-36373,2024-04-23,missing,drinks,DRK-01,3,25000,75000,credit card,dine in
9502,SUN-46155,2024-11-12,Classic_Beef_Burger,food,FOD-05,2,40000,80000,cash,take away
9503,SUN-47950,2024-11-07,Truffle Fries & Sausage,food,FOD-01,unknown,10000,10000,unknown,take away
9504,SUN-41521,2024-09-05,Lotus Biscoff Cheesecake,missing,DST-03,unknown,25000,75000,digital wallet,take away
9505,SUN-39929,2024-01-21,missing,missing,DRK-03,4,28000,112000,credit card,unknown
9506,SUN-35545,2024-04-09,Cinnamon Roll,desserts,DST-04,1,35000,35000,nan,take away
9507,SUN-35750,2024-10-04,Matcha_Berry_Latte,drinks,DRK-03,4,28000,112000,digital wallet,dine in
9508,SUN-37198,2024-06-24,Iced_Aren_Latte,drinks,DRK-01,3,25000,75000,cash,online shop
9509,SUN-44900,2024-09-03,Nasi Goreng Kampung Premium,food,FOD-02,3,32000,96000,missing,nan
9510,SUN-41804,2024-01-30,missing,desserts,DST-01,1,45000,45000,cash,take away
9511,SUN-37944,2024-11-17,Cinnamon Roll,desserts,DST-04,2,35000,70000,digital wallet,online shop
9512,SUN-32887,nan,Earl_Grey_Milk_Tea,drinks,DRK-04,nan,24000,unknown,credit card,online shop
9513,SUN-46443,2024-01-07,Mineral_Water,drinks,DRK-07,4,missing,104000,credit card,take away
9514,SUN-32474,2024-12-01,Hot_Americano,drinks,DRK-02,4,unknown,88000,nan,dine in
9515,SUN-46908,2024-05-08,nan,error,DRK-01,2,unknown,50000,digital wallet,take away
9516,SUN-30220,2024-12-03,Mineral_Water,drinks,DRK-07,error,26000,52000,credit card,take away
9517,SUN-49049,2024-02-09,Iced_Aren_Latte,drinks,DRK-01,2,25000,50000,digital wallet,online shop
9518,missing,2024-08-21,nan,error,DRK-03,1,28000,28000,credit card,online shop
9519,SUN-35655,2024-09-28,Classic_Beef_Burger,food,FOD-05,1,40000,40000,digital wallet,dine in
9520,SUN-34230,2024-06-24,Lotus Biscoff Cheesecake,desserts,DST-03,2,25000,error,cash,online shop
9521,SUN-32878,2024-11-26,Classic_Beef_Burger,food,FOD-05,unknown,40000,error,cash,dine in
9522,SUN-41434,2024-07-20,Lemonade_Espresso_Tonic,drinks,DRK-05,1,24000,24000,digital wallet,dine in
9523,unknown,2024-08-12,error,food,FOD-01,3,10000,30000,credit card,online shop
9524,SUN-35115,2024-03-17,Lemonade_Espresso_Tonic,unknown,DRK-05,4,error,96000,credit card,take away
9525,SUN-44399,2024-01-08,Strawberry_Mojito_Mocktail,drinks,DRK-06,2,27000,54000,digital wallet,take away
9526,SUN-42495,2024-05-15,Tiramisu Tres Leches,desserts,DST-05,3,22000,66000,digital wallet,online shop
9527,unknown,2024-09-05,Mineral_Water,drinks,DRK-07,1,26000,26000,digital wallet,nan
9528,SUN-32615,2024-02-18,Mineral_Water,drinks,DRK-07,3,26000,missing,credit card,online shop
9529,SUN-38278,2024-08-29,error,drinks,DRK-06,2,27000,54000,credit card,take away
9530,SUN-39984,2024-05-23,Creamy Spaghetti Carbonara,food,FOD-03,2,error,76000,unknown,take away
9531,SUN-33332,2024-09-13,Hot_Americano,drinks,DRK-02,2,22000,44000,digital wallet,online shop
9532,SUN-36528,2024-06-30,Grilled Chicken Mentai Rice,food,FOD-04,3,42000,missing,credit card,dine in
9533,SUN-49300,2024-07-17,unknown,drinks,DRK-04,2,24000,48000,cash,dine in
9534,SUN-44065,2024-05-03,Matcha_Berry_Latte,drinks,DRK-03,1,28000,28000,digital wallet,error
9535,SUN-33033,2024-12-10,Mineral_Water,error,DRK-07,2,unknown,52000,cash,online shop
9536,SUN-49960,2024-06-21,Lotus Biscoff Cheesecake,desserts,DST-03,nan,25000,75000,cash,online shop
9537,SUN-44891,2024-01-21,Strawberry_Mojito_Mocktail,drinks,DRK-06,1,27000,unknown,cash,take away
9538,SUN-38461,2024-07-31,Grilled Chicken Mentai Rice,food,FOD-04,4,42000,168000,unknown,take away
9539,SUN-49735,2024-10-17,Creamy Spaghetti Carbonara,food,FOD-03,1,38000,38000,cash,take away
9540,SUN-34221,2024-06-02,Nasi Goreng Kampung Premium,food,FOD-02,2,32000,64000,cash,online shop
9541,SUN-38691,2024-08-04,error,food,FOD-02,1,32000,32000,credit card,online shop
9542,SUN-30821,2024-12-17,Tiramisu Tres Leches,desserts,DST-05,2,22000,unknown,digital wallet,take away
9543,SUN-38724,2024-11-20,Hot_Americano,drinks,DRK-02,2,22000,44000,credit card,dine in
9544,SUN-45917,2024-04-15,Creamy Spaghetti Carbonara,food,FOD-03,2,38000,76000,cash,online shop
9545,SUN-37514,2024-09-03,Truffle Fries & Sausage,food,FOD-01,1,10000,10000,digital wallet,error
9546,SUN-48101,2024-07-28,Butter Croissant,desserts,DST-01,3,45000,135000,nan,online shop
9547,SUN-35893,2024-01-03,Strawberry_Mojito_Mocktail,drinks,DRK-06,3,27000,81000,credit card,missing
9548,SUN-41729,2024-01-13,Truffle Fries & Sausage,food,missing,3,10000,30000,credit card,online shop
9549,SUN-44216,2024-10-21,Butter Croissant,desserts,DST-01,4,45000,180000,digital wallet,online shop
9550,SUN-41690,2024-09-26,Tiramisu Tres Leches,missing,DST-05,1,22000,22000,digital wallet,online shop
9551,SUN-38267,2024-08-24,Lotus Biscoff Cheesecake,desserts,DST-03,2,error,50000,credit card,online shop
9552,SUN-30735,2024-07-15,Grilled Chicken Mentai Rice,food,FOD-04,1,42000,42000,cash,dine in
9553,SUN-39648,2024-02-20,Truffle Fries & Sausage,food,FOD-01,2,10000,20000,credit card,online shop
9554,SUN-49362,2024-07-17,nan,desserts,error,4,25000,100000,cash,online shop
9555,SUN-34333,2024-08-10,Iced_Aren_Latte,drinks,DRK-01,4,25000,100000,credit card,take away
9556,SUN-33571,2024-08-10,Classic_Beef_Burger,food,FOD-05,1,unknown,40000,credit card,error
9557,SUN-42281,2024-07-23,Matcha_Berry_Latte,drinks,DRK-03,3,error,error,credit card,online shop
9558,SUN-39554,2024-05-23,Iced_Aren_Latte,drinks,missing,4,25000,error,credit card,take away
9559,unknown,2024-11-20,Creamy Spaghetti Carbonara,food,FOD-03,3,38000,114000,credit card,dine in
9560,SUN-45244,2024-04-08,Creamy Spaghetti Carbonara,food,FOD-03,4,38000,152000,credit card,take away
9561,SUN-48941,2024-11-02,missing,drinks,DRK-07,2,26000,52000,credit card,dine in
9562,SUN-45434,2024-07-21,Earl_Grey_Milk_Tea,drinks,nan,1,24000,24000,digital wallet,online shop
9563,SUN-42112,2024-12-17,Truffle Fries & Sausage,food,FOD-01,4,10000,40000,unknown,error
9564,SUN-39529,2024-07-03,Cinnamon Roll,desserts,DST-04,4,35000,140000,digital wallet,dine in
9565,SUN-33213,2024-11-14,error,drinks,DRK-04,4,24000,96000,credit card,take away
9566,SUN-40712,2024-02-28,Mineral_Water,nan,DRK-07,3,26000,78000,digital wallet,dine in
9567,SUN-31952,2024-05-18,unknown,drinks,DRK-06,1,27000,27000,cash,take away
9568,SUN-43171,2024-11-12,Matcha_Berry_Latte,missing,DRK-03,3,28000,84000,digital wallet,online shop
9569,SUN-49899,2024-08-31,Nasi Goreng Kampung Premium,food,FOD-02,2,32000,64000,cash,missing
9570,SUN-40252,2024-01-25,missing,food,FOD-03,1,unknown,38000,cash,dine in
9571,SUN-39985,2024-01-11,Iced_Aren_Latte,drinks,DRK-01,4,25000,error,digital wallet,dine in
9572,SUN-30947,2024-09-02,Hot_Americano,drinks,DRK-02,1,22000,22000,cash,dine in
9573,SUN-45714,2024-10-18,Grilled Chicken Mentai Rice,food,FOD-04,1,error,42000,digital wallet,unknown
9574,SUN-41111,2024-04-27,Cinnamon Roll,desserts,DST-04,2,35000,70000,cash,online shop
9575,SUN-33102,2024-08-25,nan,drinks,DRK-03,3,28000,84000,digital wallet,take away
9576,SUN-44410,2024-10-27,nan,food,FOD-03,3,38000,114000,cash,take away
9577,SUN-47859,2024-12-28,Strawberry_Mojito_Mocktail,drinks,DRK-06,3,27000,81000,digital wallet,dine in
9578,SUN-42240,2024-06-22,unknown,food,FOD-01,4,missing,unknown,credit card,online shop
9579,SUN-38109,2024-04-07,Tiramisu Tres Leches,error,DST-05,error,22000,66000,digital wallet,take away
9580,SUN-35018,2024-12-24,Fudgy Brownie With Ice Cream,desserts,DST-02,4,18000,error,missing,take away
9581,SUN-32338,2024-01-21,Fudgy Brownie With Ice Cream,desserts,DST-02,2,18000,36000,cash,dine in
9582,SUN-45239,2024-07-21,Cinnamon Roll,desserts,nan,2,35000,70000,error,dine in
9583,nan,2024-03-05,Hot_Americano,drinks,DRK-02,3,22000,66000,digital wallet,take away
9584,SUN-38048,2024-03-03,Strawberry_Mojito_Mocktail,drinks,unknown,3,27000,81000,credit card,dine in
9585,SUN-32809,2024-12-16,nan,food,FOD-04,3,42000,126000,digital wallet,dine in
9586,SUN-40958,2024-02-26,Nasi Goreng Kampung Premium,food,FOD-02,2,32000,64000,digital wallet,dine in
9587,unknown,2024-10-14,Grilled Chicken Mentai Rice,food,FOD-04,3,42000,126000,cash,take away
9588,SUN-41392,2024-12-04,Matcha_Berry_Latte,drinks,DRK-03,3,28000,84000,credit card,take away
9589,SUN-37560,2024-04-20,Nasi Goreng Kampung Premium,food,FOD-02,2,32000,64000,credit card,take away
9590,SUN-34628,2024-12-03,Tiramisu Tres Leches,desserts,unknown,1,22000,22000,cash,unknown
9591,SUN-44029,2024-12-15,Hot_Americano,drinks,DRK-02,3,22000,66000,digital wallet,take away
9592,error,2024-09-13,Cinnamon Roll,error,DST-04,2,35000,70000,credit card,dine in
9593,unknown,2024-12-23,Butter Croissant,unknown,DST-01,1,45000,45000,cash,take away
9594,SUN-30093,2024-12-01,Grilled Chicken Mentai Rice,food,FOD-04,2,42000,nan,digital wallet,take away
9595,SUN-41998,2024-10-12,missing,food,missing,1,38000,missing,digital wallet,take away
9596,SUN-35819,2024-09-30,Lotus Biscoff Cheesecake,desserts,DST-03,4,error,100000,cash,dine in
9597,SUN-49415,2024-08-02,nan,drinks,DRK-07,1,26000,26000,cash,take away
9598,SUN-49909,2024-02-19,Grilled Chicken Mentai Rice,food,FOD-04,3,42000,126000,credit card,take away
9599,SUN-49261,2024-04-01,Tiramisu Tres Leches,desserts,DST-05,1,22000,22000,digital wallet,take away
9600,SUN-40396,2024-03-14,Lotus Biscoff Cheesecake,desserts,DST-03,1,25000,25000,digital wallet,dine in
9601,SUN-34491,2024-08-18,Iced_Aren_Latte,drinks,DRK-01,2,error,50000,digital wallet,nan
9602,SUN-37792,2024-10-28,error,food,FOD-01,3,10000,30000,credit card,error
9603,SUN-41661,2024-03-03,nan,desserts,DST-03,3,25000,missing,digital wallet,unknown
9604,SUN-38265,2024-07-16,Earl_Grey_Milk_Tea,drinks,DRK-04,missing,24000,72000,credit card,online shop
9605,SUN-41748,2024-02-06,Matcha_Berry_Latte,drinks,DRK-03,1,28000,unknown,error,dine in
9606,SUN-34908,2024-11-06,Grilled Chicken Mentai Rice,food,FOD-04,4,42000,168000,cash,dine in
9607,SUN-49114,2024-02-18,Lotus Biscoff Cheesecake,desserts,DST-03,3,error,nan,unknown,dine in
9608,SUN-45321,missing,error,drinks,DRK-02,2,22000,44000,credit card,dine in
9609,SUN-42293,2024-01-08,Cinnamon Roll,desserts,DST-04,nan,35000,140000,credit card,dine in
9610,SUN-30054,2024-01-21,Hot_Americano,drinks,nan,2,22000,44000,digital wallet,take away
9611,SUN-31503,2024-03-11,Strawberry_Mojito_Mocktail,drinks,DRK-06,2,27000,54000,digital wallet,dine in
9612,SUN-31582,2024-01-08,Nasi Goreng Kampung Premium,food,FOD-02,2,32000,64000,digital wallet,unknown
9613,SUN-38187,2024-09-16,nan,drinks,DRK-04,3,24000,72000,error,take away
9614,SUN-41758,2024-06-25,unknown,desserts,missing,1,18000,18000,credit card,online shop
9615,SUN-39320,2024-09-15,unknown,drinks,DRK-04,4,24000,96000,digital wallet,error
9616,SUN-35018,2024-04-03,Cinnamon Roll,unknown,DST-04,2,unknown,70000,credit card,take away
9617,SUN-38897,2024-10-29,Nasi Goreng Kampung Premium,food,FOD-02,2,32000,64000,cash,online shop
9618,SUN-37318,2024-06-22,Nasi Goreng Kampung Premium,food,FOD-02,1,32000,32000,cash,dine in
9619,SUN-48505,2024-03-31,Butter Croissant,desserts,DST-01,1,45000,error,missing,nan
9620,SUN-44002,2024-05-13,Butter Croissant,desserts,DST-01,error,45000,45000,cash,take away
9621,SUN-30031,2024-01-20,Mineral_Water,drinks,DRK-07,1,26000,26000,credit card,online shop
9622,SUN-45610,2024-07-22,Nasi Goreng Kampung Premium,error,FOD-02,3,32000,96000,digital wallet,error
9623,SUN-42006,2024-07-21,Grilled Chicken Mentai Rice,food,FOD-04,1,42000,42000,credit card,missing
9624,SUN-42339,2024-09-03,Mineral_Water,drinks,DRK-07,missing,26000,104000,digital wallet,take away
9625,SUN-40394,2024-09-17,Lemonade_Espresso_Tonic,drinks,DRK-05,2,24000,48000,digital wallet,take away
9626,unknown,2024-02-28,Earl_Grey_Milk_Tea,drinks,DRK-04,1,24000,24000,cash,dine in
9627,SUN-43501,2024-05-01,missing,food,FOD-02,4,32000,128000,missing,take away
9628,SUN-46029,2024-05-18,Fudgy Brownie With Ice Cream,desserts,DST-02,1,18000,18000,credit card,nan
9629,SUN-31829,2024-09-07,Matcha_Berry_Latte,drinks,DRK-03,3,28000,missing,cash,take away
9630,SUN-38353,2024-03-10,Matcha_Berry_Latte,unknown,DRK-03,error,28000,nan,digital wallet,take away
9631,SUN-40657,2024-12-14,Butter Croissant,desserts,unknown,4,45000,180000,credit card,take away
9632,SUN-30868,2024-04-24,Classic_Beef_Burger,food,FOD-05,4,40000,160000,digital wallet,take away
9633,SUN-35921,2024-02-17,missing,missing,FOD-01,4,10000,40000,credit card,unknown
9634,SUN-31570,2024-09-09,Classic_Beef_Burger,food,FOD-05,1,40000,40000,digital wallet,online shop
9635,SUN-49080,2024-07-19,Strawberry_Mojito_Mocktail,drinks,DRK-06,3,nan,81000,cash,dine in
9636,SUN-35041,2024-01-24,Fudgy Brownie With Ice Cream,desserts,DST-02,4,18000,72000,digital wallet,dine in
9637,SUN-36430,2024-07-24,Iced_Aren_Latte,drinks,DRK-01,2,25000,50000,missing,online shop
9638,SUN-37305,2024-09-18,error,error,DRK-03,1,28000,28000,credit card,nan
9639,SUN-37735,unknown,error,nan,nan,2,40000,80000,cash,online shop
9640,SUN-47092,2024-04-01,Mineral_Water,drinks,DRK-07,2,26000,52000,credit card,online shop
9641,SUN-30563,2024-12-05,Creamy Spaghetti Carbonara,food,FOD-03,2,38000,76000,digital wallet,dine in
9642,SUN-30124,2024-11-30,Mineral_Water,drinks,DRK-07,4,error,104000,credit card,take away
9643,SUN-45836,2024-01-08,Tiramisu Tres Leches,desserts,DST-05,1,22000,22000,cash,dine in
9644,SUN-39434,2024-07-04,Matcha_Berry_Latte,drinks,error,4,unknown,112000,credit card,online shop
9645,SUN-46508,2024-11-25,Creamy Spaghetti Carbonara,food,FOD-03,3,38000,114000,digital wallet,take away
9646,SUN-45336,2024-07-06,Nasi Goreng Kampung Premium,food,FOD-02,1,32000,32000,cash,take away
9647,SUN-36114,2024-05-14,Butter Croissant,desserts,DST-01,1,45000,45000,digital wallet,error
9648,SUN-47701,2024-12-16,Grilled Chicken Mentai Rice,food,FOD-04,3,42000,126000,digital wallet,take away
9649,SUN-48021,2024-11-21,Matcha_Berry_Latte,drinks,DRK-03,3,28000,84000,digital wallet,missing
9650,error,2024-01-16,Fudgy Brownie With Ice Cream,desserts,DST-02,2,18000,36000,digital wallet,take away
9651,unknown,2024-08-22,Classic_Beef_Burger,food,FOD-05,3,error,120000,digital wallet,take away
9652,missing,2024-12-07,Classic_Beef_Burger,missing,FOD-05,4,40000,160000,cash,nan
9653,error,2024-12-05,Iced_Aren_Latte,drinks,DRK-01,4,25000,nan,digital wallet,take away
9654,SUN-33730,2024-03-11,Creamy Spaghetti Carbonara,error,FOD-03,3,missing,114000,credit card,dine in
9655,SUN-36581,2024-08-06,Nasi Goreng Kampung Premium,food,FOD-02,2,32000,64000,credit card,take away
9656,SUN-37901,2024-01-07,error,drinks,DRK-05,3,24000,72000,unknown,dine in
9657,SUN-37510,2024-02-04,Tiramisu Tres Leches,desserts,error,4,error,88000,digital wallet,take away
9658,SUN-39163,2024-11-08,Nasi Goreng Kampung Premium,food,FOD-02,3,32000,error,credit card,online shop
9659,SUN-31466,2024-05-14,Creamy Spaghetti Carbonara,food,FOD-03,missing,38000,unknown,credit card,missing
9660,SUN-48213,2024-07-21,Lotus Biscoff Cheesecake,desserts,DST-03,1,25000,25000,cash,online shop
9661,SUN-31438,2024-05-17,Classic_Beef_Burger,food,FOD-05,2,40000,nan,credit card,dine in
9662,SUN-39493,2024-10-07,Butter Croissant,desserts,DST-01,4,45000,180000,nan,missing
9663,unknown,2024-07-24,missing,food,FOD-05,3,40000,error,credit card,online shop
9664,SUN-34915,2024-07-25,Grilled Chicken Mentai Rice,food,FOD-04,1,42000,42000,digital wallet,take away
9665,missing,2024-01-18,Tiramisu Tres Leches,desserts,DST-05,2,22000,44000,digital wallet,online shop
9666,nan,2024-12-21,Tiramisu Tres Leches,desserts,DST-05,4,22000,unknown,unknown,error
9667,SUN-34108,2024-09-03,Lemonade_Espresso_Tonic,error,DRK-05,1,24000,24000,nan,dine in
9668,SUN-36767,2024-07-26,missing,food,FOD-04,2,42000,84000,credit card,take away
9669,SUN-38447,2024-12-29,Cinnamon Roll,desserts,DST-04,missing,35000,105000,digital wallet,take away
9670,SUN-49250,2024-12-31,Tiramisu Tres Leches,desserts,DST-05,2,22000,44000,credit card,take away
9671,unknown,2024-05-09,Cinnamon Roll,desserts,DST-04,2,35000,70000,cash,online shop
9672,SUN-46349,2024-07-02,Matcha_Berry_Latte,unknown,DRK-03,nan,28000,28000,cash,dine in
9673,SUN-48884,2024-09-18,Tiramisu Tres Leches,desserts,DST-05,4,22000,unknown,unknown,online shop
9674,SUN-37335,2024-08-01,missing,drinks,DRK-06,3,27000,nan,credit card,take away
9675,SUN-41213,2024-11-13,nan,desserts,DST-02,1,18000,missing,missing,take away
9676,SUN-48883,2024-07-31,Butter Croissant,desserts,DST-01,3,45000,135000,credit card,dine in
9677,SUN-32949,2024-04-16,unknown,food,FOD-02,1,32000,32000,credit card,online shop
9678,SUN-44311,2024-04-21,Hot_Americano,drinks,DRK-02,1,nan,22000,credit card,unknown
9679,SUN-44160,2024-08-28,Butter Croissant,desserts,DST-01,2,error,90000,credit card,take away
9680,SUN-49812,2024-02-04,Lemonade_Espresso_Tonic,drinks,nan,3,24000,72000,digital wallet,dine in
9681,SUN-33265,2024-05-13,Iced_Aren_Latte,drinks,DRK-01,2,25000,50000,missing,take away
9682,SUN-42883,2024-07-25,Mineral_Water,drinks,DRK-07,3,nan,78000,credit card,online shop
9683,SUN-37970,2024-11-30,missing,food,FOD-01,unknown,10000,30000,cash,error
9684,SUN-40433,2024-08-31,Mineral_Water,drinks,DRK-07,1,26000,nan,digital wallet,dine in
9685,SUN-45701,2024-03-14,Mineral_Water,drinks,unknown,4,26000,104000,missing,dine in
9686,SUN-41966,2024-02-07,Grilled Chicken Mentai Rice,food,FOD-04,4,42000,168000,cash,unknown
9687,SUN-36977,2024-08-22,Strawberry_Mojito_Mocktail,drinks,missing,2,27000,54000,unknown,online shop
9688,SUN-31701,2024-01-09,Creamy Spaghetti Carbonara,error,FOD-03,3,38000,114000,credit card,dine in
9689,SUN-31672,2024-01-07,Strawberry_Mojito_Mocktail,unknown,unknown,4,27000,108000,digital wallet,online shop
9690,SUN-34177,2024-06-16,Mineral_Water,drinks,DRK-07,4,26000,104000,missing,dine in
9691,SUN-37792,2024-06-22,nan,food,FOD-04,3,42000,126000,cash,take away
9692,error,2024-11-06,Fudgy Brownie With Ice Cream,desserts,DST-02,2,missing,nan,cash,dine in
9693,SUN-35385,2024-03-01,Strawberry_Mojito_Mocktail,drinks,DRK-06,1,27000,27000,cash,online shop
9694,SUN-32700,2024-12-05,error,food,FOD-01,4,10000,error,credit card,dine in
9695,missing,2024-03-29,Classic_Beef_Burger,unknown,FOD-05,1,40000,40000,digital wallet,dine in
9696,error,2024-03-31,Tiramisu Tres Leches,desserts,DST-05,2,22000,44000,cash,dine in
9697,SUN-41455,2024-08-28,Creamy Spaghetti Carbonara,food,FOD-03,2,38000,76000,credit card,take away
9698,SUN-47590,2024-07-16,Hot_Americano,drinks,DRK-02,2,22000,44000,unknown,dine in
9699,missing,2024-02-13,Truffle Fries & Sausage,food,FOD-01,4,10000,40000,cash,online shop
9700,SUN-34338,2024-11-28,Butter Croissant,desserts,DST-01,2,45000,error,error,online shop
9701,SUN-40948,2024-04-28,error,desserts,DST-03,1,25000,25000,credit card,take away
9702,SUN-34999,2024-05-19,Mineral_Water,drinks,DRK-07,1,26000,26000,digital wallet,dine in
9703,SUN-39894,2024-06-19,error,nan,DRK-03,1,28000,28000,credit card,dine in
9704,SUN-45260,2024-07-04,Earl_Grey_Milk_Tea,drinks,error,4,unknown,96000,credit card,online shop
9705,SUN-35833,2024-01-16,Iced_Aren_Latte,drinks,DRK-01,4,25000,100000,cash,dine in
9706,SUN-37586,2024-01-04,Strawberry_Mojito_Mocktail,missing,error,nan,27000,108000,credit card,online shop
9707,SUN-47140,2024-03-15,Classic_Beef_Burger,food,FOD-05,4,40000,160000,error,dine in
9708,SUN-48634,2024-01-16,missing,food,FOD-01,1,10000,10000,digital wallet,unknown
9709,SUN-46301,2024-08-26,Butter Croissant,unknown,DST-01,4,45000,180000,error,take away
9710,SUN-49235,2024-04-30,Truffle Fries & Sausage,unknown,FOD-01,2,10000,unknown,nan,dine in
9711,SUN-41921,2024-09-20,Grilled Chicken Mentai Rice,food,FOD-04,3,42000,126000,cash,take away
9712,unknown,2024-03-18,Mineral_Water,drinks,DRK-07,4,26000,104000,credit card,online shop
9713,missing,2024-07-30,unknown,drinks,DRK-01,4,25000,100000,credit card,take away
9714,SUN-39423,2024-03-10,Matcha_Berry_Latte,drinks,DRK-03,3,28000,error,digital wallet,online shop
9715,SUN-42684,2024-04-27,Earl_Grey_Milk_Tea,unknown,DRK-04,1,24000,24000,digital wallet,nan
9716,SUN-48855,2024-12-05,Nasi Goreng Kampung Premium,food,FOD-02,2,32000,64000,cash,online shop
9717,missing,2024-05-26,Butter Croissant,desserts,DST-01,3,45000,135000,credit card,take away
9718,SUN-41105,2024-12-06,Matcha_Berry_Latte,drinks,nan,1,28000,28000,error,online shop
9719,nan,2024-07-02,Lotus Biscoff Cheesecake,desserts,DST-03,2,25000,50000,cash,dine in
9720,SUN-45358,2024-07-24,Strawberry_Mojito_Mocktail,drinks,DRK-06,3,27000,missing,missing,take away
9721,SUN-47156,2024-08-16,unknown,desserts,DST-01,3,45000,135000,digital wallet,take away
9722,nan,2024-07-30,Mineral_Water,drinks,DRK-07,1,26000,26000,credit card,take away
9723,missing,2024-10-24,Creamy Spaghetti Carbonara,error,FOD-03,2,error,76000,credit card,dine in
9724,SUN-48422,2024-01-31,missing,drinks,DRK-01,1,25000,25000,digital wallet,take away
9725,SUN-47552,2024-05-26,unknown,unknown,DRK-01,1,error,error,cash,take away
9726,SUN-47491,2024-12-29,Creamy Spaghetti Carbonara,food,FOD-03,4,38000,152000,unknown,dine in
9727,SUN-36090,2024-04-30,Lemonade_Espresso_Tonic,drinks,DRK-05,1,24000,24000,cash,online shop
9728,SUN-49496,2024-06-27,unknown,drinks,DRK-03,2,28000,56000,cash,take away
9729,SUN-31716,2024-03-22,Hot_Americano,drinks,DRK-02,1,22000,22000,credit card,dine in
9730,SUN-36868,2024-10-07,Classic_Beef_Burger,nan,FOD-05,4,40000,160000,digital wallet,take away
9731,SUN-42458,2024-09-24,Matcha_Berry_Latte,drinks,unknown,2,28000,56000,digital wallet,online shop
9732,SUN-35327,2024-03-01,Earl_Grey_Milk_Tea,drinks,DRK-04,3,nan,72000,cash,take away
9733,SUN-35676,2024-11-29,Hot_Americano,drinks,DRK-02,4,nan,88000,unknown,error
9734,SUN-40213,2024-03-18,Iced_Aren_Latte,drinks,DRK-01,4,25000,100000,digital wallet,online shop
9735,SUN-46015,2024-08-31,Cinnamon Roll,desserts,DST-04,3,35000,unknown,digital wallet,dine in
9736,SUN-37178,2024-12-28,Iced_Aren_Latte,drinks,DRK-01,1,missing,25000,digital wallet,take away
9737,SUN-43601,2024-08-31,error,drinks,DRK-06,error,27000,54000,cash,dine in
9738,SUN-40827,2024-03-14,Strawberry_Mojito_Mocktail,nan,DRK-06,1,27000,27000,digital wallet,take away
9739,nan,2024-02-28,Fudgy Brownie With Ice Cream,desserts,DST-02,4,18000,72000,cash,online shop
9740,error,2024-02-05,Hot_Americano,drinks,DRK-02,3,22000,66000,nan,take away
9741,SUN-45830,2024-05-03,missing,drinks,DRK-07,2,26000,52000,missing,online shop
9742,SUN-33968,2024-02-26,Creamy Spaghetti Carbonara,unknown,FOD-03,1,38000,38000,nan,online shop
9743,SUN-43657,unknown,missing,food,FOD-03,2,38000,76000,credit card,dine in
9744,SUN-48618,2024-01-10,Iced_Aren_Latte,drinks,DRK-01,4,25000,error,credit card,take away
9745,unknown,2024-10-27,Butter Croissant,desserts,DST-01,4,45000,180000,cash,online shop
9746,SUN-46353,2024-05-18,Butter Croissant,desserts,DST-01,4,nan,180000,digital wallet,take away
9747,SUN-35901,2024-10-05,unknown,drinks,DRK-01,2,25000,50000,digital wallet,missing
9748,error,2024-10-14,Iced_Aren_Latte,drinks,DRK-01,1,25000,25000,cash,online shop
9749,error,2024-01-30,Lemonade_Espresso_Tonic,drinks,DRK-05,2,24000,48000,credit card,dine in
9750,unknown,2024-04-01,Tiramisu Tres Leches,desserts,DST-05,2,22000,44000,cash,dine in
9751,error,2024-06-29,Truffle Fries & Sausage,error,FOD-01,2,10000,nan,cash,online shop
9752,SUN-37495,2024-02-16,Mineral_Water,drinks,unknown,1,26000,26000,cash,nan
9753,SUN-48736,2024-05-16,Fudgy Brownie With Ice Cream,desserts,DST-02,3,18000,54000,digital wallet,error
9754,SUN-33133,2024-01-08,Nasi Goreng Kampung Premium,food,FOD-02,1,32000,32000,digital wallet,dine in
9755,SUN-31315,2024-12-09,Mineral_Water,drinks,DRK-07,4,26000,104000,credit card,online shop
9756,SUN-43195,2024-05-15,nan,food,FOD-01,1,10000,10000,nan,online shop
9757,SUN-47058,2024-01-16,Lemonade_Espresso_Tonic,drinks,DRK-05,4,24000,96000,digital wallet,online shop
9758,SUN-32931,2024-05-31,Hot_Americano,drinks,DRK-02,1,22000,22000,credit card,online shop
9759,SUN-47867,2024-05-26,Classic_Beef_Burger,food,FOD-05,4,40000,160000,credit card,online shop
9760,SUN-39421,2024-04-30,Grilled Chicken Mentai Rice,food,FOD-04,4,42000,168000,credit card,take away
9761,SUN-46166,2024-10-11,Matcha_Berry_Latte,drinks,DRK-03,3,28000,nan,credit card,take away
9762,SUN-48221,2024-02-17,nan,drinks,DRK-04,2,24000,48000,cash,missing
9763,SUN-36850,2024-05-17,Butter Croissant,desserts,DST-01,2,45000,90000,cash,dine in
9764,SUN-43523,2024-11-22,Mineral_Water,nan,DRK-07,error,26000,104000,cash,take away
9765,missing,2024-03-10,Lotus Biscoff Cheesecake,desserts,DST-03,2,25000,unknown,credit card,unknown
9766,unknown,2024-09-13,Strawberry_Mojito_Mocktail,nan,unknown,2,27000,missing,digital wallet,take away
9767,SUN-35817,2024-01-08,Tiramisu Tres Leches,desserts,DST-05,1,22000,22000,cash,online shop
9768,SUN-33650,2024-04-09,Lemonade_Espresso_Tonic,drinks,DRK-05,3,24000,72000,digital wallet,take away
9769,SUN-37069,2024-03-12,Fudgy Brownie With Ice Cream,desserts,DST-02,missing,18000,72000,digital wallet,online shop
9770,SUN-30979,2024-06-05,Tiramisu Tres Leches,desserts,DST-05,4,22000,88000,credit card,online shop
9771,SUN-37914,2024-06-25,Butter Croissant,desserts,DST-01,1,unknown,45000,unknown,missing
9772,SUN-46901,2024-06-17,Creamy Spaghetti Carbonara,food,FOD-03,2,38000,unknown,credit card,online shop
9773,SUN-37818,2024-04-18,Classic_Beef_Burger,food,FOD-05,2,40000,80000,unknown,dine in
9774,SUN-34997,2024-09-18,error,desserts,DST-01,4,45000,180000,cash,online shop
9775,unknown,missing,Lotus Biscoff Cheesecake,desserts,DST-03,1,unknown,25000,digital wallet,missing
9776,SUN-35832,2024-03-26,Lotus Biscoff Cheesecake,desserts,DST-03,3,25000,75000,credit card,online shop
9777,SUN-33132,2024-06-13,Earl_Grey_Milk_Tea,drinks,DRK-04,3,24000,72000,credit card,dine in
9778,nan,2024-06-17,Classic_Beef_Burger,food,FOD-05,3,40000,120000,digital wallet,online shop
9779,SUN-43247,2024-12-23,Iced_Aren_Latte,drinks,DRK-01,3,25000,75000,credit card,missing
9780,SUN-31416,2024-03-16,Tiramisu Tres Leches,desserts,DST-05,4,22000,88000,error,take away
9781,SUN-41177,2024-01-01,Lotus Biscoff Cheesecake,desserts,DST-03,2,nan,nan,credit card,unknown
9782,SUN-40401,2024-10-26,Cinnamon Roll,desserts,DST-04,2,35000,70000,credit card,take away
9783,missing,2024-01-18,Creamy Spaghetti Carbonara,food,FOD-03,nan,38000,38000,cash,online shop
9784,SUN-33928,2024-10-09,Classic_Beef_Burger,food,FOD-05,2,40000,unknown,error,take away
9785,SUN-35921,2024-08-31,Cinnamon Roll,desserts,DST-04,1,35000,error,digital wallet,take away
9786,SUN-30665,2024-04-18,Butter Croissant,desserts,DST-01,4,45000,180000,digital wallet,dine in
9787,SUN-43217,2024-12-30,Tiramisu Tres Leches,desserts,DST-05,2,22000,44000,credit card,unknown
9788,SUN-49294,2024-04-21,Butter Croissant,desserts,DST-01,2,45000,90000,cash,online shop
9789,SUN-45240,2024-01-09,Classic_Beef_Burger,food,FOD-05,2,40000,80000,credit card,take away
9790,error,2024-08-01,Cinnamon Roll,desserts,DST-04,4,error,140000,credit card,nan
9791,SUN-39987,2024-11-15,Earl_Grey_Milk_Tea,drinks,DRK-04,4,24000,unknown,digital wallet,online shop
9792,SUN-34692,2024-03-24,Iced_Aren_Latte,error,error,4,25000,100000,credit card,online shop
9793,SUN-39922,2024-02-02,Classic_Beef_Burger,unknown,FOD-05,error,40000,160000,cash,take away
9794,SUN-39583,2024-05-22,Matcha_Berry_Latte,drinks,missing,4,28000,112000,nan,dine in
9795,SUN-39707,2024-02-14,unknown,food,FOD-01,3,10000,30000,credit card,online shop
9796,SUN-31594,2024-03-10,Earl_Grey_Milk_Tea,drinks,DRK-04,4,24000,96000,digital wallet,take away
9797,SUN-31120,2024-03-26,Fudgy Brownie With Ice Cream,desserts,DST-02,1,18000,18000,digital wallet,online shop
9798,SUN-35798,2024-05-25,Matcha_Berry_Latte,drinks,DRK-03,2,28000,56000,unknown,online shop
9799,SUN-37369,2024-01-17,Mineral_Water,drinks,DRK-07,2,26000,52000,cash,dine in
9800,nan,2024-10-11,error,nan,FOD-02,1,unknown,error,digital wallet,take away
9801,nan,2024-06-26,Grilled Chicken Mentai Rice,food,FOD-04,2,42000,84000,digital wallet,online shop
9802,SUN-35873,2024-01-31,missing,food,FOD-05,1,40000,40000,cash,online shop
9803,SUN-36408,2024-08-16,Grilled Chicken Mentai Rice,food,FOD-04,error,42000,168000,nan,dine in
9804,SUN-48307,2024-08-19,Cinnamon Roll,desserts,missing,1,35000,35000,digital wallet,take away
9805,missing,2024-02-18,Tiramisu Tres Leches,desserts,DST-05,2,22000,44000,cash,take away
9806,SUN-42882,2024-04-20,Earl_Grey_Milk_Tea,drinks,DRK-04,3,24000,72000,digital wallet,missing
9807,SUN-40973,2024-09-22,nan,desserts,DST-02,3,18000,54000,cash,nan
9808,SUN-34375,2024-06-11,unknown,drinks,DRK-07,4,26000,104000,cash,missing
9809,SUN-49584,2024-12-24,Lemonade_Espresso_Tonic,drinks,DRK-05,4,24000,96000,cash,error
9810,SUN-32088,2024-01-19,Lemonade_Espresso_Tonic,drinks,DRK-05,1,24000,24000,credit card,online shop
9811,SUN-33800,2024-06-11,Truffle Fries & Sausage,food,FOD-01,3,10000,missing,cash,take away
9812,SUN-39513,2024-03-27,Grilled Chicken Mentai Rice,food,FOD-04,3,42000,126000,credit card,dine in
9813,unknown,2024-01-05,Matcha_Berry_Latte,drinks,nan,2,28000,56000,cash,online shop
9814,SUN-32989,2024-10-24,Cinnamon Roll,desserts,DST-04,1,error,35000,nan,dine in
9815,SUN-31517,2024-03-03,Nasi Goreng Kampung Premium,food,FOD-02,1,32000,32000,credit card,dine in
9816,SUN-45840,2024-11-09,nan,drinks,DRK-07,4,26000,104000,digital wallet,online shop
9817,unknown,2024-08-24,Iced_Aren_Latte,drinks,DRK-01,1,25000,25000,digital wallet,online shop
9818,SUN-32898,2024-05-23,Hot_Americano,drinks,DRK-02,1,22000,22000,credit card,take away
9819,SUN-38181,2024-12-27,Creamy Spaghetti Carbonara,nan,FOD-03,4,38000,152000,credit card,take away
9820,SUN-32215,2024-11-07,Nasi Goreng Kampung Premium,food,FOD-02,2,32000,64000,missing,take away
9821,SUN-38246,2024-03-10,Cinnamon Roll,desserts,DST-04,missing,35000,105000,cash,missing
9822,SUN-35122,2024-10-31,Hot_Americano,drinks,DRK-02,1,22000,22000,error,dine in
9823,SUN-44721,2024-01-26,Mineral_Water,drinks,error,2,26000,52000,credit card,online shop
9824,SUN-32640,2024-06-18,Matcha_Berry_Latte,drinks,DRK-03,3,28000,84000,cash,dine in
9825,SUN-37063,2024-06-13,Tiramisu Tres Leches,desserts,DST-05,4,nan,88000,cash,nan
9826,SUN-35551,2024-10-28,Iced_Aren_Latte,drinks,DRK-01,2,25000,50000,digital wallet,unknown
9827,SUN-31867,2024-09-22,Strawberry_Mojito_Mocktail,drinks,DRK-06,1,27000,27000,digital wallet,take away
9828,SUN-32639,2024-06-13,Butter Croissant,desserts,DST-01,nan,45000,nan,nan,online shop
9829,SUN-41885,nan,Mineral_Water,drinks,DRK-07,4,26000,104000,cash,error
9830,SUN-39344,2024-07-22,Butter Croissant,error,DST-01,2,error,nan,credit card,nan
9831,SUN-47902,2024-04-06,Strawberry_Mojito_Mocktail,drinks,DRK-06,1,27000,27000,digital wallet,dine in
9832,SUN-39820,2024-07-28,Grilled Chicken Mentai Rice,food,FOD-04,4,42000,nan,digital wallet,take away
9833,SUN-45537,2024-05-02,Fudgy Brownie With Ice Cream,desserts,DST-02,4,18000,72000,credit card,take away
9834,SUN-43334,2024-09-11,Nasi Goreng Kampung Premium,food,FOD-02,2,32000,64000,credit card,take away
9835,SUN-39286,2024-08-19,Truffle Fries & Sausage,food,FOD-01,unknown,10000,20000,cash,online shop
9836,SUN-47233,2024-11-09,Mineral_Water,drinks,nan,4,26000,104000,cash,online shop
9837,SUN-38243,2024-02-14,Earl_Grey_Milk_Tea,drinks,DRK-04,4,24000,missing,cash,unknown
9838,error,2024-04-15,Lotus Biscoff Cheesecake,error,DST-03,3,unknown,75000,credit card,take away
9839,SUN-45301,2024-10-24,Grilled Chicken Mentai Rice,food,FOD-04,1,42000,nan,cash,take away
9840,SUN-40327,2024-05-19,Creamy Spaghetti Carbonara,food,FOD-03,1,38000,38000,error,dine in
9841,SUN-43186,2024-06-07,error,food,FOD-05,1,40000,40000,cash,take away
9842,SUN-31729,2024-10-10,Cinnamon Roll,desserts,DST-04,3,35000,105000,cash,dine in
9843,SUN-40967,2024-02-02,Tiramisu Tres Leches,desserts,DST-05,1,22000,22000,digital wallet,take away
9844,unknown,2024-03-02,Creamy Spaghetti Carbonara,food,FOD-03,2,38000,76000,credit card,online shop
9845,SUN-40548,2024-03-25,Matcha_Berry_Latte,unknown,DRK-03,2,28000,56000,credit card,dine in
9846,SUN-46018,2024-07-12,missing,desserts,DST-04,3,nan,105000,digital wallet,dine in
9847,SUN-30206,2024-01-25,Creamy Spaghetti Carbonara,food,FOD-03,error,38000,152000,cash,take away
9848,SUN-45546,2024-06-24,Fudgy Brownie With Ice Cream,desserts,DST-02,1,18000,18000,digital wallet,dine in
9849,SUN-37654,2024-06-29,Lotus Biscoff Cheesecake,desserts,DST-03,1,unknown,25000,credit card,online shop
9850,unknown,2024-09-12,Creamy Spaghetti Carbonara,food,FOD-03,1,38000,38000,digital wallet,take away
9851,SUN-44436,2024-05-24,Creamy Spaghetti Carbonara,food,FOD-03,1,38000,38000,cash,online shop
9852,SUN-43661,2024-10-09,Strawberry_Mojito_Mocktail,drinks,DRK-06,2,27000,54000,cash,online shop
9853,SUN-34629,2024-05-02,missing,drinks,DRK-05,3,error,72000,credit card,online shop
9854,SUN-30259,2024-09-17,Strawberry_Mojito_Mocktail,drinks,DRK-06,3,error,81000,credit card,online shop
9855,SUN-39373,2024-11-03,Cinnamon Roll,desserts,DST-04,3,35000,105000,nan,dine in
9856,SUN-41825,2024-06-14,Strawberry_Mojito_Mocktail,drinks,DRK-06,4,27000,108000,cash,missing
9857,SUN-35675,2024-01-28,Lotus Biscoff Cheesecake,desserts,DST-03,1,nan,25000,cash,take away
9858,SUN-31384,2024-12-23,Classic_Beef_Burger,unknown,FOD-05,2,40000,80000,cash,take away
9859,SUN-40451,2024-07-02,nan,desserts,DST-04,2,35000,70000,cash,take away
9860,SUN-37473,2024-06-02,Tiramisu Tres Leches,desserts,DST-05,missing,22000,nan,cash,take away
9861,SUN-42925,2024-07-03,Lemonade_Espresso_Tonic,drinks,DRK-05,4,24000,96000,credit card,take away
9862,SUN-47980,2024-04-17,Truffle Fries & Sausage,food,FOD-01,2,10000,20000,digital wallet,error
9863,SUN-43939,2024-11-09,Mineral_Water,drinks,DRK-07,3,26000,78000,credit card,take away
9864,SUN-31947,2024-09-09,Iced_Aren_Latte,drinks,DRK-01,3,25000,75000,digital wallet,dine in
9865,SUN-49214,2024-04-17,Butter Croissant,desserts,DST-01,4,45000,180000,cash,unknown
9866,SUN-35098,2024-12-20,Creamy Spaghetti Carbonara,food,missing,4,38000,152000,credit card,take away
9867,error,2024-03-18,Lotus Biscoff Cheesecake,desserts,DST-03,4,25000,100000,digital wallet,take away
9868,missing,2024-05-06,Earl_Grey_Milk_Tea,nan,DRK-04,2,24000,nan,unknown,take away
9869,SUN-35440,2024-08-29,Mineral_Water,drinks,DRK-07,3,26000,78000,cash,missing
9870,SUN-49275,2024-12-10,Creamy Spaghetti Carbonara,food,FOD-03,4,38000,152000,credit card,error
9871,SUN-32499,2024-03-27,Strawberry_Mojito_Mocktail,error,DRK-06,4,27000,108000,missing,online shop
9872,SUN-39760,2024-10-22,Butter Croissant,desserts,unknown,4,45000,180000,cash,dine in
9873,SUN-48378,2024-01-10,Strawberry_Mojito_Mocktail,drinks,DRK-06,1,27000,27000,credit card,take away
9874,SUN-49319,2024-10-25,Lotus Biscoff Cheesecake,desserts,DST-03,1,25000,25000,digital wallet,take away
9875,SUN-45337,2024-01-29,Truffle Fries & Sausage,error,FOD-01,unknown,10000,20000,cash,missing
9876,SUN-45927,2024-10-31,Strawberry_Mojito_Mocktail,drinks,DRK-06,1,27000,27000,credit card,unknown
9877,SUN-41254,2024-02-09,Hot_Americano,drinks,DRK-02,4,22000,88000,credit card,dine in
9878,nan,2024-06-24,unknown,desserts,DST-04,1,35000,35000,cash,online shop
9879,nan,2024-07-08,Creamy Spaghetti Carbonara,food,FOD-03,2,38000,76000,error,dine in
9880,SUN-48245,2024-11-19,Hot_Americano,unknown,DRK-02,4,nan,88000,credit card,take away
9881,SUN-37787,2024-07-31,Nasi Goreng Kampung Premium,food,FOD-02,2,32000,64000,digital wallet,online shop
9882,SUN-42216,2024-03-22,Tiramisu Tres Leches,desserts,DST-05,4,22000,88000,cash,take away
9883,SUN-32246,2024-10-21,Classic_Beef_Burger,food,FOD-05,3,40000,unknown,digital wallet,dine in
9884,SUN-45039,2024-10-22,error,drinks,nan,4,27000,108000,digital wallet,online shop
9885,SUN-38697,2024-10-22,Nasi Goreng Kampung Premium,unknown,FOD-02,1,32000,32000,nan,take away
9886,SUN-43097,2024-02-05,Matcha_Berry_Latte,drinks,DRK-03,2,28000,unknown,cash,dine in
9887,SUN-43452,2024-01-16,Fudgy Brownie With Ice Cream,desserts,DST-02,3,18000,54000,digital wallet,nan
9888,SUN-45189,2024-07-13,Grilled Chicken Mentai Rice,nan,missing,1,42000,unknown,nan,online shop
9889,SUN-42478,2024-04-28,Grilled Chicken Mentai Rice,nan,FOD-04,2,nan,84000,cash,error
9890,SUN-35735,2024-10-18,Fudgy Brownie With Ice Cream,desserts,DST-02,1,18000,error,digital wallet,dine in
9891,SUN-40357,2024-05-09,missing,food,FOD-01,unknown,10000,40000,digital wallet,nan
9892,SUN-43228,2024-08-09,Grilled Chicken Mentai Rice,missing,FOD-04,3,42000,126000,nan,take away
9893,SUN-36718,2024-03-03,Classic_Beef_Burger,food,FOD-05,2,40000,missing,digital wallet,online shop
9894,missing,2024-12-31,missing,food,FOD-03,unknown,38000,76000,digital wallet,online shop
9895,SUN-39765,2024-10-11,Classic_Beef_Burger,food,FOD-05,1,40000,40000,error,dine in
9896,SUN-33770,2024-07-02,missing,desserts,DST-04,4,35000,140000,error,dine in
9897,SUN-30946,2024-06-14,Classic_Beef_Burger,food,FOD-05,4,40000,error,credit card,online shop
9898,SUN-40263,2024-01-11,Matcha_Berry_Latte,drinks,DRK-03,2,28000,56000,cash,take away
9899,SUN-31049,2024-02-01,Mineral_Water,drinks,DRK-07,3,26000,78000,cash,online shop
9900,SUN-40719,2024-11-16,Earl_Grey_Milk_Tea,drinks,DRK-04,2,24000,unknown,cash,dine in
9901,SUN-44051,2024-09-25,Grilled Chicken Mentai Rice,food,FOD-04,4,42000,168000,credit card,take away
9902,SUN-34916,2024-07-09,Fudgy Brownie With Ice Cream,desserts,DST-02,2,18000,36000,cash,dine in
9903,SUN-33481,2024-09-14,Cinnamon Roll,nan,DST-04,4,35000,error,digital wallet,take away
9904,SUN-36605,2024-12-08,Cinnamon Roll,desserts,DST-04,1,35000,35000,cash,online shop
9905,SUN-43955,2024-05-07,unknown,drinks,DRK-04,3,24000,72000,digital wallet,online shop
9906,SUN-49732,2024-04-27,Nasi Goreng Kampung Premium,food,FOD-02,1,32000,32000,digital wallet,error
9907,SUN-31330,2024-09-09,Truffle Fries & Sausage,food,FOD-01,4,10000,40000,digital wallet,online shop
9908,SUN-49604,2024-05-15,Nasi Goreng Kampung Premium,food,FOD-02,3,32000,error,credit card,online shop
9909,SUN-47794,2024-01-24,Tiramisu Tres Leches,desserts,missing,1,22000,missing,cash,nan
9910,SUN-42251,2024-01-11,Grilled Chicken Mentai Rice,error,FOD-04,3,missing,126000,digital wallet,take away
9911,SUN-46081,2024-02-07,Classic_Beef_Burger,food,FOD-05,4,40000,160000,nan,take away
9912,SUN-38909,2024-12-03,error,desserts,DST-03,3,nan,75000,credit card,take away
9913,SUN-37786,2024-08-07,Tiramisu Tres Leches,desserts,DST-05,error,22000,88000,credit card,dine in
9914,SUN-40759,2024-06-27,Cinnamon Roll,desserts,DST-04,2,35000,70000,error,error
9915,SUN-49123,2024-02-02,Iced_Aren_Latte,drinks,DRK-01,error,25000,50000,credit card,dine in
9916,SUN-33993,2024-10-01,Creamy Spaghetti Carbonara,food,nan,1,38000,38000,credit card,dine in
9917,error,2024-08-09,Lotus Biscoff Cheesecake,nan,DST-03,1,25000,missing,digital wallet,online shop
9918,missing,2024-06-18,error,food,FOD-01,3,10000,30000,credit card,online shop
9919,SUN-49717,2024-06-26,Mineral_Water,drinks,DRK-07,2,26000,52000,digital wallet,dine in
9920,SUN-42387,2024-02-05,Nasi Goreng Kampung Premium,food,FOD-02,2,32000,error,digital wallet,take away
9921,SUN-43995,2024-11-05,Strawberry_Mojito_Mocktail,drinks,DRK-06,2,27000,54000,digital wallet,take away
9922,SUN-31622,2024-04-27,Fudgy Brownie With Ice Cream,desserts,DST-02,1,18000,18000,digital wallet,online shop
9923,SUN-41479,2024-01-03,Creamy Spaghetti Carbonara,food,missing,3,38000,114000,cash,error
9924,SUN-48525,2024-11-12,unknown,food,FOD-05,1,40000,40000,digital wallet,online shop
9925,SUN-36965,2024-02-04,Mineral_Water,error,DRK-07,4,nan,104000,nan,take away
9926,nan,2024-12-19,Iced_Aren_Latte,drinks,DRK-01,1,25000,25000,cash,online shop
9927,SUN-30679,2024-03-13,Nasi Goreng Kampung Premium,food,FOD-02,2,32000,64000,error,dine in
9928,SUN-35924,2024-08-13,Matcha_Berry_Latte,drinks,DRK-03,3,28000,84000,credit card,take away
9929,SUN-36989,2024-04-15,Truffle Fries & Sausage,food,FOD-01,nan,10000,missing,cash,take away
9930,missing,2024-02-22,missing,missing,FOD-04,1,42000,42000,credit card,online shop
9931,SUN-43432,2024-12-30,Matcha_Berry_Latte,drinks,DRK-03,3,28000,unknown,credit card,missing
9932,SUN-42875,2024-04-15,Matcha_Berry_Latte,drinks,DRK-03,3,unknown,84000,credit card,take away
9933,SUN-45207,2024-01-10,unknown,desserts,DST-04,1,missing,35000,cash,dine in
9934,SUN-35086,2024-01-28,Strawberry_Mojito_Mocktail,drinks,DRK-06,1,27000,27000,digital wallet,take away
9935,unknown,2024-09-24,Nasi Goreng Kampung Premium,food,FOD-02,3,32000,96000,error,take away
9936,SUN-34159,2024-08-02,Iced_Aren_Latte,drinks,DRK-01,error,25000,25000,cash,dine in
9937,SUN-35888,2024-02-15,Hot_Americano,drinks,DRK-02,3,22000,66000,cash,take away
9938,SUN-33440,2024-01-20,Strawberry_Mojito_Mocktail,drinks,DRK-06,3,27000,missing,cash,online shop
9939,SUN-30236,2024-03-15,unknown,desserts,DST-02,2,18000,36000,credit card,dine in
9940,SUN-38479,2024-11-12,Butter Croissant,desserts,DST-01,unknown,45000,90000,credit card,online shop
9941,SUN-49800,2024-02-12,Classic_Beef_Burger,food,nan,missing,40000,40000,digital wallet,online shop
9942,SUN-39225,2024-05-05,Mineral_Water,drinks,missing,1,26000,26000,error,take away
9943,SUN-34082,2024-05-21,Classic_Beef_Burger,food,FOD-05,1,40000,40000,unknown,dine in
9944,SUN-41906,2024-12-08,missing,drinks,DRK-03,unknown,28000,84000,nan,dine in
9945,SUN-31917,2024-04-24,Iced_Aren_Latte,drinks,DRK-01,unknown,25000,100000,digital wallet,dine in
9946,SUN-36851,2024-10-28,Cinnamon Roll,desserts,DST-04,1,35000,35000,digital wallet,take away
9947,SUN-45047,2024-02-11,Strawberry_Mojito_Mocktail,missing,DRK-06,2,27000,54000,credit card,dine in
9948,SUN-37181,2024-10-23,Mineral_Water,drinks,DRK-07,4,26000,104000,digital wallet,dine in
9949,SUN-32642,2024-10-29,Iced_Aren_Latte,drinks,error,3,25000,75000,digital wallet,dine in
9950,SUN-40175,2024-02-03,error,food,FOD-04,4,unknown,168000,nan,online shop
9951,SUN-36480,2024-11-15,Lotus Biscoff Cheesecake,nan,DST-03,3,25000,75000,cash,online shop
9952,SUN-36900,2024-07-23,Truffle Fries & Sausage,food,missing,3,10000,30000,cash,dine in
9953,SUN-47086,2024-05-28,Cinnamon Roll,desserts,DST-04,1,35000,35000,credit card,take away
9954,SUN-39364,2024-11-11,missing,drinks,DRK-06,4,27000,error,digital wallet,nan
9955,SUN-49050,2024-02-24,Grilled Chicken Mentai Rice,nan,FOD-04,1,42000,42000,digital wallet,online shop
9956,SUN-43972,2024-09-15,Cinnamon Roll,desserts,nan,1,35000,35000,nan,online shop
9957,SUN-36131,2024-01-15,Classic_Beef_Burger,food,FOD-05,4,40000,160000,missing,take away
9958,SUN-39974,2024-01-26,Strawberry_Mojito_Mocktail,drinks,DRK-06,1,27000,27000,cash,dine in
9959,SUN-33917,2024-03-11,Cinnamon Roll,desserts,DST-04,2,35000,70000,credit card,take away
9960,SUN-46593,2024-06-23,unknown,drinks,DRK-03,2,28000,missing,cash,dine in
9961,SUN-34778,2024-09-26,Butter Croissant,desserts,DST-01,1,45000,45000,error,online shop
9962,SUN-46754,2024-01-18,Iced_Aren_Latte,drinks,nan,2,25000,50000,unknown,online shop
9963,SUN-45719,2024-11-29,missing,error,DRK-06,4,27000,108000,credit card,take away
9964,SUN-48248,2024-03-06,Fudgy Brownie With Ice Cream,desserts,DST-02,2,18000,nan,cash,dine in
9965,SUN-34463,2024-05-23,Hot_Americano,missing,DRK-02,2,22000,44000,cash,online shop
9966,error,2024-11-16,Cinnamon Roll,desserts,DST-04,3,35000,105000,digital wallet,online shop
9967,SUN-34473,2024-08-02,Lotus Biscoff Cheesecake,desserts,missing,1,25000,25000,digital wallet,dine in
9968,SUN-35059,2024-10-04,Fudgy Brownie With Ice Cream,desserts,DST-02,2,18000,36000,credit card,online shop
9969,SUN-45423,2024-09-16,Mineral_Water,drinks,DRK-07,3,26000,78000,error,dine in
9970,SUN-30306,2024-08-16,missing,desserts,DST-05,4,22000,88000,credit card,take away
9971,SUN-47425,2024-06-27,error,drinks,DRK-04,2,24000,48000,cash,error
9972,SUN-48670,2024-01-01,Creamy Spaghetti Carbonara,food,FOD-03,1,38000,38000,nan,dine in
9973,SUN-33564,2024-08-29,Strawberry_Mojito_Mocktail,drinks,DRK-06,1,27000,27000,credit card,dine in
9974,SUN-30862,2024-12-09,Iced_Aren_Latte,drinks,DRK-01,4,25000,100000,digital wallet,unknown
9975,SUN-31616,2024-06-20,Butter Croissant,desserts,DST-01,2,45000,90000,cash,online shop
9976,SUN-38218,2024-05-14,Grilled Chicken Mentai Rice,food,FOD-04,4,42000,168000,unknown,missing
9977,SUN-34780,2024-08-16,Lotus Biscoff Cheesecake,desserts,missing,3,25000,75000,digital wallet,online shop
9978,SUN-43383,2024-05-13,missing,drinks,DRK-04,3,24000,unknown,nan,dine in
9979,SUN-31886,2024-02-13,Creamy Spaghetti Carbonara,food,FOD-03,2,38000,unknown,credit card,online shop
9980,SUN-34485,2024-09-21,Grilled Chicken Mentai Rice,food,FOD-04,3,nan,nan,credit card,online shop
9981,SUN-45789,2024-10-12,Classic_Beef_Burger,food,FOD-05,1,40000,40000,cash,online shop
9982,SUN-49392,2024-04-08,Tiramisu Tres Leches,desserts,DST-05,2,22000,44000,digital wallet,dine in
9983,missing,2024-07-20,Tiramisu Tres Leches,desserts,DST-05,missing,22000,unknown,nan,take away
9984,SUN-37312,2024-06-11,Cinnamon Roll,desserts,DST-04,1,35000,35000,digital wallet,take away
9985,SUN-49568,2024-03-15,Mineral_Water,drinks,DRK-07,2,26000,52000,cash,take away
9986,SUN-32639,2024-06-18,Lemonade_Espresso_Tonic,drinks,DRK-05,2,24000,48000,digital wallet,take away
9987,SUN-42904,2024-06-08,Fudgy Brownie With Ice Cream,desserts,DST-02,1,18000,18000,digital wallet,take away
9988,SUN-43564,2024-02-18,Nasi Goreng Kampung Premium,food,FOD-02,3,nan,96000,credit card,missing
9989,SUN-38565,2024-10-11,Iced_Aren_Latte,drinks,DRK-01,3,unknown,error,nan,error
9990,SUN-30680,2024-10-19,Iced_Aren_Latte,drinks,DRK-01,3,25000,75000,missing,take away
9991,SUN-40152,2024-06-13,Iced_Aren_Latte,drinks,DRK-01,2,25000,50000,digital wallet,online shop
9992,SUN-48927,2024-08-15,Strawberry_Mojito_Mocktail,drinks,DRK-06,3,27000,81000,credit card,dine in
9993,SUN-46560,2024-08-19,missing,error,DRK-05,3,24000,72000,credit card,dine in
9994,SUN-48641,2024-03-06,Cinnamon Roll,desserts,DST-04,1,35000,nan,credit card,take away
9995,SUN-48202,2024-02-12,Cinnamon Roll,desserts,DST-04,4,missing,140000,credit card,dine in
9996,SUN-33467,2024-09-13,Nasi Goreng Kampung Premium,food,FOD-02,2,32000,64000,credit card,missing
9997,SUN-35898,2024-04-27,Strawberry_Mojito_Mocktail,drinks,DRK-06,2,27000,54000,digital wallet,dine in
9998,SUN-33455,2024-08-02,Creamy Spaghetti Carbonara,food,FOD-03,3,38000,114000,digital wallet,take away
9999,SUN-37325,2024-06-25,Iced_Aren_Latte,drinks,DRK-01,4,25000,100000,cash,take away
